[04Sep2026 01:47:12.859] [main/INFO] [cpw.mods.modlauncher.Launcher/MODLAUNCHER]: ModLauncher running: args [--launchTarget, forgeserver, --fml.neoForgeVersion, 21.1.238, --fml.fmlVersion, 4.0.43, --fml.mcVersion, 1.21.1, --fml.neoFormVersion, 20240808.144430]
[04Sep2026 01:47:12.861] [main/INFO] [cpw.mods.modlauncher.Launcher/MODLAUNCHER]: JVM identified as Ubuntu OpenJDK 64-Bit Server VM 21.0.12+8-1-24.04-Ubuntu
[04Sep2026 01:47:12.862] [main/INFO] [cpw.mods.modlauncher.Launcher/MODLAUNCHER]: ModLauncher 11.0.5+main.901c6ea8 starting: java version 21.0.12 by Ubuntu; OS Linux arch amd64 version 6.8.0-138-generic
[04Sep2026 01:47:12.879] [main/DEBUG] [cpw.mods.modlauncher.LaunchServiceHandler/MODLAUNCHER]: Found launch services [minecraft,forgeclient,forgedatauserdev,testharness,forgeserverdev,forgeserveruserdev,forgejunitdev,forgeclientdev,forgeclientuserdev,forgeserver,forgejunituserdev,forgedatadev]
[04Sep2026 01:47:12.895] [main/DEBUG] [cpw.mods.modlauncher.LaunchPluginHandler/MODLAUNCHER]: Found launch plugins: [mixin,slf4jfixer,runtime_enum_extender,accesstransformer,runtimedistcleaner]
[04Sep2026 01:47:12.903] [main/DEBUG] [cpw.mods.modlauncher.TransformationServicesHandler/MODLAUNCHER]: Discovering transformation services
[04Sep2026 01:47:12.906] [main/DEBUG] [net.neoforged.fml.loading.FMLPaths/CORE]: Path GAMEDIR is /home/ms33/servidor_neo
[04Sep2026 01:47:12.906] [main/DEBUG] [net.neoforged.fml.loading.FMLPaths/CORE]: Path MODSDIR is /home/ms33/servidor_neo/mods
[04Sep2026 01:47:12.906] [main/DEBUG] [net.neoforged.fml.loading.FMLPaths/CORE]: Path CONFIGDIR is /home/ms33/servidor_neo/config
[04Sep2026 01:47:12.906] [main/DEBUG] [net.neoforged.fml.loading.FMLPaths/CORE]: Path FMLCONFIG is /home/ms33/servidor_neo/config/fml.toml
[04Sep2026 01:47:12.935] [main/TRACE] [net.neoforged.fml.loading.FMLConfig/CORE]: Loaded FML config from /home/ms33/servidor_neo/config/fml.toml
[04Sep2026 01:47:12.935] [main/TRACE] [net.neoforged.fml.loading.FMLConfig/CORE]: FMLConfig disableConfigWatcher is false
[04Sep2026 01:47:12.936] [main/TRACE] [net.neoforged.fml.loading.FMLConfig/CORE]: FMLConfig earlyWindowControl is true
[04Sep2026 01:47:12.936] [main/TRACE] [net.neoforged.fml.loading.FMLConfig/CORE]: FMLConfig maxThreads is 6
[04Sep2026 01:47:12.936] [main/TRACE] [net.neoforged.fml.loading.FMLConfig/CORE]: FMLConfig versionCheck is true
[04Sep2026 01:47:12.936] [main/TRACE] [net.neoforged.fml.loading.FMLConfig/CORE]: FMLConfig defaultConfigPath is defaultconfigs
[04Sep2026 01:47:12.936] [main/TRACE] [net.neoforged.fml.loading.FMLConfig/CORE]: FMLConfig disableOptimizedDFU is true
[04Sep2026 01:47:12.936] [main/TRACE] [net.neoforged.fml.loading.FMLConfig/CORE]: FMLConfig earlyWindowProvider is fmlearlywindow
[04Sep2026 01:47:12.936] [main/TRACE] [net.neoforged.fml.loading.FMLConfig/CORE]: FMLConfig earlyWindowWidth is 854
[04Sep2026 01:47:12.936] [main/TRACE] [net.neoforged.fml.loading.FMLConfig/CORE]: FMLConfig earlyWindowHeight is 480
[04Sep2026 01:47:12.936] [main/TRACE] [net.neoforged.fml.loading.FMLConfig/CORE]: FMLConfig earlyWindowFBScale is 1
[04Sep2026 01:47:12.936] [main/TRACE] [net.neoforged.fml.loading.FMLConfig/CORE]: FMLConfig earlyWindowMaximized is false
[04Sep2026 01:47:12.936] [main/TRACE] [net.neoforged.fml.loading.FMLConfig/CORE]: FMLConfig earlyWindowSkipGLVersions is []
[04Sep2026 01:47:12.936] [main/TRACE] [net.neoforged.fml.loading.FMLConfig/CORE]: FMLConfig earlyWindowSquir is false
[04Sep2026 01:47:12.996] [main/DEBUG] [cpw.mods.modlauncher.TransformationServicesHandler/MODLAUNCHER]: Found additional transformation services from discovery services: 
[04Sep2026 01:47:13.000] [main/INFO] [net.neoforged.fml.loading.ImmediateWindowHandler/]: ImmediateWindowProvider not loading because launch target is forgeserver
[04Sep2026 01:47:13.006] [main/DEBUG] [cpw.mods.modlauncher.TransformationServicesHandler/MODLAUNCHER]: Found transformer services : [mixin,fml]
[04Sep2026 01:47:13.006] [main/DEBUG] [cpw.mods.modlauncher.TransformationServicesHandler/MODLAUNCHER]: Transformation services loading
[04Sep2026 01:47:13.006] [main/DEBUG] [cpw.mods.modlauncher.TransformationServiceDecorator/MODLAUNCHER]: Loading service mixin
[04Sep2026 01:47:13.006] [main/DEBUG] [cpw.mods.modlauncher.TransformationServiceDecorator/MODLAUNCHER]: Loaded service mixin
[04Sep2026 01:47:13.006] [main/DEBUG] [cpw.mods.modlauncher.TransformationServiceDecorator/MODLAUNCHER]: Loading service fml
[04Sep2026 01:47:13.007] [main/DEBUG] [net.neoforged.fml.loading.FMLLoader/CORE]: FML 4.0.43 loading
[04Sep2026 01:47:13.007] [main/DEBUG] [net.neoforged.fml.loading.FMLLoader/CORE]: FML found ModLauncher version : 11.0.5+main.901c6ea8
[04Sep2026 01:47:13.007] [main/DEBUG] [net.neoforged.fml.loading.FMLLoader/CORE]: FML found AccessTransformer version : 10.0.1+139da711
[04Sep2026 01:47:13.008] [main/DEBUG] [net.neoforged.fml.loading.FMLLoader/CORE]: FML found EventBus version : null
[04Sep2026 01:47:13.008] [main/DEBUG] [net.neoforged.fml.loading.FMLLoader/CORE]: Found Runtime Dist Cleaner
[04Sep2026 01:47:13.008] [main/DEBUG] [cpw.mods.modlauncher.TransformationServiceDecorator/MODLAUNCHER]: Loaded service fml
[04Sep2026 01:47:13.008] [main/DEBUG] [cpw.mods.modlauncher.TransformationServicesHandler/MODLAUNCHER]: Configuring option handling for services
[04Sep2026 01:47:13.020] [main/DEBUG] [net.neoforged.fml.loading.FMLServiceProvider/CORE]: Received command line version data  : VersionInfo[neoForgeVersion=21.1.238, fmlVersion=4.0.43, mcVersion=1.21.1, neoFormVersion=20240808.144430]
[04Sep2026 01:47:13.020] [main/DEBUG] [cpw.mods.modlauncher.TransformationServicesHandler/MODLAUNCHER]: Transformation services initializing
[04Sep2026 01:47:13.021] [main/DEBUG] [cpw.mods.modlauncher.TransformationServiceDecorator/MODLAUNCHER]: Initializing transformation service mixin
[04Sep2026 01:47:13.029] [main/DEBUG] [mixin/]: MixinService [ModLauncher] was successfully booted in cpw.mods.cl.ModuleClassLoader@59f99ea
[04Sep2026 01:47:13.037] [main/INFO] [mixin/]: SpongePowered MIXIN Subsystem Version=0.8.7 Source=union:/home/ms33/servidor_neo/libraries/net/fabricmc/sponge-mixin/0.15.2+mixin.0.8.7/sponge-mixin-0.15.2+mixin.0.8.7.jar%2373!/ Service=ModLauncher Env=SERVER
[04Sep2026 01:47:13.039] [main/DEBUG] [mixin/]: Initialising Mixin Platform Manager
[04Sep2026 01:47:13.039] [main/DEBUG] [mixin/]: Adding mixin platform agents for container ModLauncher Root Container(ModLauncher:4f56a0a2)
[04Sep2026 01:47:13.040] [main/DEBUG] [mixin/]: Instancing new MixinPlatformAgentMinecraftForge for ModLauncher Root Container(ModLauncher:4f56a0a2)
[04Sep2026 01:47:13.040] [main/DEBUG] [mixin/]: MixinPlatformAgentMinecraftForge rejected container ModLauncher Root Container(ModLauncher:4f56a0a2)
[04Sep2026 01:47:13.040] [main/DEBUG] [mixin/]: Instancing new MixinPlatformAgentDefault for ModLauncher Root Container(ModLauncher:4f56a0a2)
[04Sep2026 01:47:13.041] [main/DEBUG] [mixin/]: MixinPlatformAgentDefault accepted container ModLauncher Root Container(ModLauncher:4f56a0a2)
[04Sep2026 01:47:13.042] [main/DEBUG] [cpw.mods.modlauncher.TransformationServiceDecorator/MODLAUNCHER]: Initialized transformation service mixin
[04Sep2026 01:47:13.042] [main/DEBUG] [cpw.mods.modlauncher.TransformationServiceDecorator/MODLAUNCHER]: Initializing transformation service fml
[04Sep2026 01:47:13.042] [main/DEBUG] [net.neoforged.fml.loading.FMLServiceProvider/CORE]: Setting up basic FML game directories
[04Sep2026 01:47:13.042] [main/DEBUG] [net.neoforged.fml.loading.FMLPaths/CORE]: Path GAMEDIR is /home/ms33/servidor_neo
[04Sep2026 01:47:13.043] [main/DEBUG] [net.neoforged.fml.loading.FMLPaths/CORE]: Path MODSDIR is /home/ms33/servidor_neo/mods
[04Sep2026 01:47:13.043] [main/DEBUG] [net.neoforged.fml.loading.FMLPaths/CORE]: Path CONFIGDIR is /home/ms33/servidor_neo/config
[04Sep2026 01:47:13.043] [main/DEBUG] [net.neoforged.fml.loading.FMLPaths/CORE]: Path FMLCONFIG is /home/ms33/servidor_neo/config/fml.toml
[04Sep2026 01:47:13.043] [main/DEBUG] [net.neoforged.fml.loading.FMLServiceProvider/CORE]: Loading configuration
[04Sep2026 01:47:13.044] [main/TRACE] [net.neoforged.fml.loading.FMLConfig/CORE]: Loaded FML config from /home/ms33/servidor_neo/config/fml.toml
[04Sep2026 01:47:13.044] [main/TRACE] [net.neoforged.fml.loading.FMLConfig/CORE]: FMLConfig disableConfigWatcher is false
[04Sep2026 01:47:13.044] [main/TRACE] [net.neoforged.fml.loading.FMLConfig/CORE]: FMLConfig earlyWindowControl is true
[04Sep2026 01:47:13.044] [main/TRACE] [net.neoforged.fml.loading.FMLConfig/CORE]: FMLConfig maxThreads is 6
[04Sep2026 01:47:13.044] [main/TRACE] [net.neoforged.fml.loading.FMLConfig/CORE]: FMLConfig versionCheck is true
[04Sep2026 01:47:13.044] [main/TRACE] [net.neoforged.fml.loading.FMLConfig/CORE]: FMLConfig defaultConfigPath is defaultconfigs
[04Sep2026 01:47:13.044] [main/TRACE] [net.neoforged.fml.loading.FMLConfig/CORE]: FMLConfig disableOptimizedDFU is true
[04Sep2026 01:47:13.044] [main/TRACE] [net.neoforged.fml.loading.FMLConfig/CORE]: FMLConfig earlyWindowProvider is fmlearlywindow
[04Sep2026 01:47:13.044] [main/TRACE] [net.neoforged.fml.loading.FMLConfig/CORE]: FMLConfig earlyWindowWidth is 854
[04Sep2026 01:47:13.045] [main/TRACE] [net.neoforged.fml.loading.FMLConfig/CORE]: FMLConfig earlyWindowHeight is 480
[04Sep2026 01:47:13.045] [main/TRACE] [net.neoforged.fml.loading.FMLConfig/CORE]: FMLConfig earlyWindowFBScale is 1
[04Sep2026 01:47:13.045] [main/TRACE] [net.neoforged.fml.loading.FMLConfig/CORE]: FMLConfig earlyWindowMaximized is false
[04Sep2026 01:47:13.045] [main/TRACE] [net.neoforged.fml.loading.FMLConfig/CORE]: FMLConfig earlyWindowSkipGLVersions is []
[04Sep2026 01:47:13.045] [main/TRACE] [net.neoforged.fml.loading.FMLConfig/CORE]: FMLConfig earlyWindowSquir is false
[04Sep2026 01:47:13.046] [main/DEBUG] [net.neoforged.fml.loading.LaunchContext/SCAN]: Located paths when launch context was created: [/home/ms33/servidor_neo/libraries/net/neoforged/fancymodloader/earlydisplay/4.0.43/earlydisplay-4.0.43.jar, /home/ms33/servidor_neo/libraries/io/netty/netty-resolver/4.1.97.Final/netty-resolver-4.1.97.Final.jar, /home/ms33/servidor_neo/libraries/org/apache/logging/log4j/log4j-core/2.22.1/log4j-core-2.22.1.jar, /home/ms33/servidor_neo/libraries/com/mojang/logging/1.2.7/logging-1.2.7.jar, /home/ms33/servidor_neo/libraries/org/slf4j/slf4j-api/2.0.9/slf4j-api-2.0.9.jar, /home/ms33/servidor_neo/libraries/org/lz4/lz4-java/1.8.0/lz4-java-1.8.0.jar, /home/ms33/servidor_neo/libraries/com/google/guava/guava/32.1.2-jre/guava-32.1.2-jre.jar, /home/ms33/servidor_neo/libraries/com/google/errorprone/error_prone_annotations/2.18.0/error_prone_annotations-2.18.0.jar, /home/ms33/servidor_neo/libraries/org/apache/logging/log4j/log4j-slf4j2-impl/2.22.1/log4j-slf4j2-impl-2.22.1.jar, /home/ms33/servidor_neo/libraries/org/openjdk/nashorn/nashorn-core/15.4/nashorn-core-15.4.jar, /home/ms33/servidor_neo/libraries/net/minecraftforge/srgutils/0.4.15/srgutils-0.4.15.jar, /home/ms33/servidor_neo/libraries/io/netty/netty-transport-native-epoll/4.1.97.Final/netty-transport-native-epoll-4.1.97.Final-linux-x86_64.jar, /home/ms33/servidor_neo/libraries/io/netty/netty-common/4.1.97.Final/netty-common-4.1.97.Final.jar, /home/ms33/servidor_neo/libraries/net/java/dev/jna/jna-platform/5.14.0/jna-platform-5.14.0.jar, /home/ms33/servidor_neo/libraries/com/github/oshi/oshi-core/6.4.10/oshi-core-6.4.10.jar, /home/ms33/servidor_neo/libraries/com/google/code/findbugs/jsr305/3.0.2/jsr305-3.0.2.jar, /home/ms33/servidor_neo/libraries/com/machinezoo/noexception/noexception/1.7.1/noexception-1.7.1.jar, /home/ms33/servidor_neo/libraries/com/electronwill/night-config/core/3.8.3/core-3.8.3.jar, /home/ms33/servidor_neo/libraries/net/java/dev/jna/jna/5.14.0/jna-5.14.0.jar, /home/ms33/servidor_neo/libraries/com/electronwill/night-config/toml/3.8.3/toml-3.8.3.jar, /home/ms33/servidor_neo/libraries/com/mojang/datafixerupper/8.0.16/datafixerupper-8.0.16.jar, /home/ms33/servidor_neo/libraries/com/google/guava/failureaccess/1.0.1/failureaccess-1.0.1.jar, /home/ms33/servidor_neo/libraries/net/sf/jopt-simple/jopt-simple/5.0.4/jopt-simple-5.0.4.jar, /home/ms33/servidor_neo/libraries/net/neoforged/accesstransformers/at-modlauncher/10.0.1/at-modlauncher-10.0.1.jar, /home/ms33/servidor_neo/libraries/com/mojang/authlib/6.0.54/authlib-6.0.54.jar, /home/ms33/servidor_neo/libraries/com/google/j2objc/j2objc-annotations/2.8/j2objc-annotations-2.8.jar, /home/ms33/servidor_neo/libraries/org/codehaus/plexus/plexus-utils/3.3.0/plexus-utils-3.3.0.jar, /home/ms33/servidor_neo/libraries/commons-io/commons-io/2.15.1/commons-io-2.15.1.jar, /home/ms33/servidor_neo/libraries/org/antlr/antlr4-runtime/4.13.1/antlr4-runtime-4.13.1.jar, /home/ms33/servidor_neo/libraries/io/netty/netty-codec/4.1.97.Final/netty-codec-4.1.97.Final.jar, /home/ms33/servidor_neo/libraries/net/neoforged/JarJarMetadata/0.4.1/JarJarMetadata-0.4.1.jar, /home/ms33/servidor_neo/libraries/net/neoforged/fancymodloader/loader/4.0.43/loader-4.0.43.jar, /home/ms33/servidor_neo/libraries/net/neoforged/accesstransformers/10.0.1/accesstransformers-10.0.1.jar, /home/ms33/servidor_neo/libraries/net/neoforged/bus/8.0.5/bus-8.0.5.jar, /home/ms33/servidor_neo/libraries/org/joml/joml/1.10.5/joml-1.10.5.jar, /home/ms33/servidor_neo/libraries/com/mojang/brigadier/1.3.10/brigadier-1.3.10.jar, /home/ms33/servidor_neo/libraries/io/netty/netty-handler/4.1.97.Final/netty-handler-4.1.97.Final.jar, /home/ms33/servidor_neo/libraries/io/netty/netty-transport-classes-epoll/4.1.97.Final/netty-transport-classes-epoll-4.1.97.Final.jar, /home/ms33/servidor_neo/libraries/com/google/code/gson/gson/2.10.1/gson-2.10.1.jar, /home/ms33/servidor_neo/libraries/org/jline/jline-reader/3.20.0/jline-reader-3.20.0.jar, /home/ms33/servidor_neo/libraries/org/checkerframework/checker-qual/3.33.0/checker-qual-3.33.0.jar, /home/ms33/servidor_neo/libraries/it/unimi/dsi/fastutil/8.5.12/fastutil-8.5.12.jar, /home/ms33/servidor_neo/libraries/net/neoforged/coremods/7.0.3/coremods-7.0.3.jar, /home/ms33/servidor_neo/libraries/org/apache/logging/log4j/log4j-api/2.22.1/log4j-api-2.22.1.jar, /home/ms33/servidor_neo/libraries/net/jodah/typetools/0.6.3/typetools-0.6.3.jar, /home/ms33/servidor_neo/libraries/org/apache/commons/commons-lang3/3.14.0/commons-lang3-3.14.0.jar, /home/ms33/servidor_neo/libraries/net/minecrell/terminalconsoleappender/1.3.0/terminalconsoleappender-1.3.0.jar, /home/ms33/servidor_neo/libraries/org/jline/jline-terminal/3.20.0/jline-terminal-3.20.0.jar, /home/ms33/servidor_neo/libraries/org/apache/maven/maven-artifact/3.8.5/maven-artifact-3.8.5.jar, /home/ms33/servidor_neo/libraries/net/neoforged/JarJarSelector/0.4.1/JarJarSelector-0.4.1.jar, /home/ms33/servidor_neo/libraries/io/netty/netty-transport-native-unix-common/4.1.97.Final/netty-transport-native-unix-common-4.1.97.Final.jar, /home/ms33/servidor_neo/libraries/net/neoforged/mergetool/2.0.0/mergetool-2.0.0-api.jar, /home/ms33/servidor_neo/libraries/io/netty/netty-transport-native-epoll/4.1.97.Final/netty-transport-native-epoll-4.1.97.Final-linux-aarch_64.jar, /home/ms33/servidor_neo/libraries/net/fabricmc/sponge-mixin/0.15.2+mixin.0.8.7/sponge-mixin-0.15.2+mixin.0.8.7.jar, /home/ms33/servidor_neo/libraries/cpw/mods/modlauncher/11.0.5/modlauncher-11.0.5.jar, /home/ms33/servidor_neo/libraries/io/netty/netty-buffer/4.1.97.Final/netty-buffer-4.1.97.Final.jar, /home/ms33/servidor_neo/libraries/com/google/guava/listenablefuture/9999.0-empty-to-avoid-conflict-with-guava/listenablefuture-9999.0-empty-to-avoid-conflict-with-guava.jar, /home/ms33/servidor_neo/libraries/io/netty/netty-transport/4.1.97.Final/netty-transport-4.1.97.Final.jar]
[04Sep2026 01:47:13.047] [main/DEBUG] [net.neoforged.fml.loading.FMLServiceProvider/CORE]: Preparing launch handler
[04Sep2026 01:47:13.047] [main/DEBUG] [net.neoforged.fml.loading.FMLLoader/CORE]: Using forgeserver as launch service
[04Sep2026 01:47:13.047] [main/DEBUG] [net.neoforged.fml.common.asm.RuntimeDistCleaner/DISTXFORM]: Configuring for Dist DEDICATED_SERVER
[04Sep2026 01:47:13.049] [main/DEBUG] [cpw.mods.modlauncher.TransformationServiceDecorator/MODLAUNCHER]: Initialized transformation service fml
[04Sep2026 01:47:13.049] [main/DEBUG] [cpw.mods.modlauncher.TransformationServicesHandler/MODLAUNCHER]: Transformation services begin scanning
[04Sep2026 01:47:13.049] [main/DEBUG] [cpw.mods.modlauncher.TransformationServiceDecorator/MODLAUNCHER]: Beginning scan trigger - transformation service mixin
[04Sep2026 01:47:13.049] [main/DEBUG] [cpw.mods.modlauncher.TransformationServiceDecorator/MODLAUNCHER]: End scan trigger - transformation service mixin
[04Sep2026 01:47:13.049] [main/DEBUG] [cpw.mods.modlauncher.TransformationServiceDecorator/MODLAUNCHER]: Beginning scan trigger - transformation service fml
[04Sep2026 01:47:13.049] [main/DEBUG] [net.neoforged.fml.loading.FMLServiceProvider/CORE]: Initiating mod scan
[04Sep2026 01:47:13.061] [main/DEBUG] [net.neoforged.fml.util.ServiceLoaderUtil/CORE]: Found 4 implementations of IModFileCandidateLocator:
[04Sep2026 01:47:13.062] [main/DEBUG] [net.neoforged.fml.util.ServiceLoaderUtil/CORE]: 	    1000 - [built-in] net.neoforged.fml.loading.moddiscovery.locators.ProductionServerProvider from loader-4.0.43.jar
[04Sep2026 01:47:13.064] [main/DEBUG] [net.neoforged.fml.util.ServiceLoaderUtil/CORE]: 	    1000 - [built-in] net.neoforged.fml.loading.moddiscovery.locators.PathBasedLocator from loader-4.0.43.jar
[04Sep2026 01:47:13.064] [main/DEBUG] [net.neoforged.fml.util.ServiceLoaderUtil/CORE]: 	       0 - net.neoforged.fml.loading.moddiscovery.locators.ModsFolderLocator from loader-4.0.43.jar
[04Sep2026 01:47:13.064] [main/DEBUG] [net.neoforged.fml.util.ServiceLoaderUtil/CORE]: 	       0 - net.neoforged.fml.loading.moddiscovery.locators.MavenDirectoryLocator from loader-4.0.43.jar
[04Sep2026 01:47:13.065] [main/DEBUG] [net.neoforged.fml.util.ServiceLoaderUtil/CORE]: Found 2 implementations of IModFileReader:
[04Sep2026 01:47:13.066] [main/DEBUG] [net.neoforged.fml.util.ServiceLoaderUtil/CORE]: 	       0 - net.neoforged.fml.loading.moddiscovery.readers.JarModsDotTomlModFileReader from loader-4.0.43.jar
[04Sep2026 01:47:13.066] [main/DEBUG] [net.neoforged.fml.util.ServiceLoaderUtil/CORE]: 	   -1000 - net.neoforged.fml.loading.moddiscovery.readers.NestedLibraryModReader from loader-4.0.43.jar
[04Sep2026 01:47:13.067] [main/DEBUG] [net.neoforged.fml.util.ServiceLoaderUtil/CORE]: Found 1 implementations of IDependencyLocator:
[04Sep2026 01:47:13.067] [main/DEBUG] [net.neoforged.fml.util.ServiceLoaderUtil/CORE]: 	       0 - net.neoforged.fml.loading.moddiscovery.locators.JarInJarDependencyLocator from loader-4.0.43.jar
[04Sep2026 01:47:13.067] [main/DEBUG] [net.neoforged.fml.loading.moddiscovery.ModDiscoverer/SCAN]: Scanning for mods and other resources to load. We know 4 ways to find mods
[04Sep2026 01:47:13.067] [main/DEBUG] [net.neoforged.fml.loading.moddiscovery.ModDiscoverer/SCAN]: Trying locator production server provider +net.neoforged:neoforge:21.1.238:server
[04Sep2026 01:47:13.222] [main/DEBUG] [net.neoforged.fml.loading.moddiscovery.ModFileInfo/LOADING]: Found valid mod file server-1.21.1-20240808.144430-srg.jar with {minecraft} mods - versions {1.21.1}
[04Sep2026 01:47:13.223] [main/INFO] [net.neoforged.fml.loading.moddiscovery.ModDiscoverer/SCAN]: Found mod file "server-1.21.1-20240808.144430-srg.jar" [locator: production server provider +net.neoforged:neoforge:21.1.238:server]
[04Sep2026 01:47:13.223] [main/DEBUG] [net.neoforged.fml.loading.moddiscovery.ModDiscoverer/SCAN]: Locator production server provider +net.neoforged:neoforge:21.1.238:server found 1 mods, 0 warnings, 0 errors and skipped 0 candidates
[04Sep2026 01:47:13.224] [main/DEBUG] [net.neoforged.fml.loading.moddiscovery.ModDiscoverer/SCAN]: Trying locator PathBasedLocator[name=neoforge, paths=[libraries/net/neoforged/neoforge/21.1.238/neoforge-21.1.238-universal.jar]]
[04Sep2026 01:47:13.226] [main/DEBUG] [net.neoforged.fml.loading.moddiscovery.readers.JarModsDotTomlModFileReader/SCAN]: Found META-INF/neoforge.mods.toml mod of type null: /home/ms33/servidor_neo/libraries/net/neoforged/neoforge/21.1.238/neoforge-21.1.238-universal.jar
[04Sep2026 01:47:13.227] [main/DEBUG] [net.neoforged.fml.loading.moddiscovery.ModFileParser/LOADING]: Considering mod file candidate /home/ms33/servidor_neo/libraries/net/neoforged/neoforge/21.1.238/neoforge-21.1.238-universal.jar
[04Sep2026 01:47:13.239] [main/DEBUG] [net.neoforged.fml.loading.moddiscovery.ModFileInfo/LOADING]: Found valid mod file neoforge-21.1.238-universal.jar with {neoforge} mods - versions {21.1.238}
[04Sep2026 01:47:13.240] [main/INFO] [net.neoforged.fml.loading.moddiscovery.ModDiscoverer/SCAN]: Found mod file "neoforge-21.1.238-universal.jar" [locator: PathBasedLocator[name=neoforge, paths=[libraries/net/neoforged/neoforge/21.1.238/neoforge-21.1.238-universal.jar]], reader: mod manifest]
[04Sep2026 01:47:13.240] [main/DEBUG] [net.neoforged.fml.loading.moddiscovery.ModDiscoverer/SCAN]: Locator PathBasedLocator[name=neoforge, paths=[libraries/net/neoforged/neoforge/21.1.238/neoforge-21.1.238-universal.jar]] found 1 mods, 0 warnings, 0 errors and skipped 0 candidates
[04Sep2026 01:47:13.240] [main/DEBUG] [net.neoforged.fml.loading.moddiscovery.ModDiscoverer/SCAN]: Trying locator {mods folder locator at /home/ms33/servidor_neo/mods}
[04Sep2026 01:47:13.240] [main/DEBUG] [net.neoforged.fml.loading.moddiscovery.locators.ModsFolderLocator/SCAN]: Scanning mods dir /home/ms33/servidor_neo/mods for mods
[04Sep2026 01:47:13.242] [main/DEBUG] [net.neoforged.fml.loading.moddiscovery.readers.JarModsDotTomlModFileReader/SCAN]: Found META-INF/neoforge.mods.toml mod of type null: /home/ms33/servidor_neo/mods/1.21.1-maid_storage_manager-1.15.6.jar
[04Sep2026 01:47:13.242] [main/DEBUG] [net.neoforged.fml.loading.moddiscovery.ModFileParser/LOADING]: Considering mod file candidate /home/ms33/servidor_neo/mods/1.21.1-maid_storage_manager-1.15.6.jar
[04Sep2026 01:47:13.248] [main/DEBUG] [net.neoforged.fml.loading.moddiscovery.ModFileInfo/LOADING]: Found valid mod file 1.21.1-maid_storage_manager-1.15.6.jar with {maid_storage_manager} mods - versions {1.15.6}
[04Sep2026 01:47:13.248] [main/INFO] [net.neoforged.fml.loading.moddiscovery.ModDiscoverer/SCAN]: Found mod file "1.21.1-maid_storage_manager-1.15.6.jar" [locator: {mods folder locator at /home/ms33/servidor_neo/mods}, reader: mod manifest]
[04Sep2026 01:47:13.249] [main/DEBUG] [net.neoforged.fml.loading.moddiscovery.readers.JarModsDotTomlModFileReader/SCAN]: Found META-INF/neoforge.mods.toml mod of type null: /home/ms33/servidor_neo/mods/appleskin-neoforge-mc1.21-3.0.9.jar
[04Sep2026 01:47:13.249] [main/DEBUG] [net.neoforged.fml.loading.moddiscovery.ModFileParser/LOADING]: Considering mod file candidate /home/ms33/servidor_neo/mods/appleskin-neoforge-mc1.21-3.0.9.jar
[04Sep2026 01:47:13.254] [main/DEBUG] [net.neoforged.fml.loading.moddiscovery.ModFileInfo/LOADING]: Found valid mod file appleskin-neoforge-mc1.21-3.0.9.jar with {appleskin} mods - versions {3.0.9+mc1.21}
[04Sep2026 01:47:13.254] [main/INFO] [net.neoforged.fml.loading.moddiscovery.ModDiscoverer/SCAN]: Found mod file "appleskin-neoforge-mc1.21-3.0.9.jar" [locator: {mods folder locator at /home/ms33/servidor_neo/mods}, reader: mod manifest]
[04Sep2026 01:47:13.255] [main/DEBUG] [net.neoforged.fml.loading.moddiscovery.readers.JarModsDotTomlModFileReader/SCAN]: Found META-INF/neoforge.mods.toml mod of type null: /home/ms33/servidor_neo/mods/architectury-13.0.11-neoforge.jar
[04Sep2026 01:47:13.255] [main/DEBUG] [net.neoforged.fml.loading.moddiscovery.ModFileParser/LOADING]: Considering mod file candidate /home/ms33/servidor_neo/mods/architectury-13.0.11-neoforge.jar
[04Sep2026 01:47:13.256] [main/DEBUG] [net.neoforged.fml.loading.moddiscovery.ModFileInfo/LOADING]: Found valid mod file architectury-13.0.11-neoforge.jar with {architectury} mods - versions {13.0.11}
[04Sep2026 01:47:13.256] [main/INFO] [net.neoforged.fml.loading.moddiscovery.ModDiscoverer/SCAN]: Found mod file "architectury-13.0.11-neoforge.jar" [locator: {mods folder locator at /home/ms33/servidor_neo/mods}, reader: mod manifest]
[04Sep2026 01:47:13.259] [main/DEBUG] [net.neoforged.fml.loading.moddiscovery.readers.JarModsDotTomlModFileReader/SCAN]: Found META-INF/neoforge.mods.toml mod of type null: /home/ms33/servidor_neo/mods/ArPhEx-5.0.2-neoforge-1.21.1.jar
[04Sep2026 01:47:13.259] [main/DEBUG] [net.neoforged.fml.loading.moddiscovery.ModFileParser/LOADING]: Considering mod file candidate /home/ms33/servidor_neo/mods/ArPhEx-5.0.2-neoforge-1.21.1.jar
[04Sep2026 01:47:13.261] [main/DEBUG] [net.neoforged.fml.loading.moddiscovery.ModFileInfo/LOADING]: Found valid mod file ArPhEx-5.0.2-neoforge-1.21.1.jar with {arphex} mods - versions {5.0.2}
[04Sep2026 01:47:13.261] [main/INFO] [net.neoforged.fml.loading.moddiscovery.ModDiscoverer/SCAN]: Found mod file "ArPhEx-5.0.2-neoforge-1.21.1.jar" [locator: {mods folder locator at /home/ms33/servidor_neo/mods}, reader: mod manifest]
[04Sep2026 01:47:13.261] [main/DEBUG] [net.neoforged.fml.loading.moddiscovery.readers.JarModsDotTomlModFileReader/SCAN]: Found META-INF/neoforge.mods.toml mod of type null: /home/ms33/servidor_neo/mods/beltborne_lanterns-1.2.5-neoforge+1.21.1.jar
[04Sep2026 01:47:13.261] [main/DEBUG] [net.neoforged.fml.loading.moddiscovery.ModFileParser/LOADING]: Considering mod file candidate /home/ms33/servidor_neo/mods/beltborne_lanterns-1.2.5-neoforge+1.21.1.jar
[04Sep2026 01:47:13.263] [main/DEBUG] [net.neoforged.fml.loading.moddiscovery.ModFileInfo/LOADING]: Found valid mod file beltborne_lanterns-1.2.5-neoforge+1.21.1.jar with {beltborne_lanterns} mods - versions {1.2.5}
[04Sep2026 01:47:13.263] [main/INFO] [net.neoforged.fml.loading.moddiscovery.ModDiscoverer/SCAN]: Found mod file "beltborne_lanterns-1.2.5-neoforge+1.21.1.jar" [locator: {mods folder locator at /home/ms33/servidor_neo/mods}, reader: mod manifest]
[04Sep2026 01:47:13.264] [main/DEBUG] [net.neoforged.fml.loading.moddiscovery.readers.JarModsDotTomlModFileReader/SCAN]: Found META-INF/neoforge.mods.toml mod of type null: /home/ms33/servidor_neo/mods/cloth-config-15.0.140-neoforge.jar
[04Sep2026 01:47:13.264] [main/DEBUG] [net.neoforged.fml.loading.moddiscovery.ModFileParser/LOADING]: Considering mod file candidate /home/ms33/servidor_neo/mods/cloth-config-15.0.140-neoforge.jar
[04Sep2026 01:47:13.265] [main/DEBUG] [net.neoforged.fml.loading.moddiscovery.ModFileInfo/LOADING]: Found valid mod file cloth-config-15.0.140-neoforge.jar with {cloth_config} mods - versions {15.0.140}
[04Sep2026 01:47:13.265] [main/INFO] [net.neoforged.fml.loading.moddiscovery.ModDiscoverer/SCAN]: Found mod file "cloth-config-15.0.140-neoforge.jar" [locator: {mods folder locator at /home/ms33/servidor_neo/mods}, reader: mod manifest]
[04Sep2026 01:47:13.266] [main/DEBUG] [net.neoforged.fml.loading.moddiscovery.readers.JarModsDotTomlModFileReader/SCAN]: Found META-INF/neoforge.mods.toml mod of type null: /home/ms33/servidor_neo/mods/CreativeCore_NEOFORGE_v2.13.44_mc1.21.1.jar
[04Sep2026 01:47:13.266] [main/DEBUG] [net.neoforged.fml.loading.moddiscovery.ModFileParser/LOADING]: Considering mod file candidate /home/ms33/servidor_neo/mods/CreativeCore_NEOFORGE_v2.13.44_mc1.21.1.jar
[04Sep2026 01:47:13.267] [main/DEBUG] [net.neoforged.fml.loading.moddiscovery.ModFileInfo/LOADING]: Found valid mod file CreativeCore_NEOFORGE_v2.13.44_mc1.21.1.jar with {creativecore} mods - versions {2.13.44}
[04Sep2026 01:47:13.267] [main/INFO] [net.neoforged.fml.loading.moddiscovery.ModDiscoverer/SCAN]: Found mod file "CreativeCore_NEOFORGE_v2.13.44_mc1.21.1.jar" [locator: {mods folder locator at /home/ms33/servidor_neo/mods}, reader: mod manifest]
[04Sep2026 01:47:13.268] [main/DEBUG] [net.neoforged.fml.loading.moddiscovery.readers.JarModsDotTomlModFileReader/SCAN]: Found META-INF/neoforge.mods.toml mod of type null: /home/ms33/servidor_neo/mods/curios-neoforge-9.5.1+1.21.1.jar
[04Sep2026 01:47:13.268] [main/DEBUG] [net.neoforged.fml.loading.moddiscovery.ModFileParser/LOADING]: Considering mod file candidate /home/ms33/servidor_neo/mods/curios-neoforge-9.5.1+1.21.1.jar
[04Sep2026 01:47:13.269] [main/DEBUG] [net.neoforged.fml.loading.moddiscovery.ModFileInfo/LOADING]: Found valid mod file curios-neoforge-9.5.1+1.21.1.jar with {curios} mods - versions {9.5.1+1.21.1}
[04Sep2026 01:47:13.269] [main/INFO] [net.neoforged.fml.loading.moddiscovery.ModDiscoverer/SCAN]: Found mod file "curios-neoforge-9.5.1+1.21.1.jar" [locator: {mods folder locator at /home/ms33/servidor_neo/mods}, reader: mod manifest]
[04Sep2026 01:47:13.271] [main/DEBUG] [net.neoforged.fml.loading.moddiscovery.readers.JarModsDotTomlModFileReader/SCAN]: Found META-INF/neoforge.mods.toml mod of type null: /home/ms33/servidor_neo/mods/EclipticSeasons-1.21.1-neoforge-0.14.90-beta.jar
[04Sep2026 01:47:13.271] [main/DEBUG] [net.neoforged.fml.loading.moddiscovery.ModFileParser/LOADING]: Considering mod file candidate /home/ms33/servidor_neo/mods/EclipticSeasons-1.21.1-neoforge-0.14.90-beta.jar
[04Sep2026 01:47:13.273] [main/DEBUG] [net.neoforged.fml.loading.moddiscovery.ModFileInfo/LOADING]: Found valid mod file EclipticSeasons-1.21.1-neoforge-0.14.90-beta.jar with {eclipticseasons} mods - versions {0.14.90-beta}
[04Sep2026 01:47:13.273] [main/INFO] [net.neoforged.fml.loading.moddiscovery.ModDiscoverer/SCAN]: Found mod file "EclipticSeasons-1.21.1-neoforge-0.14.90-beta.jar" [locator: {mods folder locator at /home/ms33/servidor_neo/mods}, reader: mod manifest]
[04Sep2026 01:47:13.275] [main/DEBUG] [net.neoforged.fml.loading.moddiscovery.readers.JarModsDotTomlModFileReader/SCAN]: Found META-INF/neoforge.mods.toml mod of type null: /home/ms33/servidor_neo/mods/FarmersDelight-1.21.1-1.3.3.jar
[04Sep2026 01:47:13.275] [main/DEBUG] [net.neoforged.fml.loading.moddiscovery.ModFileParser/LOADING]: Considering mod file candidate /home/ms33/servidor_neo/mods/FarmersDelight-1.21.1-1.3.3.jar
[04Sep2026 01:47:13.276] [main/DEBUG] [net.neoforged.fml.loading.moddiscovery.ModFileInfo/LOADING]: Found valid mod file FarmersDelight-1.21.1-1.3.3.jar with {farmersdelight} mods - versions {1.3.3}
[04Sep2026 01:47:13.276] [main/INFO] [net.neoforged.fml.loading.moddiscovery.ModDiscoverer/SCAN]: Found mod file "FarmersDelight-1.21.1-1.3.3.jar" [locator: {mods folder locator at /home/ms33/servidor_neo/mods}, reader: mod manifest]
[04Sep2026 01:47:13.284] [main/DEBUG] [net.neoforged.fml.loading.moddiscovery.readers.JarModsDotTomlModFileReader/SCAN]: Found META-INF/neoforge.mods.toml mod of type null: /home/ms33/servidor_neo/mods/ferritecore-7.0.3-neoforge.jar
[04Sep2026 01:47:13.284] [main/DEBUG] [net.neoforged.fml.loading.moddiscovery.ModFileParser/LOADING]: Considering mod file candidate /home/ms33/servidor_neo/mods/ferritecore-7.0.3-neoforge.jar
[04Sep2026 01:47:13.285] [main/DEBUG] [net.neoforged.fml.loading.moddiscovery.ModFileInfo/LOADING]: Found valid mod file ferritecore-7.0.3-neoforge.jar with {ferritecore} mods - versions {7.0.3}
[04Sep2026 01:47:13.286] [main/INFO] [net.neoforged.fml.loading.moddiscovery.ModDiscoverer/SCAN]: Found mod file "ferritecore-7.0.3-neoforge.jar" [locator: {mods folder locator at /home/ms33/servidor_neo/mods}, reader: mod manifest]
[04Sep2026 01:47:13.287] [main/DEBUG] [net.neoforged.fml.loading.moddiscovery.readers.JarModsDotTomlModFileReader/SCAN]: Found META-INF/neoforge.mods.toml mod of type null: /home/ms33/servidor_neo/mods/fzzy_config-0.7.6+1.21+neoforge.jar
[04Sep2026 01:47:13.287] [main/DEBUG] [net.neoforged.fml.loading.moddiscovery.ModFileParser/LOADING]: Considering mod file candidate /home/ms33/servidor_neo/mods/fzzy_config-0.7.6+1.21+neoforge.jar
[04Sep2026 01:47:13.288] [main/DEBUG] [net.neoforged.fml.loading.moddiscovery.ModFileInfo/LOADING]: Found valid mod file fzzy_config-0.7.6+1.21+neoforge.jar with {fzzy_config} mods - versions {0.7.6+1.21+neoforge}
[04Sep2026 01:47:13.288] [main/INFO] [net.neoforged.fml.loading.moddiscovery.ModDiscoverer/SCAN]: Found mod file "fzzy_config-0.7.6+1.21+neoforge.jar" [locator: {mods folder locator at /home/ms33/servidor_neo/mods}, reader: mod manifest]
[04Sep2026 01:47:13.288] [main/DEBUG] [net.neoforged.fml.loading.moddiscovery.readers.JarModsDotTomlModFileReader/SCAN]: Found META-INF/neoforge.mods.toml mod of type null: /home/ms33/servidor_neo/mods/geckolib-neoforge-1.21.1-4.9.2.jar
[04Sep2026 01:47:13.289] [main/DEBUG] [net.neoforged.fml.loading.moddiscovery.ModFileParser/LOADING]: Considering mod file candidate /home/ms33/servidor_neo/mods/geckolib-neoforge-1.21.1-4.9.2.jar
[04Sep2026 01:47:13.290] [main/DEBUG] [net.neoforged.fml.loading.moddiscovery.ModFileInfo/LOADING]: Found valid mod file geckolib-neoforge-1.21.1-4.9.2.jar with {geckolib} mods - versions {4.9.2}
[04Sep2026 01:47:13.290] [main/INFO] [net.neoforged.fml.loading.moddiscovery.ModDiscoverer/SCAN]: Found mod file "geckolib-neoforge-1.21.1-4.9.2.jar" [locator: {mods folder locator at /home/ms33/servidor_neo/mods}, reader: mod manifest]
[04Sep2026 01:47:13.290] [main/DEBUG] [net.neoforged.fml.loading.moddiscovery.readers.JarModsDotTomlModFileReader/SCAN]: Found META-INF/neoforge.mods.toml mod of type null: /home/ms33/servidor_neo/mods/goatman-1.0.0.jar
[04Sep2026 01:47:13.290] [main/DEBUG] [net.neoforged.fml.loading.moddiscovery.ModFileParser/LOADING]: Considering mod file candidate /home/ms33/servidor_neo/mods/goatman-1.0.0.jar
[04Sep2026 01:47:13.292] [main/DEBUG] [net.neoforged.fml.loading.moddiscovery.ModFileInfo/LOADING]: Found valid mod file goatman-1.0.0.jar with {goatman} mods - versions {1.0.0}
[04Sep2026 01:47:13.292] [main/INFO] [net.neoforged.fml.loading.moddiscovery.ModDiscoverer/SCAN]: Found mod file "goatman-1.0.0.jar" [locator: {mods folder locator at /home/ms33/servidor_neo/mods}, reader: mod manifest]
[04Sep2026 01:47:13.292] [main/DEBUG] [net.neoforged.fml.loading.moddiscovery.readers.JarModsDotTomlModFileReader/SCAN]: Found META-INF/neoforge.mods.toml mod of type null: /home/ms33/servidor_neo/mods/gravestone-neoforge-1.21.1-1.0.40.jar
[04Sep2026 01:47:13.292] [main/DEBUG] [net.neoforged.fml.loading.moddiscovery.ModFileParser/LOADING]: Considering mod file candidate /home/ms33/servidor_neo/mods/gravestone-neoforge-1.21.1-1.0.40.jar
[04Sep2026 01:47:13.293] [main/DEBUG] [net.neoforged.fml.loading.moddiscovery.ModFileInfo/LOADING]: Found valid mod file gravestone-neoforge-1.21.1-1.0.40.jar with {gravestone} mods - versions {1.21.1-1.0.40}
[04Sep2026 01:47:13.294] [main/INFO] [net.neoforged.fml.loading.moddiscovery.ModDiscoverer/SCAN]: Found mod file "gravestone-neoforge-1.21.1-1.0.40.jar" [locator: {mods folder locator at /home/ms33/servidor_neo/mods}, reader: mod manifest]
[04Sep2026 01:47:13.294] [main/DEBUG] [net.neoforged.fml.loading.moddiscovery.readers.JarModsDotTomlModFileReader/SCAN]: Found META-INF/neoforge.mods.toml mod of type null: /home/ms33/servidor_neo/mods/Jade-1.21.1-NeoForge-15.10.6.jar
[04Sep2026 01:47:13.294] [main/DEBUG] [net.neoforged.fml.loading.moddiscovery.ModFileParser/LOADING]: Considering mod file candidate /home/ms33/servidor_neo/mods/Jade-1.21.1-NeoForge-15.10.6.jar
[04Sep2026 01:47:13.295] [main/DEBUG] [net.neoforged.fml.loading.moddiscovery.ModFileInfo/LOADING]: Found valid mod file Jade-1.21.1-NeoForge-15.10.6.jar with {jade} mods - versions {15.10.6+neoforge}
[04Sep2026 01:47:13.295] [main/INFO] [net.neoforged.fml.loading.moddiscovery.ModDiscoverer/SCAN]: Found mod file "Jade-1.21.1-NeoForge-15.10.6.jar" [locator: {mods folder locator at /home/ms33/servidor_neo/mods}, reader: mod manifest]
[04Sep2026 01:47:13.296] [main/DEBUG] [net.neoforged.fml.loading.moddiscovery.readers.JarModsDotTomlModFileReader/SCAN]: Found META-INF/neoforge.mods.toml mod of type null: /home/ms33/servidor_neo/mods/jei-1.21.1-neoforge-19.44.0.403.jar
[04Sep2026 01:47:13.296] [main/DEBUG] [net.neoforged.fml.loading.moddiscovery.ModFileParser/LOADING]: Considering mod file candidate /home/ms33/servidor_neo/mods/jei-1.21.1-neoforge-19.44.0.403.jar
[04Sep2026 01:47:13.297] [main/DEBUG] [net.neoforged.fml.loading.moddiscovery.ModFileInfo/LOADING]: Found valid mod file jei-1.21.1-neoforge-19.44.0.403.jar with {jei} mods - versions {19.44.0.403}
[04Sep2026 01:47:13.297] [main/INFO] [net.neoforged.fml.loading.moddiscovery.ModDiscoverer/SCAN]: Found mod file "jei-1.21.1-neoforge-19.44.0.403.jar" [locator: {mods folder locator at /home/ms33/servidor_neo/mods}, reader: mod manifest]
[04Sep2026 01:47:13.298] [main/DEBUG] [net.neoforged.fml.loading.moddiscovery.readers.JarModsDotTomlModFileReader/SCAN]: Found META-INF/MANIFEST.MF mod of type LIBRARY: /home/ms33/servidor_neo/mods/kotlinforforge-5.12.0-all.jar
[04Sep2026 01:47:13.299] [main/INFO] [net.neoforged.fml.loading.moddiscovery.ModDiscoverer/SCAN]: Found library file "kotlinforforge-5.12.0-all.jar" [locator: {mods folder locator at /home/ms33/servidor_neo/mods}, reader: mod manifest]
[04Sep2026 01:47:13.300] [main/DEBUG] [net.neoforged.fml.loading.moddiscovery.readers.JarModsDotTomlModFileReader/SCAN]: Found META-INF/neoforge.mods.toml mod of type null: /home/ms33/servidor_neo/mods/maidmarriage-2.3.0beta-neoforge+mc1.21.1.jar
[04Sep2026 01:47:13.300] [main/DEBUG] [net.neoforged.fml.loading.moddiscovery.ModFileParser/LOADING]: Considering mod file candidate /home/ms33/servidor_neo/mods/maidmarriage-2.3.0beta-neoforge+mc1.21.1.jar
[04Sep2026 01:47:13.302] [main/DEBUG] [net.neoforged.fml.loading.moddiscovery.ModFileInfo/LOADING]: Found valid mod file maidmarriage-2.3.0beta-neoforge+mc1.21.1.jar with {maidmarriage} mods - versions {2.3.0beta}
[04Sep2026 01:47:13.302] [main/INFO] [net.neoforged.fml.loading.moddiscovery.ModDiscoverer/SCAN]: Found mod file "maidmarriage-2.3.0beta-neoforge+mc1.21.1.jar" [locator: {mods folder locator at /home/ms33/servidor_neo/mods}, reader: mod manifest]
[04Sep2026 01:47:13.304] [main/DEBUG] [net.neoforged.fml.loading.moddiscovery.readers.JarModsDotTomlModFileReader/SCAN]: Found META-INF/neoforge.mods.toml mod of type null: /home/ms33/servidor_neo/mods/mca-neoforge-7.7.36-beta.3+1.21.1.jar
[04Sep2026 01:47:13.304] [main/DEBUG] [net.neoforged.fml.loading.moddiscovery.ModFileParser/LOADING]: Considering mod file candidate /home/ms33/servidor_neo/mods/mca-neoforge-7.7.36-beta.3+1.21.1.jar
[04Sep2026 01:47:13.305] [main/DEBUG] [net.neoforged.fml.loading.moddiscovery.ModFileInfo/LOADING]: Found valid mod file mca-neoforge-7.7.36-beta.3+1.21.1.jar with {mca} mods - versions {7.7.36-beta.3+1.21.1}
[04Sep2026 01:47:13.305] [main/INFO] [net.neoforged.fml.loading.moddiscovery.ModDiscoverer/SCAN]: Found mod file "mca-neoforge-7.7.36-beta.3+1.21.1.jar" [locator: {mods folder locator at /home/ms33/servidor_neo/mods}, reader: mod manifest]
[04Sep2026 01:47:13.306] [main/DEBUG] [net.neoforged.fml.loading.moddiscovery.readers.JarModsDotTomlModFileReader/SCAN]: Found META-INF/neoforge.mods.toml mod of type null: /home/ms33/servidor_neo/mods/modernfix-neoforge-5.27.20+mc1.21.1.jar
[04Sep2026 01:47:13.306] [main/DEBUG] [net.neoforged.fml.loading.moddiscovery.ModFileParser/LOADING]: Considering mod file candidate /home/ms33/servidor_neo/mods/modernfix-neoforge-5.27.20+mc1.21.1.jar
[04Sep2026 01:47:13.307] [main/DEBUG] [net.neoforged.fml.loading.moddiscovery.ModFileInfo/LOADING]: Found valid mod file modernfix-neoforge-5.27.20+mc1.21.1.jar with {modernfix} mods - versions {5.27.20+mc1.21.1}
[04Sep2026 01:47:13.307] [main/INFO] [net.neoforged.fml.loading.moddiscovery.ModDiscoverer/SCAN]: Found mod file "modernfix-neoforge-5.27.20+mc1.21.1.jar" [locator: {mods folder locator at /home/ms33/servidor_neo/mods}, reader: mod manifest]
[04Sep2026 01:47:13.309] [main/DEBUG] [net.neoforged.fml.loading.moddiscovery.readers.JarModsDotTomlModFileReader/SCAN]: Found META-INF/neoforge.mods.toml mod of type null: /home/ms33/servidor_neo/mods/naturalist-2.0.3-neoforge-1.21.1.jar
[04Sep2026 01:47:13.309] [main/DEBUG] [net.neoforged.fml.loading.moddiscovery.ModFileParser/LOADING]: Considering mod file candidate /home/ms33/servidor_neo/mods/naturalist-2.0.3-neoforge-1.21.1.jar
[04Sep2026 01:47:13.310] [main/DEBUG] [net.neoforged.fml.loading.moddiscovery.ModFileInfo/LOADING]: Found valid mod file naturalist-2.0.3-neoforge-1.21.1.jar with {naturalist} mods - versions {2.0.3}
[04Sep2026 01:47:13.310] [main/INFO] [net.neoforged.fml.loading.moddiscovery.ModDiscoverer/SCAN]: Found mod file "naturalist-2.0.3-neoforge-1.21.1.jar" [locator: {mods folder locator at /home/ms33/servidor_neo/mods}, reader: mod manifest]
[04Sep2026 01:47:13.311] [main/DEBUG] [net.neoforged.fml.loading.moddiscovery.readers.JarModsDotTomlModFileReader/SCAN]: Found META-INF/neoforge.mods.toml mod of type null: /home/ms33/servidor_neo/mods/NaturesCompass-1.21.1-3.4.0-neoforge.jar
[04Sep2026 01:47:13.311] [main/DEBUG] [net.neoforged.fml.loading.moddiscovery.ModFileParser/LOADING]: Considering mod file candidate /home/ms33/servidor_neo/mods/NaturesCompass-1.21.1-3.4.0-neoforge.jar
[04Sep2026 01:47:13.312] [main/DEBUG] [net.neoforged.fml.loading.moddiscovery.ModFileInfo/LOADING]: Found valid mod file NaturesCompass-1.21.1-3.4.0-neoforge.jar with {naturescompass} mods - versions {1.21.1-3.4.0-neoforge}
[04Sep2026 01:47:13.312] [main/INFO] [net.neoforged.fml.loading.moddiscovery.ModDiscoverer/SCAN]: Found mod file "NaturesCompass-1.21.1-3.4.0-neoforge.jar" [locator: {mods folder locator at /home/ms33/servidor_neo/mods}, reader: mod manifest]
[04Sep2026 01:47:13.313] [main/DEBUG] [net.neoforged.fml.loading.moddiscovery.readers.JarModsDotTomlModFileReader/SCAN]: Found META-INF/neoforge.mods.toml mod of type null: /home/ms33/servidor_neo/mods/Patchouli-1.21.1-93-NEOFORGE.jar
[04Sep2026 01:47:13.313] [main/DEBUG] [net.neoforged.fml.loading.moddiscovery.ModFileParser/LOADING]: Considering mod file candidate /home/ms33/servidor_neo/mods/Patchouli-1.21.1-93-NEOFORGE.jar
[04Sep2026 01:47:13.314] [main/DEBUG] [net.neoforged.fml.loading.moddiscovery.ModFileInfo/LOADING]: Found valid mod file Patchouli-1.21.1-93-NEOFORGE.jar with {patchouli} mods - versions {1.21.1-93-NEOFORGE}
[04Sep2026 01:47:13.314] [main/INFO] [net.neoforged.fml.loading.moddiscovery.ModDiscoverer/SCAN]: Found mod file "Patchouli-1.21.1-93-NEOFORGE.jar" [locator: {mods folder locator at /home/ms33/servidor_neo/mods}, reader: mod manifest]
[04Sep2026 01:47:13.314] [main/DEBUG] [net.neoforged.fml.loading.moddiscovery.readers.JarModsDotTomlModFileReader/SCAN]: Found META-INF/neoforge.mods.toml mod of type null: /home/ms33/servidor_neo/mods/PlayerRevive_NEOFORGE_v2.1.2_mc1.21.1.jar
[04Sep2026 01:47:13.314] [main/DEBUG] [net.neoforged.fml.loading.moddiscovery.ModFileParser/LOADING]: Considering mod file candidate /home/ms33/servidor_neo/mods/PlayerRevive_NEOFORGE_v2.1.2_mc1.21.1.jar
[04Sep2026 01:47:13.315] [main/DEBUG] [net.neoforged.fml.loading.moddiscovery.ModFileInfo/LOADING]: Found valid mod file PlayerRevive_NEOFORGE_v2.1.2_mc1.21.1.jar with {playerrevive} mods - versions {2.1.2}
[04Sep2026 01:47:13.315] [main/INFO] [net.neoforged.fml.loading.moddiscovery.ModDiscoverer/SCAN]: Found mod file "PlayerRevive_NEOFORGE_v2.1.2_mc1.21.1.jar" [locator: {mods folder locator at /home/ms33/servidor_neo/mods}, reader: mod manifest]
[04Sep2026 01:47:13.316] [main/DEBUG] [net.neoforged.fml.loading.moddiscovery.readers.JarModsDotTomlModFileReader/SCAN]: Found META-INF/neoforge.mods.toml mod of type null: /home/ms33/servidor_neo/mods/sophisticatedbackpacks-1.21.1-3.25.78.2107.jar
[04Sep2026 01:47:13.316] [main/DEBUG] [net.neoforged.fml.loading.moddiscovery.ModFileParser/LOADING]: Considering mod file candidate /home/ms33/servidor_neo/mods/sophisticatedbackpacks-1.21.1-3.25.78.2107.jar
[04Sep2026 01:47:13.317] [main/DEBUG] [net.neoforged.fml.loading.moddiscovery.ModFileInfo/LOADING]: Found valid mod file sophisticatedbackpacks-1.21.1-3.25.78.2107.jar with {sophisticatedbackpacks} mods - versions {3.25.78}
[04Sep2026 01:47:13.317] [main/INFO] [net.neoforged.fml.loading.moddiscovery.ModDiscoverer/SCAN]: Found mod file "sophisticatedbackpacks-1.21.1-3.25.78.2107.jar" [locator: {mods folder locator at /home/ms33/servidor_neo/mods}, reader: mod manifest]
[04Sep2026 01:47:13.318] [main/DEBUG] [net.neoforged.fml.loading.moddiscovery.readers.JarModsDotTomlModFileReader/SCAN]: Found META-INF/neoforge.mods.toml mod of type null: /home/ms33/servidor_neo/mods/sophisticatedcore-1.21.1-1.4.90.2299.jar
[04Sep2026 01:47:13.318] [main/DEBUG] [net.neoforged.fml.loading.moddiscovery.ModFileParser/LOADING]: Considering mod file candidate /home/ms33/servidor_neo/mods/sophisticatedcore-1.21.1-1.4.90.2299.jar
[04Sep2026 01:47:13.319] [main/DEBUG] [net.neoforged.fml.loading.moddiscovery.ModFileInfo/LOADING]: Found valid mod file sophisticatedcore-1.21.1-1.4.90.2299.jar with {sophisticatedcore} mods - versions {1.4.90}
[04Sep2026 01:47:13.319] [main/INFO] [net.neoforged.fml.loading.moddiscovery.ModDiscoverer/SCAN]: Found mod file "sophisticatedcore-1.21.1-1.4.90.2299.jar" [locator: {mods folder locator at /home/ms33/servidor_neo/mods}, reader: mod manifest]
[04Sep2026 01:47:13.322] [main/DEBUG] [net.neoforged.fml.loading.moddiscovery.readers.JarModsDotTomlModFileReader/SCAN]: Found META-INF/neoforge.mods.toml mod of type null: /home/ms33/servidor_neo/mods/tacz-neoforge-1.21.1-1.1.8-hotfix-r6.jar
[04Sep2026 01:47:13.322] [main/DEBUG] [net.neoforged.fml.loading.moddiscovery.ModFileParser/LOADING]: Considering mod file candidate /home/ms33/servidor_neo/mods/tacz-neoforge-1.21.1-1.1.8-hotfix-r6.jar
[04Sep2026 01:47:13.323] [main/DEBUG] [net.neoforged.fml.loading.moddiscovery.ModFileInfo/LOADING]: Found valid mod file tacz-neoforge-1.21.1-1.1.8-hotfix-r6.jar with {tacz} mods - versions {1.1.8-hotfix-r6}
[04Sep2026 01:47:13.323] [main/INFO] [net.neoforged.fml.loading.moddiscovery.ModDiscoverer/SCAN]: Found mod file "tacz-neoforge-1.21.1-1.1.8-hotfix-r6.jar" [locator: {mods folder locator at /home/ms33/servidor_neo/mods}, reader: mod manifest]
[04Sep2026 01:47:13.323] [main/DEBUG] [net.neoforged.fml.loading.moddiscovery.readers.JarModsDotTomlModFileReader/SCAN]: Found META-INF/neoforge.mods.toml mod of type null: /home/ms33/servidor_neo/mods/tacz-pack-upgrader-2.1.3.jar
[04Sep2026 01:47:13.323] [main/DEBUG] [net.neoforged.fml.loading.moddiscovery.ModFileParser/LOADING]: Considering mod file candidate /home/ms33/servidor_neo/mods/tacz-pack-upgrader-2.1.3.jar
[04Sep2026 01:47:13.324] [main/DEBUG] [net.neoforged.fml.loading.moddiscovery.ModFileInfo/LOADING]: Found valid mod file tacz-pack-upgrader-2.1.3.jar with {taczpackupgrader} mods - versions {2.1.3}
[04Sep2026 01:47:13.324] [main/INFO] [net.neoforged.fml.loading.moddiscovery.ModDiscoverer/SCAN]: Found mod file "tacz-pack-upgrader-2.1.3.jar" [locator: {mods folder locator at /home/ms33/servidor_neo/mods}, reader: mod manifest]
[04Sep2026 01:47:13.325] [main/DEBUG] [net.neoforged.fml.loading.moddiscovery.readers.JarModsDotTomlModFileReader/SCAN]: Found META-INF/neoforge.mods.toml mod of type null: /home/ms33/servidor_neo/mods/tacz_tactical_breaching-neoforge-1.21.1-1.0.4.jar
[04Sep2026 01:47:13.325] [main/DEBUG] [net.neoforged.fml.loading.moddiscovery.ModFileParser/LOADING]: Considering mod file candidate /home/ms33/servidor_neo/mods/tacz_tactical_breaching-neoforge-1.21.1-1.0.4.jar
[04Sep2026 01:47:13.326] [main/DEBUG] [net.neoforged.fml.loading.moddiscovery.ModFileInfo/LOADING]: Found valid mod file tacz_tactical_breaching-neoforge-1.21.1-1.0.4.jar with {tacz_tactical_breaching} mods - versions {1.0.4}
[04Sep2026 01:47:13.326] [main/INFO] [net.neoforged.fml.loading.moddiscovery.ModDiscoverer/SCAN]: Found mod file "tacz_tactical_breaching-neoforge-1.21.1-1.0.4.jar" [locator: {mods folder locator at /home/ms33/servidor_neo/mods}, reader: mod manifest]
[04Sep2026 01:47:13.329] [main/DEBUG] [net.neoforged.fml.loading.moddiscovery.readers.JarModsDotTomlModFileReader/SCAN]: Found META-INF/neoforge.mods.toml mod of type null: /home/ms33/servidor_neo/mods/touhoulittlemaid-1.5.3-neoforge+mc1.21.1.jar
[04Sep2026 01:47:13.329] [main/DEBUG] [net.neoforged.fml.loading.moddiscovery.ModFileParser/LOADING]: Considering mod file candidate /home/ms33/servidor_neo/mods/touhoulittlemaid-1.5.3-neoforge+mc1.21.1.jar
[04Sep2026 01:47:13.330] [main/DEBUG] [net.neoforged.fml.loading.moddiscovery.ModFileInfo/LOADING]: Found valid mod file touhoulittlemaid-1.5.3-neoforge+mc1.21.1.jar with {touhou_little_maid} mods - versions {1.5.3-neoforge+mc1.21.1}
[04Sep2026 01:47:13.330] [main/INFO] [net.neoforged.fml.loading.moddiscovery.ModDiscoverer/SCAN]: Found mod file "touhoulittlemaid-1.5.3-neoforge+mc1.21.1.jar" [locator: {mods folder locator at /home/ms33/servidor_neo/mods}, reader: mod manifest]
[04Sep2026 01:47:13.330] [main/DEBUG] [net.neoforged.fml.loading.moddiscovery.ModDiscoverer/SCAN]: Locator {mods folder locator at /home/ms33/servidor_neo/mods} found 31 mods, 0 warnings, 0 errors and skipped 0 candidates
[04Sep2026 01:47:13.330] [main/DEBUG] [net.neoforged.fml.loading.moddiscovery.ModDiscoverer/SCAN]: Trying locator maven libs
[04Sep2026 01:47:13.332] [main/DEBUG] [net.neoforged.fml.loading.moddiscovery.ModListHandler/CORE]: Found mod coordinates from lists: []
[04Sep2026 01:47:13.332] [main/DEBUG] [net.neoforged.fml.loading.moddiscovery.ModDiscoverer/SCAN]: Locator maven libs found 0 mods, 0 warnings, 0 errors and skipped 0 candidates
[04Sep2026 01:47:13.335] [main/DEBUG] [net.neoforged.fml.loading.moddiscovery.ModDiscoverer/SCAN]: Successfully Loaded 33 mods. Attempting to load dependencies...
[04Sep2026 01:47:13.335] [main/DEBUG] [net.neoforged.fml.loading.moddiscovery.ModDiscoverer/SCAN]: Trying locator jarinjar
[04Sep2026 01:47:13.337] [main/TRACE] [net.neoforged.fml.loading.moddiscovery.locators.JarInJarDependencyLocator/]: Failed to load resource META-INF/jarjar/metadata.json from FarmersDelight-1.21.1-1.3.3.jar, it does not contain dependency information.
[04Sep2026 01:47:13.338] [main/TRACE] [net.neoforged.fml.loading.moddiscovery.locators.JarInJarDependencyLocator/]: Failed to load resource META-INF/jarjar/metadata.json from server-1.21.1-20240808.144430-srg.jar, it does not contain dependency information.
[04Sep2026 01:47:13.338] [main/TRACE] [net.neoforged.fml.loading.moddiscovery.locators.JarInJarDependencyLocator/]: Failed to load resource META-INF/jarjar/metadata.json from goatman-1.0.0.jar, it does not contain dependency information.
[04Sep2026 01:47:13.338] [main/TRACE] [net.neoforged.fml.loading.moddiscovery.locators.JarInJarDependencyLocator/]: Failed to load resource META-INF/jarjar/metadata.json from 1.21.1-maid_storage_manager-1.15.6.jar, it does not contain dependency information.
[04Sep2026 01:47:13.338] [main/TRACE] [net.neoforged.fml.loading.moddiscovery.locators.JarInJarDependencyLocator/]: Failed to load resource META-INF/jarjar/metadata.json from Jade-1.21.1-NeoForge-15.10.6.jar, it does not contain dependency information.
[04Sep2026 01:47:13.338] [main/TRACE] [net.neoforged.fml.loading.moddiscovery.locators.JarInJarDependencyLocator/]: Failed to load resource META-INF/jarjar/metadata.json from tacz_tactical_breaching-neoforge-1.21.1-1.0.4.jar, it does not contain dependency information.
[04Sep2026 01:47:13.338] [main/TRACE] [net.neoforged.fml.loading.moddiscovery.locators.JarInJarDependencyLocator/]: Failed to load resource META-INF/jarjar/metadata.json from geckolib-neoforge-1.21.1-4.9.2.jar, it does not contain dependency information.
[04Sep2026 01:47:13.338] [main/TRACE] [net.neoforged.fml.loading.moddiscovery.locators.JarInJarDependencyLocator/]: Failed to load resource META-INF/jarjar/metadata.json from CreativeCore_NEOFORGE_v2.13.44_mc1.21.1.jar, it does not contain dependency information.
[04Sep2026 01:47:13.338] [main/TRACE] [net.neoforged.fml.loading.moddiscovery.locators.JarInJarDependencyLocator/]: Failed to load resource META-INF/jarjar/metadata.json from jei-1.21.1-neoforge-19.44.0.403.jar, it does not contain dependency information.
[04Sep2026 01:47:13.338] [main/TRACE] [net.neoforged.fml.loading.moddiscovery.locators.JarInJarDependencyLocator/]: Failed to load resource META-INF/jarjar/metadata.json from EclipticSeasons-1.21.1-neoforge-0.14.90-beta.jar, it does not contain dependency information.
[04Sep2026 01:47:13.338] [main/TRACE] [net.neoforged.fml.loading.moddiscovery.locators.JarInJarDependencyLocator/]: Failed to load resource META-INF/jarjar/metadata.json from beltborne_lanterns-1.2.5-neoforge+1.21.1.jar, it does not contain dependency information.
[04Sep2026 01:47:13.338] [main/TRACE] [net.neoforged.fml.loading.moddiscovery.locators.JarInJarDependencyLocator/]: Failed to load resource META-INF/jarjar/metadata.json from naturalist-2.0.3-neoforge-1.21.1.jar, it does not contain dependency information.
[04Sep2026 01:47:13.338] [main/TRACE] [net.neoforged.fml.loading.moddiscovery.locators.JarInJarDependencyLocator/]: Failed to load resource META-INF/jarjar/metadata.json from sophisticatedcore-1.21.1-1.4.90.2299.jar, it does not contain dependency information.
[04Sep2026 01:47:13.339] [main/TRACE] [net.neoforged.fml.loading.moddiscovery.locators.JarInJarDependencyLocator/]: Failed to load resource META-INF/jarjar/metadata.json from touhoulittlemaid-1.5.3-neoforge+mc1.21.1.jar, it does not contain dependency information.
[04Sep2026 01:47:13.339] [main/TRACE] [net.neoforged.fml.loading.moddiscovery.locators.JarInJarDependencyLocator/]: Failed to load resource META-INF/jarjar/metadata.json from curios-neoforge-9.5.1+1.21.1.jar, it does not contain dependency information.
[04Sep2026 01:47:13.339] [main/TRACE] [net.neoforged.fml.loading.moddiscovery.locators.JarInJarDependencyLocator/]: Failed to load resource META-INF/jarjar/metadata.json from Patchouli-1.21.1-93-NEOFORGE.jar, it does not contain dependency information.
[04Sep2026 01:47:13.339] [main/TRACE] [net.neoforged.fml.loading.moddiscovery.locators.JarInJarDependencyLocator/]: Failed to load resource META-INF/jarjar/metadata.json from gravestone-neoforge-1.21.1-1.0.40.jar, it does not contain dependency information.
[04Sep2026 01:47:13.339] [main/TRACE] [net.neoforged.fml.loading.moddiscovery.locators.JarInJarDependencyLocator/]: Failed to load resource META-INF/jarjar/metadata.json from ArPhEx-5.0.2-neoforge-1.21.1.jar, it does not contain dependency information.
[04Sep2026 01:47:13.339] [main/TRACE] [net.neoforged.fml.loading.moddiscovery.locators.JarInJarDependencyLocator/]: Failed to load resource META-INF/jarjar/metadata.json from modernfix-neoforge-5.27.20+mc1.21.1.jar, it does not contain dependency information.
[04Sep2026 01:47:13.339] [main/TRACE] [net.neoforged.fml.loading.moddiscovery.locators.JarInJarDependencyLocator/]: Failed to load resource META-INF/jarjar/metadata.json from NaturesCompass-1.21.1-3.4.0-neoforge.jar, it does not contain dependency information.
[04Sep2026 01:47:13.339] [main/TRACE] [net.neoforged.fml.loading.moddiscovery.locators.JarInJarDependencyLocator/]: Failed to load resource META-INF/jarjar/metadata.json from sophisticatedbackpacks-1.21.1-3.25.78.2107.jar, it does not contain dependency information.
[04Sep2026 01:47:13.339] [main/TRACE] [net.neoforged.fml.loading.moddiscovery.locators.JarInJarDependencyLocator/]: Failed to load resource META-INF/jarjar/metadata.json from architectury-13.0.11-neoforge.jar, it does not contain dependency information.
[04Sep2026 01:47:13.339] [main/TRACE] [net.neoforged.fml.loading.moddiscovery.locators.JarInJarDependencyLocator/]: Failed to load resource META-INF/jarjar/metadata.json from appleskin-neoforge-mc1.21-3.0.9.jar, it does not contain dependency information.
[04Sep2026 01:47:13.339] [main/TRACE] [net.neoforged.fml.loading.moddiscovery.locators.JarInJarDependencyLocator/]: Failed to load resource META-INF/jarjar/metadata.json from ferritecore-7.0.3-neoforge.jar, it does not contain dependency information.
[04Sep2026 01:47:13.339] [main/TRACE] [net.neoforged.fml.loading.moddiscovery.locators.JarInJarDependencyLocator/]: Failed to load resource META-INF/jarjar/metadata.json from cloth-config-15.0.140-neoforge.jar, it does not contain dependency information.
[04Sep2026 01:47:13.339] [main/TRACE] [net.neoforged.fml.loading.moddiscovery.locators.JarInJarDependencyLocator/]: Failed to load resource META-INF/jarjar/metadata.json from PlayerRevive_NEOFORGE_v2.1.2_mc1.21.1.jar, it does not contain dependency information.
[04Sep2026 01:47:13.340] [main/TRACE] [net.neoforged.fml.loading.moddiscovery.locators.JarInJarDependencyLocator/]: Failed to load resource META-INF/jarjar/metadata.json from maidmarriage-2.3.0beta-neoforge+mc1.21.1.jar, it does not contain dependency information.
[04Sep2026 01:47:13.381] [main/DEBUG] [net.neoforged.fml.loading.moddiscovery.readers.JarModsDotTomlModFileReader/SCAN]: Found META-INF/MANIFEST.MF mod of type GAMELIBRARY: 
[04Sep2026 01:47:13.470] [main/DEBUG] [net.neoforged.fml.loading.moddiscovery.readers.JarModsDotTomlModFileReader/SCAN]: Found META-INF/MANIFEST.MF mod of type LIBRARY: 
[04Sep2026 01:47:13.471] [main/DEBUG] [net.neoforged.fml.loading.moddiscovery.readers.JarModsDotTomlModFileReader/SCAN]: Found META-INF/MANIFEST.MF mod of type GAMELIBRARY: 
[04Sep2026 01:47:13.472] [main/DEBUG] [net.neoforged.fml.loading.moddiscovery.readers.JarModsDotTomlModFileReader/SCAN]: Found META-INF/neoforge.mods.toml mod of type null: 
[04Sep2026 01:47:13.472] [main/DEBUG] [net.neoforged.fml.loading.moddiscovery.ModFileParser/LOADING]: Considering mod file candidate 
[04Sep2026 01:47:13.474] [main/DEBUG] [net.neoforged.fml.loading.moddiscovery.ModFileInfo/LOADING]: Found valid mod file thedarkcolour.kffmod-5.12.0.jar with {kotlinforforge} mods - versions {5.12.0}
[04Sep2026 01:47:13.511] [main/DEBUG] [net.neoforged.fml.loading.moddiscovery.readers.JarModsDotTomlModFileReader/SCAN]: Found META-INF/neoforge.mods.toml mod of type null: 
[04Sep2026 01:47:13.511] [main/DEBUG] [net.neoforged.fml.loading.moddiscovery.ModFileParser/LOADING]: Considering mod file candidate 
[04Sep2026 01:47:13.512] [main/DEBUG] [net.neoforged.fml.loading.moddiscovery.ModFileInfo/LOADING]: Found valid mod file simplebedrockmodel-2.2.1-neoforge+mc1.21.1.jar with {simplebedrockmodel} mods - versions {2.2.1-neoforge+mc1.21.1}
[04Sep2026 01:47:13.551] [main/DEBUG] [net.neoforged.fml.loading.moddiscovery.readers.JarModsDotTomlModFileReader/SCAN]: Found META-INF/MANIFEST.MF mod of type GAMELIBRARY: 
[04Sep2026 01:47:13.552] [main/DEBUG] [net.neoforged.fml.loading.moddiscovery.readers.JarModsDotTomlModFileReader/SCAN]: Found META-INF/MANIFEST.MF mod of type LIBRARY: 
[04Sep2026 01:47:13.576] [main/TRACE] [net.neoforged.fml.loading.moddiscovery.locators.JarInJarDependencyLocator/]: Failed to load resource META-INF/jarjar/metadata.json from mixinextras-neoforge-0.5.4.jar, it does not contain dependency information.
[04Sep2026 01:47:13.576] [main/TRACE] [net.neoforged.fml.loading.moddiscovery.locators.JarInJarDependencyLocator/]: Failed to load resource META-INF/jarjar/metadata.json from kotlin-reflect-2.4.0.jar, it does not contain dependency information.
[04Sep2026 01:47:13.576] [main/TRACE] [net.neoforged.fml.loading.moddiscovery.locators.JarInJarDependencyLocator/]: Failed to load resource META-INF/jarjar/metadata.json from kotlin-stdlib-2.4.0.jar, it does not contain dependency information.
[04Sep2026 01:47:13.576] [main/TRACE] [net.neoforged.fml.loading.moddiscovery.locators.JarInJarDependencyLocator/]: Failed to load resource META-INF/jarjar/metadata.json from kotlin-stdlib-jdk7-2.4.0.jar, it does not contain dependency information.
[04Sep2026 01:47:13.576] [main/TRACE] [net.neoforged.fml.loading.moddiscovery.locators.JarInJarDependencyLocator/]: Failed to load resource META-INF/jarjar/metadata.json from kotlin-stdlib-jdk8-2.4.0.jar, it does not contain dependency information.
[04Sep2026 01:47:13.576] [main/TRACE] [net.neoforged.fml.loading.moddiscovery.locators.JarInJarDependencyLocator/]: Failed to load resource META-INF/jarjar/metadata.json from kotlinx-coroutines-core-jvm-1.11.0.jar, it does not contain dependency information.
[04Sep2026 01:47:13.576] [main/TRACE] [net.neoforged.fml.loading.moddiscovery.locators.JarInJarDependencyLocator/]: Failed to load resource META-INF/jarjar/metadata.json from kotlinx-coroutines-jdk8-1.11.0.jar, it does not contain dependency information.
[04Sep2026 01:47:13.576] [main/TRACE] [net.neoforged.fml.loading.moddiscovery.locators.JarInJarDependencyLocator/]: Failed to load resource META-INF/jarjar/metadata.json from thedarkcolour.kfflang-5.12.0.jar, it does not contain dependency information.
[04Sep2026 01:47:13.576] [main/TRACE] [net.neoforged.fml.loading.moddiscovery.locators.JarInJarDependencyLocator/]: Failed to load resource META-INF/jarjar/metadata.json from thedarkcolour.kfflib-5.12.0.jar, it does not contain dependency information.
[04Sep2026 01:47:13.576] [main/TRACE] [net.neoforged.fml.loading.moddiscovery.locators.JarInJarDependencyLocator/]: Failed to load resource META-INF/jarjar/metadata.json from thedarkcolour.kffmod-5.12.0.jar, it does not contain dependency information.
[04Sep2026 01:47:13.576] [main/TRACE] [net.neoforged.fml.loading.moddiscovery.locators.JarInJarDependencyLocator/]: Failed to load resource META-INF/jarjar/metadata.json from kotlinx-serialization-core-jvm-1.11.0.jar, it does not contain dependency information.
[04Sep2026 01:47:13.576] [main/TRACE] [net.neoforged.fml.loading.moddiscovery.locators.JarInJarDependencyLocator/]: Failed to load resource META-INF/jarjar/metadata.json from kotlinx-serialization-json-jvm-1.11.0.jar, it does not contain dependency information.
[04Sep2026 01:47:13.577] [main/TRACE] [net.neoforged.fml.loading.moddiscovery.locators.JarInJarDependencyLocator/]: Failed to load resource META-INF/jarjar/metadata.json from luaj-core-3.0.8-figura.jar, it does not contain dependency information.
[04Sep2026 01:47:13.577] [main/TRACE] [net.neoforged.fml.loading.moddiscovery.locators.JarInJarDependencyLocator/]: Failed to load resource META-INF/jarjar/metadata.json from luaj-jse-3.0.8-figura.jar, it does not contain dependency information.
[04Sep2026 01:47:13.580] [main/TRACE] [net.neoforged.fml.loading.moddiscovery.locators.JarInJarDependencyLocator/]: Failed to load resource META-INF/jarjar/metadata.json from bcel-6.6.1.jar, it does not contain dependency information.
[04Sep2026 01:47:13.580] [main/TRACE] [net.neoforged.fml.loading.moddiscovery.locators.JarInJarDependencyLocator/]: Failed to load resource META-INF/jarjar/metadata.json from commons-math3-3.6.1.jar, it does not contain dependency information.
[04Sep2026 01:47:13.580] [main/TRACE] [net.neoforged.fml.loading.moddiscovery.locators.JarInJarDependencyLocator/]: Failed to load resource META-INF/jarjar/metadata.json from mixinextras-neoforge-0.5.3.jar, it does not contain dependency information.
[04Sep2026 01:47:13.580] [main/TRACE] [net.neoforged.fml.loading.moddiscovery.locators.JarInJarDependencyLocator/]: Failed to load resource META-INF/jarjar/metadata.json from net.neoforged.neoforge-coremods-21.1.238.jar, it does not contain dependency information.
[04Sep2026 01:47:13.580] [main/TRACE] [net.neoforged.fml.loading.moddiscovery.locators.JarInJarDependencyLocator/]: Failed to load resource META-INF/jarjar/metadata.json from tomlkt-jvm-0.3.7.jar, it does not contain dependency information.
[04Sep2026 01:47:13.580] [main/TRACE] [net.neoforged.fml.loading.moddiscovery.locators.JarInJarDependencyLocator/]: Failed to load resource META-INF/jarjar/metadata.json from jankson-1.2.3.jar, it does not contain dependency information.
[04Sep2026 01:47:13.580] [main/TRACE] [net.neoforged.fml.loading.moddiscovery.locators.JarInJarDependencyLocator/]: Failed to load resource META-INF/jarjar/metadata.json from kotlin-stdlib-2.3.0.jar, it does not contain dependency information.
[04Sep2026 01:47:13.580] [main/TRACE] [net.neoforged.fml.loading.moddiscovery.locators.JarInJarDependencyLocator/]: Failed to load resource META-INF/jarjar/metadata.json from mae-1.1.2.jar, it does not contain dependency information.
[04Sep2026 01:47:13.597] [main/DEBUG] [net.neoforged.fml.loading.moddiscovery.readers.JarModsDotTomlModFileReader/SCAN]: Found META-INF/neoforge.mods.toml mod of type null: 
[04Sep2026 01:47:13.597] [main/DEBUG] [net.neoforged.fml.loading.moddiscovery.ModFileParser/LOADING]: Considering mod file candidate 
[04Sep2026 01:47:13.598] [main/DEBUG] [net.neoforged.fml.loading.moddiscovery.ModFileInfo/LOADING]: Found valid mod file thedarkcolour.kffmod-5.12.0.jar with {kotlinforforge} mods - versions {5.12.0}
[04Sep2026 01:47:13.599] [main/DEBUG] [net.neoforged.fml.loading.moddiscovery.readers.JarModsDotTomlModFileReader/SCAN]: Found META-INF/MANIFEST.MF mod of type LIBRARY: 
[04Sep2026 01:47:13.603] [main/DEBUG] [net.neoforged.fml.loading.moddiscovery.readers.JarModsDotTomlModFileReader/SCAN]: Found META-INF/MANIFEST.MF mod of type GAMELIBRARY: 
[04Sep2026 01:47:13.607] [main/DEBUG] [net.neoforged.fml.loading.moddiscovery.readers.JarModsDotTomlModFileReader/SCAN]: Found META-INF/neoforge.mods.toml mod of type null: 
[04Sep2026 01:47:13.607] [main/DEBUG] [net.neoforged.fml.loading.moddiscovery.ModFileParser/LOADING]: Considering mod file candidate 
[04Sep2026 01:47:13.607] [main/DEBUG] [net.neoforged.fml.loading.moddiscovery.ModFileInfo/LOADING]: Found valid mod file simplebedrockmodel-2.2.1-neoforge+mc1.21.1.jar with {simplebedrockmodel} mods - versions {2.2.1-neoforge+mc1.21.1}
[04Sep2026 01:47:13.627] [main/DEBUG] [net.neoforged.fml.loading.moddiscovery.readers.JarModsDotTomlModFileReader/SCAN]: Found META-INF/MANIFEST.MF mod of type LIBRARY: 
[04Sep2026 01:47:13.668] [main/DEBUG] [net.neoforged.fml.loading.moddiscovery.readers.JarModsDotTomlModFileReader/SCAN]: Found META-INF/MANIFEST.MF mod of type GAMELIBRARY: 
[04Sep2026 01:47:13.699] [main/INFO] [net.neoforged.fml.loading.moddiscovery.locators.JarInJarDependencyLocator/]: Found 21 dependencies adding them to mods collection
[04Sep2026 01:47:13.699] [main/INFO] [net.neoforged.fml.loading.moddiscovery.ModDiscoverer/SCAN]: Found gamelibrary file "mixinextras-neoforge-0.5.3.jar" [parent: neoforge-21.1.238-universal.jar, locator: jarinjar, reader: mod manifest]
[04Sep2026 01:47:13.699] [main/INFO] [net.neoforged.fml.loading.moddiscovery.ModDiscoverer/SCAN]: Found library file "tomlkt-jvm-0.3.7.jar" [parent: fzzy_config-0.7.6+1.21+neoforge.jar, locator: jarinjar]
[04Sep2026 01:47:13.699] [main/INFO] [net.neoforged.fml.loading.moddiscovery.ModDiscoverer/SCAN]: Found library file "luaj-core-3.0.8-figura.jar" [parent: tacz-neoforge-1.21.1-1.1.8-hotfix-r6.jar, locator: jarinjar]
[04Sep2026 01:47:13.699] [main/INFO] [net.neoforged.fml.loading.moddiscovery.ModDiscoverer/SCAN]: Found library file "kotlinx-coroutines-jdk8-1.11.0.jar" [parent: kotlinforforge-5.12.0-all.jar, locator: jarinjar]
[04Sep2026 01:47:13.700] [main/INFO] [net.neoforged.fml.loading.moddiscovery.ModDiscoverer/SCAN]: Found library file "net.neoforged.neoforge-coremods-21.1.238.jar" [parent: neoforge-21.1.238-universal.jar, locator: jarinjar, reader: mod manifest]
[04Sep2026 01:47:13.700] [main/INFO] [net.neoforged.fml.loading.moddiscovery.ModDiscoverer/SCAN]: Found library file "kotlin-stdlib-jdk7-2.4.0.jar" [parent: kotlinforforge-5.12.0-all.jar, locator: jarinjar]
[04Sep2026 01:47:13.700] [main/INFO] [net.neoforged.fml.loading.moddiscovery.ModDiscoverer/SCAN]: Found library file "kotlin-stdlib-jdk8-2.4.0.jar" [parent: kotlinforforge-5.12.0-all.jar, locator: jarinjar]
[04Sep2026 01:47:13.700] [main/INFO] [net.neoforged.fml.loading.moddiscovery.ModDiscoverer/SCAN]: Found library file "mae-1.1.2.jar" [parent: simplebedrockmodel-2.2.1-neoforge+mc1.21.1.jar, locator: jarinjar]
[04Sep2026 01:47:13.700] [main/INFO] [net.neoforged.fml.loading.moddiscovery.ModDiscoverer/SCAN]: Found library file "thedarkcolour.kfflang-5.12.0.jar" [parent: kotlinforforge-5.12.0-all.jar, locator: jarinjar, reader: mod manifest]
[04Sep2026 01:47:13.700] [main/INFO] [net.neoforged.fml.loading.moddiscovery.ModDiscoverer/SCAN]: Found library file "bcel-6.6.1.jar" [parent: tacz-neoforge-1.21.1-1.1.8-hotfix-r6.jar, locator: jarinjar]
[04Sep2026 01:47:13.700] [main/INFO] [net.neoforged.fml.loading.moddiscovery.ModDiscoverer/SCAN]: Found library file "luaj-jse-3.0.8-figura.jar" [parent: tacz-neoforge-1.21.1-1.1.8-hotfix-r6.jar, locator: jarinjar]
[04Sep2026 01:47:13.700] [main/INFO] [net.neoforged.fml.loading.moddiscovery.ModDiscoverer/SCAN]: Found gamelibrary file "thedarkcolour.kfflib-5.12.0.jar" [parent: kotlinforforge-5.12.0-all.jar, locator: jarinjar, reader: mod manifest]
[04Sep2026 01:47:13.700] [main/INFO] [net.neoforged.fml.loading.moddiscovery.ModDiscoverer/SCAN]: Found library file "kotlinx-serialization-core-jvm-1.11.0.jar" [parent: kotlinforforge-5.12.0-all.jar, locator: jarinjar]
[04Sep2026 01:47:13.701] [main/INFO] [net.neoforged.fml.loading.moddiscovery.ModDiscoverer/SCAN]: Found mod file "thedarkcolour.kffmod-5.12.0.jar" [parent: kotlinforforge-5.12.0-all.jar, locator: jarinjar, reader: mod manifest]
[04Sep2026 01:47:13.701] [main/INFO] [net.neoforged.fml.loading.moddiscovery.ModDiscoverer/SCAN]: Found library file "kotlin-reflect-2.4.0.jar" [parent: kotlinforforge-5.12.0-all.jar, locator: jarinjar]
[04Sep2026 01:47:13.701] [main/INFO] [net.neoforged.fml.loading.moddiscovery.ModDiscoverer/SCAN]: Found library file "kotlin-stdlib-2.4.0.jar" [parent: kotlinforforge-5.12.0-all.jar, locator: jarinjar]
[04Sep2026 01:47:13.701] [main/INFO] [net.neoforged.fml.loading.moddiscovery.ModDiscoverer/SCAN]: Found library file "kotlinx-serialization-json-jvm-1.11.0.jar" [parent: kotlinforforge-5.12.0-all.jar, locator: jarinjar]
[04Sep2026 01:47:13.701] [main/INFO] [net.neoforged.fml.loading.moddiscovery.ModDiscoverer/SCAN]: Found mod file "simplebedrockmodel-2.2.1-neoforge+mc1.21.1.jar" [parent: tacz-neoforge-1.21.1-1.1.8-hotfix-r6.jar, locator: jarinjar, reader: mod manifest]
[04Sep2026 01:47:13.701] [main/INFO] [net.neoforged.fml.loading.moddiscovery.ModDiscoverer/SCAN]: Found library file "commons-math3-3.6.1.jar" [parent: tacz-neoforge-1.21.1-1.1.8-hotfix-r6.jar, locator: jarinjar]
[04Sep2026 01:47:13.701] [main/INFO] [net.neoforged.fml.loading.moddiscovery.ModDiscoverer/SCAN]: Found library file "kotlinx-coroutines-core-jvm-1.11.0.jar" [parent: kotlinforforge-5.12.0-all.jar, locator: jarinjar]
[04Sep2026 01:47:13.701] [main/INFO] [net.neoforged.fml.loading.moddiscovery.ModDiscoverer/SCAN]: Found library file "jankson-1.2.3.jar" [parent: fzzy_config-0.7.6+1.21+neoforge.jar, locator: jarinjar]
[04Sep2026 01:47:13.703] [main/INFO] [net.neoforged.fml.loading.moddiscovery.ModDiscoverer/]: 
     Mod List:
		Name Version (Mod Id)

		AppleSkin 3.0.9+mc1.21 (appleskin)
		Architectury 13.0.11 (architectury)
		Arthropod Phobia Expansions 5.0.2 (arphex)
		Beltborne Lanterns 1.2.5 (beltborne_lanterns)
		Cloth Config v15 API 15.0.140 (cloth_config)
		CreativeCore 2.13.44 (creativecore)
		Curios API 9.5.1+1.21.1 (curios)
		Ecliptic Seasons 0.14.90-beta (eclipticseasons)
		Farmer's Delight 1.3.3 (farmersdelight)
		Ferrite Core 7.0.3 (ferritecore)
		Fzzy Config 0.7.6+1.21+neoforge (fzzy_config)
		GeckoLib 4 4.9.2 (geckolib)
		Goatman Neoforge 1.0.0 (goatman)
		Gravestone Mod 1.21.1-1.0.40 (gravestone)
		Jade 15.10.6+neoforge (jade)
		Just Enough Items 19.44.0.403 (jei)
		Kotlin For Forge 5.12.0 (kotlinforforge)
		maid storage manager 1.15.6 (maid_storage_manager)
		Minecraft 1.21.1 (minecraft)
		Minecraft Comes Alive 7.7.36-beta.3+1.21.1 (mca)
		ModernFix 5.27.20+mc1.21.1 (modernfix)
		Naturalist 2.0.3 (naturalist)
		Nature's Compass 1.21.1-3.4.0-neoforge (naturescompass)
		NeoForge 21.1.238 (neoforge)
		Patchouli 1.21.1-93-NEOFORGE (patchouli)
		PlayerRevive 2.1.2 (playerrevive)
		SimpleBedrockModel 2.2.1-neoforge+mc1.21.1 (simplebedrockmodel)
		Sophisticated Backpacks 3.25.78 (sophisticatedbackpacks)
		Sophisticated Core 1.4.90 (sophisticatedcore)
		TaCZ Pack Upgrader 2.1.3 (taczpackupgrader)
		TaCZ Tactical Breaching 1.0.4 (tacz_tactical_breaching)
		Timeless & Classics Guns: Zero 1.1.8-hotfix-r6 (tacz)
		Touhou Little Maid 1.5.3-neoforge+mc1.21.1 (touhou_little_maid)
		Touhou Little Maid: Heart Pact 2.3.0beta (maidmarriage)
[04Sep2026 01:47:13.704] [main/DEBUG] [net.neoforged.fml.loading.moddiscovery.ModFileParser/LOADING]: Considering mod file candidate /home/ms33/servidor_neo/mods/1.21.1-maid_storage_manager-1.15.6.jar
[04Sep2026 01:47:13.705] [main/DEBUG] [net.neoforged.fml.loading.moddiscovery.ModFileInfo/LOADING]: Found valid mod file 1.21.1-maid_storage_manager-1.15.6.jar with {maid_storage_manager} mods - versions {1.15.6}
[04Sep2026 01:47:13.705] [main/DEBUG] [net.neoforged.fml.loading.moddiscovery.ModFile/LOADING]: Loading mod file /home/ms33/servidor_neo/mods/1.21.1-maid_storage_manager-1.15.6.jar with languages [LanguageSpec[languageName=javafml, acceptedVersions=[4,)]]
[04Sep2026 01:47:13.706] [main/DEBUG] [net.neoforged.fml.loading.moddiscovery.ModFile/LOADING]: Found mixin config MixinConfig[config=maid_storage_manager.mixins.json, requiredMods=[]]
[04Sep2026 01:47:13.707] [main/DEBUG] [net.neoforged.fml.loading.moddiscovery.ModFileParser/LOADING]: Considering mod file candidate /home/ms33/servidor_neo/mods/geckolib-neoforge-1.21.1-4.9.2.jar
[04Sep2026 01:47:13.708] [main/DEBUG] [net.neoforged.fml.loading.moddiscovery.ModFileInfo/LOADING]: Found valid mod file geckolib-neoforge-1.21.1-4.9.2.jar with {geckolib} mods - versions {4.9.2}
[04Sep2026 01:47:13.708] [main/DEBUG] [net.neoforged.fml.loading.moddiscovery.ModFile/LOADING]: Loading mod file /home/ms33/servidor_neo/mods/geckolib-neoforge-1.21.1-4.9.2.jar with languages [LanguageSpec[languageName=javafml, acceptedVersions=[4,)]]
[04Sep2026 01:47:13.708] [main/DEBUG] [net.neoforged.fml.loading.moddiscovery.ModFile/LOADING]: Found mixin config MixinConfig[config=geckolib.mixins.json, requiredMods=[]]
[04Sep2026 01:47:13.708] [main/DEBUG] [net.neoforged.fml.loading.moddiscovery.ModFileParser/LOADING]: Considering mod file candidate /home/ms33/servidor_neo/mods/mca-neoforge-7.7.36-beta.3+1.21.1.jar
[04Sep2026 01:47:13.708] [main/DEBUG] [net.neoforged.fml.loading.moddiscovery.ModFileInfo/LOADING]: Found valid mod file mca-neoforge-7.7.36-beta.3+1.21.1.jar with {mca} mods - versions {7.7.36-beta.3+1.21.1}
[04Sep2026 01:47:13.709] [main/DEBUG] [net.neoforged.fml.loading.moddiscovery.ModFile/LOADING]: Loading mod file /home/ms33/servidor_neo/mods/mca-neoforge-7.7.36-beta.3+1.21.1.jar with languages [LanguageSpec[languageName=javafml, acceptedVersions=[1,)]]
[04Sep2026 01:47:13.709] [main/DEBUG] [net.neoforged.fml.loading.moddiscovery.ModFile/LOADING]: Found mixin config MixinConfig[config=mca.mixins.json, requiredMods=[]]
[04Sep2026 01:47:13.709] [main/DEBUG] [net.neoforged.fml.loading.moddiscovery.ModFile/LOADING]: Found mixin config MixinConfig[config=mca.journeymap.mixins.json, requiredMods=[journeymap]]
[04Sep2026 01:47:13.709] [main/DEBUG] [net.neoforged.fml.loading.moddiscovery.ModFileParser/LOADING]: Considering mod file candidate /home/ms33/servidor_neo/mods/tacz_tactical_breaching-neoforge-1.21.1-1.0.4.jar
[04Sep2026 01:47:13.710] [main/DEBUG] [net.neoforged.fml.loading.moddiscovery.ModFileInfo/LOADING]: Found valid mod file tacz_tactical_breaching-neoforge-1.21.1-1.0.4.jar with {tacz_tactical_breaching} mods - versions {1.0.4}
[04Sep2026 01:47:13.710] [main/DEBUG] [net.neoforged.fml.loading.moddiscovery.ModFile/LOADING]: Loading mod file /home/ms33/servidor_neo/mods/tacz_tactical_breaching-neoforge-1.21.1-1.0.4.jar with languages [LanguageSpec[languageName=javafml, acceptedVersions=[1,)]]
[04Sep2026 01:47:13.710] [main/DEBUG] [net.neoforged.fml.loading.moddiscovery.ModFile/LOADING]: Found mixin config MixinConfig[config=tacz_tactical_breaching.mixins.json, requiredMods=[]]
[04Sep2026 01:47:13.710] [main/DEBUG] [net.neoforged.fml.loading.moddiscovery.ModFileParser/LOADING]: Considering mod file candidate /home/ms33/servidor_neo/mods/jei-1.21.1-neoforge-19.44.0.403.jar
[04Sep2026 01:47:13.711] [main/DEBUG] [net.neoforged.fml.loading.moddiscovery.ModFileInfo/LOADING]: Found valid mod file jei-1.21.1-neoforge-19.44.0.403.jar with {jei} mods - versions {19.44.0.403}
[04Sep2026 01:47:13.711] [main/DEBUG] [net.neoforged.fml.loading.moddiscovery.ModFile/LOADING]: Loading mod file /home/ms33/servidor_neo/mods/jei-1.21.1-neoforge-19.44.0.403.jar with languages [LanguageSpec[languageName=javafml, acceptedVersions=[4,)]]
[04Sep2026 01:47:13.711] [main/DEBUG] [net.neoforged.fml.loading.moddiscovery.ModFileParser/LOADING]: Considering mod file candidate /home/ms33/servidor_neo/mods/naturalist-2.0.3-neoforge-1.21.1.jar
[04Sep2026 01:47:13.712] [main/DEBUG] [net.neoforged.fml.loading.moddiscovery.ModFileInfo/LOADING]: Found valid mod file naturalist-2.0.3-neoforge-1.21.1.jar with {naturalist} mods - versions {2.0.3}
[04Sep2026 01:47:13.712] [main/DEBUG] [net.neoforged.fml.loading.moddiscovery.ModFile/LOADING]: Loading mod file /home/ms33/servidor_neo/mods/naturalist-2.0.3-neoforge-1.21.1.jar with languages [LanguageSpec[languageName=javafml, acceptedVersions=[1,)]]
[04Sep2026 01:47:13.712] [main/DEBUG] [net.neoforged.fml.loading.moddiscovery.ModFile/LOADING]: Found mixin config MixinConfig[config=naturalist.mixins.json, requiredMods=[]]
[04Sep2026 01:47:13.712] [main/DEBUG] [net.neoforged.fml.loading.moddiscovery.ModFile/LOADING]: Found mixin config MixinConfig[config=naturalist.fieldguide.mixins.json, requiredMods=[]]
[04Sep2026 01:47:13.712] [main/DEBUG] [net.neoforged.fml.loading.moddiscovery.ModFileParser/LOADING]: Considering mod file candidate /home/ms33/servidor_neo/mods/tacz-neoforge-1.21.1-1.1.8-hotfix-r6.jar
[04Sep2026 01:47:13.712] [main/DEBUG] [net.neoforged.fml.loading.moddiscovery.ModFileInfo/LOADING]: Found valid mod file tacz-neoforge-1.21.1-1.1.8-hotfix-r6.jar with {tacz} mods - versions {1.1.8-hotfix-r6}
[04Sep2026 01:47:13.713] [main/DEBUG] [net.neoforged.fml.loading.moddiscovery.ModFile/LOADING]: Loading mod file /home/ms33/servidor_neo/mods/tacz-neoforge-1.21.1-1.1.8-hotfix-r6.jar with languages [LanguageSpec[languageName=javafml, acceptedVersions=[1,)]]
[04Sep2026 01:47:13.713] [main/DEBUG] [net.neoforged.fml.loading.moddiscovery.ModFile/LOADING]: Found mixin config MixinConfig[config=tacz.mixins.json, requiredMods=[]]
[04Sep2026 01:47:13.713] [main/DEBUG] [net.neoforged.fml.loading.moddiscovery.ModFile/LOADING]: Found mixin config MixinConfig[config=tacz.compat.acceleratedrendering.mixins.json, requiredMods=[]]
[04Sep2026 01:47:13.713] [main/DEBUG] [net.neoforged.fml.loading.moddiscovery.ModFileParser/LOADING]: Considering mod file candidate /home/ms33/servidor_neo/mods/sophisticatedcore-1.21.1-1.4.90.2299.jar
[04Sep2026 01:47:13.713] [main/DEBUG] [net.neoforged.fml.loading.moddiscovery.ModFileInfo/LOADING]: Found valid mod file sophisticatedcore-1.21.1-1.4.90.2299.jar with {sophisticatedcore} mods - versions {1.4.90}
[04Sep2026 01:47:13.714] [main/DEBUG] [net.neoforged.fml.loading.moddiscovery.ModFile/LOADING]: Loading mod file /home/ms33/servidor_neo/mods/sophisticatedcore-1.21.1-1.4.90.2299.jar with languages [LanguageSpec[languageName=javafml, acceptedVersions=[4,)]]
[04Sep2026 01:47:13.714] [main/DEBUG] [net.neoforged.fml.loading.moddiscovery.ModFile/LOADING]: Found mixin config MixinConfig[config=sophisticatedcore.mixins.json, requiredMods=[]]
[04Sep2026 01:47:13.714] [main/DEBUG] [net.neoforged.fml.loading.moddiscovery.ModFile/LOADING]: Found mixin config MixinConfig[config=sophisticatedcore.create.mixins.json, requiredMods=[create]]
[04Sep2026 01:47:13.714] [main/DEBUG] [net.neoforged.fml.loading.moddiscovery.ModFileParser/LOADING]: Considering mod file candidate /home/ms33/servidor_neo/libraries/net/neoforged/neoforge/21.1.238/neoforge-21.1.238-universal.jar
[04Sep2026 01:47:13.714] [main/DEBUG] [net.neoforged.fml.loading.moddiscovery.ModFileInfo/LOADING]: Found valid mod file neoforge-21.1.238-universal.jar with {neoforge} mods - versions {21.1.238}
[04Sep2026 01:47:13.714] [main/DEBUG] [net.neoforged.fml.loading.moddiscovery.ModFile/LOADING]: Loading mod file /home/ms33/servidor_neo/libraries/net/neoforged/neoforge/21.1.238/neoforge-21.1.238-universal.jar with languages [LanguageSpec[languageName=javafml, acceptedVersions=[3,]]]
[04Sep2026 01:47:13.714] [main/DEBUG] [net.neoforged.fml.loading.moddiscovery.ModFile/LOADING]: Found mixin config MixinConfig[config=neoforge.mixins.json, requiredMods=[]]
[04Sep2026 01:47:13.714] [main/DEBUG] [net.neoforged.fml.loading.moddiscovery.ModFileParser/LOADING]: Considering mod file candidate /home/ms33/servidor_neo/mods/modernfix-neoforge-5.27.20+mc1.21.1.jar
[04Sep2026 01:47:13.715] [main/DEBUG] [net.neoforged.fml.loading.moddiscovery.ModFileInfo/LOADING]: Found valid mod file modernfix-neoforge-5.27.20+mc1.21.1.jar with {modernfix} mods - versions {5.27.20+mc1.21.1}
[04Sep2026 01:47:13.715] [main/DEBUG] [net.neoforged.fml.loading.moddiscovery.ModFile/LOADING]: Loading mod file /home/ms33/servidor_neo/mods/modernfix-neoforge-5.27.20+mc1.21.1.jar with languages [LanguageSpec[languageName=javafml, acceptedVersions=[1,)]]
[04Sep2026 01:47:13.715] [main/DEBUG] [net.neoforged.fml.loading.moddiscovery.ModFile/LOADING]: Found mixin config MixinConfig[config=modernfix-modernfix.mixins.json, requiredMods=[]]
[04Sep2026 01:47:13.715] [main/DEBUG] [net.neoforged.fml.loading.moddiscovery.ModFileParser/LOADING]: Considering mod file candidate /home/ms33/servidor_neo/mods/NaturesCompass-1.21.1-3.4.0-neoforge.jar
[04Sep2026 01:47:13.716] [main/DEBUG] [net.neoforged.fml.loading.moddiscovery.ModFileInfo/LOADING]: Found valid mod file NaturesCompass-1.21.1-3.4.0-neoforge.jar with {naturescompass} mods - versions {1.21.1-3.4.0-neoforge}
[04Sep2026 01:47:13.716] [main/DEBUG] [net.neoforged.fml.loading.moddiscovery.ModFile/LOADING]: Loading mod file /home/ms33/servidor_neo/mods/NaturesCompass-1.21.1-3.4.0-neoforge.jar with languages [LanguageSpec[languageName=javafml, acceptedVersions=[4,)]]
[04Sep2026 01:47:13.716] [main/DEBUG] [net.neoforged.fml.loading.moddiscovery.ModFileParser/LOADING]: Considering mod file candidate /home/ms33/servidor_neo/mods/sophisticatedbackpacks-1.21.1-3.25.78.2107.jar
[04Sep2026 01:47:13.717] [main/DEBUG] [net.neoforged.fml.loading.moddiscovery.ModFileInfo/LOADING]: Found valid mod file sophisticatedbackpacks-1.21.1-3.25.78.2107.jar with {sophisticatedbackpacks} mods - versions {3.25.78}
[04Sep2026 01:47:13.717] [main/DEBUG] [net.neoforged.fml.loading.moddiscovery.ModFile/LOADING]: Loading mod file /home/ms33/servidor_neo/mods/sophisticatedbackpacks-1.21.1-3.25.78.2107.jar with languages [LanguageSpec[languageName=javafml, acceptedVersions=[4,)]]
[04Sep2026 01:47:13.717] [main/DEBUG] [net.neoforged.fml.loading.moddiscovery.ModFile/LOADING]: Found mixin config MixinConfig[config=sophisticatedbackpacks.mixins.json, requiredMods=[]]
[04Sep2026 01:47:13.717] [main/DEBUG] [net.neoforged.fml.loading.moddiscovery.ModFileParser/LOADING]: Considering mod file candidate /home/ms33/servidor_neo/mods/cloth-config-15.0.140-neoforge.jar
[04Sep2026 01:47:13.717] [main/DEBUG] [net.neoforged.fml.loading.moddiscovery.ModFileInfo/LOADING]: Found valid mod file cloth-config-15.0.140-neoforge.jar with {cloth_config} mods - versions {15.0.140}
[04Sep2026 01:47:13.717] [main/DEBUG] [net.neoforged.fml.loading.moddiscovery.ModFile/LOADING]: Loading mod file /home/ms33/servidor_neo/mods/cloth-config-15.0.140-neoforge.jar with languages [LanguageSpec[languageName=javafml, acceptedVersions=[1,)]]
[04Sep2026 01:47:13.717] [main/DEBUG] [net.neoforged.fml.loading.moddiscovery.ModFileParser/LOADING]: Considering mod file candidate /home/ms33/servidor_neo/mods/fzzy_config-0.7.6+1.21+neoforge.jar
[04Sep2026 01:47:13.718] [main/DEBUG] [net.neoforged.fml.loading.moddiscovery.ModFileInfo/LOADING]: Found valid mod file fzzy_config-0.7.6+1.21+neoforge.jar with {fzzy_config} mods - versions {0.7.6+1.21+neoforge}
[04Sep2026 01:47:13.718] [main/DEBUG] [net.neoforged.fml.loading.moddiscovery.ModFile/LOADING]: Loading mod file /home/ms33/servidor_neo/mods/fzzy_config-0.7.6+1.21+neoforge.jar with languages [LanguageSpec[languageName=javafml, acceptedVersions=[1,)]]
[04Sep2026 01:47:13.718] [main/DEBUG] [net.neoforged.fml.loading.moddiscovery.ModFileParser/LOADING]: Considering mod file candidate /home/ms33/servidor_neo/mods/maidmarriage-2.3.0beta-neoforge+mc1.21.1.jar
[04Sep2026 01:47:13.719] [main/DEBUG] [net.neoforged.fml.loading.moddiscovery.ModFileInfo/LOADING]: Found valid mod file maidmarriage-2.3.0beta-neoforge+mc1.21.1.jar with {maidmarriage} mods - versions {2.3.0beta}
[04Sep2026 01:47:13.719] [main/DEBUG] [net.neoforged.fml.loading.moddiscovery.ModFile/LOADING]: Loading mod file /home/ms33/servidor_neo/mods/maidmarriage-2.3.0beta-neoforge+mc1.21.1.jar with languages [LanguageSpec[languageName=javafml, acceptedVersions=[4,)]]
[04Sep2026 01:47:13.719] [main/DEBUG] [net.neoforged.fml.loading.moddiscovery.ModFile/LOADING]: Found mixin config MixinConfig[config=maidmarriage.mixins.json, requiredMods=[]]
[04Sep2026 01:47:13.719] [main/DEBUG] [net.neoforged.fml.loading.moddiscovery.ModFileParser/LOADING]: Considering mod file candidate /home/ms33/servidor_neo/mods/tacz-pack-upgrader-2.1.3.jar
[04Sep2026 01:47:13.720] [main/DEBUG] [net.neoforged.fml.loading.moddiscovery.ModFileInfo/LOADING]: Found valid mod file tacz-pack-upgrader-2.1.3.jar with {taczpackupgrader} mods - versions {2.1.3}
[04Sep2026 01:47:13.720] [main/DEBUG] [net.neoforged.fml.loading.moddiscovery.ModFile/LOADING]: Loading mod file /home/ms33/servidor_neo/mods/tacz-pack-upgrader-2.1.3.jar with languages [LanguageSpec[languageName=javafml, acceptedVersions=[0,)]]
[04Sep2026 01:47:13.720] [main/DEBUG] [net.neoforged.fml.loading.moddiscovery.ModFileInfo/LOADING]: Found valid mod file server-1.21.1-20240808.144430-srg.jar with {minecraft} mods - versions {1.21.1}
[04Sep2026 01:47:13.720] [main/DEBUG] [net.neoforged.fml.loading.moddiscovery.ModFile/LOADING]: Loading mod file /home/ms33/servidor_neo/libraries/net/minecraft/server/1.21.1-20240808.144430/server-1.21.1-20240808.144430-srg.jar with languages [LanguageSpec[languageName=minecraft, acceptedVersions=1]]
[04Sep2026 01:47:13.720] [main/DEBUG] [net.neoforged.fml.loading.moddiscovery.ModFileParser/LOADING]: Considering mod file candidate /home/ms33/servidor_neo/mods/FarmersDelight-1.21.1-1.3.3.jar
[04Sep2026 01:47:13.721] [main/DEBUG] [net.neoforged.fml.loading.moddiscovery.ModFileInfo/LOADING]: Found valid mod file FarmersDelight-1.21.1-1.3.3.jar with {farmersdelight} mods - versions {1.3.3}
[04Sep2026 01:47:13.721] [main/DEBUG] [net.neoforged.fml.loading.moddiscovery.ModFile/LOADING]: Loading mod file /home/ms33/servidor_neo/mods/FarmersDelight-1.21.1-1.3.3.jar with languages [LanguageSpec[languageName=javafml, acceptedVersions=[4,)]]
[04Sep2026 01:47:13.721] [main/DEBUG] [net.neoforged.fml.loading.moddiscovery.ModFile/LOADING]: Found mixin config MixinConfig[config=farmersdelight.mixins.json, requiredMods=[]]
[04Sep2026 01:47:13.721] [main/DEBUG] [net.neoforged.fml.loading.moddiscovery.ModFileParser/LOADING]: Considering mod file candidate /home/ms33/servidor_neo/mods/goatman-1.0.0.jar
[04Sep2026 01:47:13.722] [main/DEBUG] [net.neoforged.fml.loading.moddiscovery.ModFileInfo/LOADING]: Found valid mod file goatman-1.0.0.jar with {goatman} mods - versions {1.0.0}
[04Sep2026 01:47:13.722] [main/DEBUG] [net.neoforged.fml.loading.moddiscovery.ModFile/LOADING]: Loading mod file /home/ms33/servidor_neo/mods/goatman-1.0.0.jar with languages [LanguageSpec[languageName=javafml, acceptedVersions=[1,)]]
[04Sep2026 01:47:13.722] [main/DEBUG] [net.neoforged.fml.loading.moddiscovery.ModFileParser/LOADING]: Considering mod file candidate /home/ms33/servidor_neo/mods/Jade-1.21.1-NeoForge-15.10.6.jar
[04Sep2026 01:47:13.722] [main/DEBUG] [net.neoforged.fml.loading.moddiscovery.ModFileInfo/LOADING]: Found valid mod file Jade-1.21.1-NeoForge-15.10.6.jar with {jade} mods - versions {15.10.6+neoforge}
[04Sep2026 01:47:13.722] [main/DEBUG] [net.neoforged.fml.loading.moddiscovery.ModFile/LOADING]: Loading mod file /home/ms33/servidor_neo/mods/Jade-1.21.1-NeoForge-15.10.6.jar with languages [LanguageSpec[languageName=javafml, acceptedVersions=[1,)]]
[04Sep2026 01:47:13.723] [main/DEBUG] [net.neoforged.fml.loading.moddiscovery.ModFile/LOADING]: Found mixin config MixinConfig[config=jade.mixins.json, requiredMods=[]]
[04Sep2026 01:47:13.723] [main/DEBUG] [net.neoforged.fml.loading.moddiscovery.ModFileParser/LOADING]: Considering mod file candidate /home/ms33/servidor_neo/mods/CreativeCore_NEOFORGE_v2.13.44_mc1.21.1.jar
[04Sep2026 01:47:13.723] [main/DEBUG] [net.neoforged.fml.loading.moddiscovery.ModFileInfo/LOADING]: Found valid mod file CreativeCore_NEOFORGE_v2.13.44_mc1.21.1.jar with {creativecore} mods - versions {2.13.44}
[04Sep2026 01:47:13.723] [main/DEBUG] [net.neoforged.fml.loading.moddiscovery.ModFile/LOADING]: Loading mod file /home/ms33/servidor_neo/mods/CreativeCore_NEOFORGE_v2.13.44_mc1.21.1.jar with languages [LanguageSpec[languageName=javafml, acceptedVersions=[1,)]]
[04Sep2026 01:47:13.723] [main/DEBUG] [net.neoforged.fml.loading.moddiscovery.ModFile/LOADING]: Found mixin config MixinConfig[config=creativecore.mixins.json, requiredMods=[]]
[04Sep2026 01:47:13.723] [main/DEBUG] [net.neoforged.fml.loading.moddiscovery.ModFile/LOADING]: Found mixin config MixinConfig[config=creativecore.forge.mixins.json, requiredMods=[]]
[04Sep2026 01:47:13.723] [main/DEBUG] [net.neoforged.fml.loading.moddiscovery.ModFileParser/LOADING]: Considering mod file candidate /home/ms33/servidor_neo/mods/beltborne_lanterns-1.2.5-neoforge+1.21.1.jar
[04Sep2026 01:47:13.724] [main/DEBUG] [net.neoforged.fml.loading.moddiscovery.ModFileInfo/LOADING]: Found valid mod file beltborne_lanterns-1.2.5-neoforge+1.21.1.jar with {beltborne_lanterns} mods - versions {1.2.5}
[04Sep2026 01:47:13.724] [main/DEBUG] [net.neoforged.fml.loading.moddiscovery.ModFile/LOADING]: Loading mod file /home/ms33/servidor_neo/mods/beltborne_lanterns-1.2.5-neoforge+1.21.1.jar with languages [LanguageSpec[languageName=javafml, acceptedVersions=[4,)]]
[04Sep2026 01:47:13.724] [main/DEBUG] [net.neoforged.fml.loading.moddiscovery.ModFile/LOADING]: Found mixin config MixinConfig[config=beltborne_lanterns.neoforge.mixins.json, requiredMods=[]]
[04Sep2026 01:47:13.724] [main/DEBUG] [net.neoforged.fml.loading.moddiscovery.ModFileParser/LOADING]: Considering mod file candidate /home/ms33/servidor_neo/mods/EclipticSeasons-1.21.1-neoforge-0.14.90-beta.jar
[04Sep2026 01:47:13.725] [main/DEBUG] [net.neoforged.fml.loading.moddiscovery.ModFileInfo/LOADING]: Found valid mod file EclipticSeasons-1.21.1-neoforge-0.14.90-beta.jar with {eclipticseasons} mods - versions {0.14.90-beta}
[04Sep2026 01:47:13.725] [main/DEBUG] [net.neoforged.fml.loading.moddiscovery.ModFile/LOADING]: Loading mod file /home/ms33/servidor_neo/mods/EclipticSeasons-1.21.1-neoforge-0.14.90-beta.jar with languages [LanguageSpec[languageName=javafml, acceptedVersions=[4,)]]
[04Sep2026 01:47:13.725] [main/DEBUG] [net.neoforged.fml.loading.moddiscovery.ModFile/LOADING]: Found mixin config MixinConfig[config=eclipticseasons.mixins.json, requiredMods=[]]
[04Sep2026 01:47:13.725] [main/DEBUG] [net.neoforged.fml.loading.moddiscovery.ModFileParser/LOADING]: Considering mod file candidate 
[04Sep2026 01:47:13.726] [main/DEBUG] [net.neoforged.fml.loading.moddiscovery.ModFileInfo/LOADING]: Found valid mod file thedarkcolour.kffmod-5.12.0.jar with {kotlinforforge} mods - versions {5.12.0}
[04Sep2026 01:47:13.726] [main/DEBUG] [net.neoforged.fml.loading.moddiscovery.ModFile/LOADING]: Loading mod file  with languages [LanguageSpec[languageName=kotlinforforge, acceptedVersions=[5,)]]
[04Sep2026 01:47:13.726] [main/DEBUG] [net.neoforged.fml.loading.moddiscovery.ModFileParser/LOADING]: Considering mod file candidate /home/ms33/servidor_neo/mods/curios-neoforge-9.5.1+1.21.1.jar
[04Sep2026 01:47:13.727] [main/DEBUG] [net.neoforged.fml.loading.moddiscovery.ModFileInfo/LOADING]: Found valid mod file curios-neoforge-9.5.1+1.21.1.jar with {curios} mods - versions {9.5.1+1.21.1}
[04Sep2026 01:47:13.727] [main/DEBUG] [net.neoforged.fml.loading.moddiscovery.ModFile/LOADING]: Loading mod file /home/ms33/servidor_neo/mods/curios-neoforge-9.5.1+1.21.1.jar with languages [LanguageSpec[languageName=javafml, acceptedVersions=[1,)]]
[04Sep2026 01:47:13.727] [main/DEBUG] [net.neoforged.fml.loading.moddiscovery.ModFile/LOADING]: Found mixin config MixinConfig[config=curios.neoforge.mixins.json, requiredMods=[]]
[04Sep2026 01:47:13.727] [main/DEBUG] [net.neoforged.fml.loading.moddiscovery.ModFile/LOADING]: Found mixin config MixinConfig[config=curios.mixins.json, requiredMods=[]]
[04Sep2026 01:47:13.727] [main/DEBUG] [net.neoforged.fml.loading.moddiscovery.ModFileParser/LOADING]: Considering mod file candidate /home/ms33/servidor_neo/mods/touhoulittlemaid-1.5.3-neoforge+mc1.21.1.jar
[04Sep2026 01:47:13.727] [main/DEBUG] [net.neoforged.fml.loading.moddiscovery.ModFileInfo/LOADING]: Found valid mod file touhoulittlemaid-1.5.3-neoforge+mc1.21.1.jar with {touhou_little_maid} mods - versions {1.5.3-neoforge+mc1.21.1}
[04Sep2026 01:47:13.728] [main/DEBUG] [net.neoforged.fml.loading.moddiscovery.ModFile/LOADING]: Loading mod file /home/ms33/servidor_neo/mods/touhoulittlemaid-1.5.3-neoforge+mc1.21.1.jar with languages [LanguageSpec[languageName=javafml, acceptedVersions=[4,)]]
[04Sep2026 01:47:13.728] [main/DEBUG] [net.neoforged.fml.loading.moddiscovery.ModFile/LOADING]: Found mixin config MixinConfig[config=touhou_little_maid.mixins.json, requiredMods=[]]
[04Sep2026 01:47:13.728] [main/DEBUG] [net.neoforged.fml.loading.moddiscovery.ModFileParser/LOADING]: Considering mod file candidate 
[04Sep2026 01:47:13.728] [main/DEBUG] [net.neoforged.fml.loading.moddiscovery.ModFileInfo/LOADING]: Found valid mod file simplebedrockmodel-2.2.1-neoforge+mc1.21.1.jar with {simplebedrockmodel} mods - versions {2.2.1-neoforge+mc1.21.1}
[04Sep2026 01:47:13.728] [main/DEBUG] [net.neoforged.fml.loading.moddiscovery.ModFile/LOADING]: Loading mod file  with languages [LanguageSpec[languageName=javafml, acceptedVersions=[4,)]]
[04Sep2026 01:47:13.728] [main/DEBUG] [net.neoforged.fml.loading.moddiscovery.ModFile/LOADING]: Found mixin config MixinConfig[config=simplebedrockmodel.mixins.json, requiredMods=[]]
[04Sep2026 01:47:13.728] [main/DEBUG] [net.neoforged.fml.loading.moddiscovery.ModFileParser/LOADING]: Considering mod file candidate /home/ms33/servidor_neo/mods/Patchouli-1.21.1-93-NEOFORGE.jar
[04Sep2026 01:47:13.729] [main/DEBUG] [net.neoforged.fml.loading.moddiscovery.ModFileInfo/LOADING]: Found valid mod file Patchouli-1.21.1-93-NEOFORGE.jar with {patchouli} mods - versions {1.21.1-93-NEOFORGE}
[04Sep2026 01:47:13.729] [main/DEBUG] [net.neoforged.fml.loading.moddiscovery.ModFile/LOADING]: Loading mod file /home/ms33/servidor_neo/mods/Patchouli-1.21.1-93-NEOFORGE.jar with languages [LanguageSpec[languageName=javafml, acceptedVersions=[4,)]]
[04Sep2026 01:47:13.729] [main/DEBUG] [net.neoforged.fml.loading.moddiscovery.ModFile/LOADING]: Found mixin config MixinConfig[config=patchouli_xplat.mixins.json, requiredMods=[]]
[04Sep2026 01:47:13.729] [main/DEBUG] [net.neoforged.fml.loading.moddiscovery.ModFileParser/LOADING]: Considering mod file candidate /home/ms33/servidor_neo/mods/gravestone-neoforge-1.21.1-1.0.40.jar
[04Sep2026 01:47:13.730] [main/DEBUG] [net.neoforged.fml.loading.moddiscovery.ModFileInfo/LOADING]: Found valid mod file gravestone-neoforge-1.21.1-1.0.40.jar with {gravestone} mods - versions {1.21.1-1.0.40}
[04Sep2026 01:47:13.730] [main/DEBUG] [net.neoforged.fml.loading.moddiscovery.ModFile/LOADING]: Loading mod file /home/ms33/servidor_neo/mods/gravestone-neoforge-1.21.1-1.0.40.jar with languages [LanguageSpec[languageName=javafml, acceptedVersions=*]]
[04Sep2026 01:47:13.730] [main/DEBUG] [net.neoforged.fml.loading.moddiscovery.ModFileParser/LOADING]: Considering mod file candidate /home/ms33/servidor_neo/mods/ArPhEx-5.0.2-neoforge-1.21.1.jar
[04Sep2026 01:47:13.730] [main/DEBUG] [net.neoforged.fml.loading.moddiscovery.ModFileInfo/LOADING]: Found valid mod file ArPhEx-5.0.2-neoforge-1.21.1.jar with {arphex} mods - versions {5.0.2}
[04Sep2026 01:47:13.730] [main/DEBUG] [net.neoforged.fml.loading.moddiscovery.ModFile/LOADING]: Loading mod file /home/ms33/servidor_neo/mods/ArPhEx-5.0.2-neoforge-1.21.1.jar with languages [LanguageSpec[languageName=javafml, acceptedVersions=[4,)]]
[04Sep2026 01:47:13.730] [main/DEBUG] [net.neoforged.fml.loading.moddiscovery.ModFileParser/LOADING]: Considering mod file candidate /home/ms33/servidor_neo/mods/appleskin-neoforge-mc1.21-3.0.9.jar
[04Sep2026 01:47:13.731] [main/DEBUG] [net.neoforged.fml.loading.moddiscovery.ModFileInfo/LOADING]: Found valid mod file appleskin-neoforge-mc1.21-3.0.9.jar with {appleskin} mods - versions {3.0.9+mc1.21}
[04Sep2026 01:47:13.731] [main/DEBUG] [net.neoforged.fml.loading.moddiscovery.ModFile/LOADING]: Loading mod file /home/ms33/servidor_neo/mods/appleskin-neoforge-mc1.21-3.0.9.jar with languages [LanguageSpec[languageName=javafml, acceptedVersions=[2,)]]
[04Sep2026 01:47:13.731] [main/DEBUG] [net.neoforged.fml.loading.moddiscovery.ModFileParser/LOADING]: Considering mod file candidate /home/ms33/servidor_neo/mods/architectury-13.0.11-neoforge.jar
[04Sep2026 01:47:13.731] [main/DEBUG] [net.neoforged.fml.loading.moddiscovery.ModFileInfo/LOADING]: Found valid mod file architectury-13.0.11-neoforge.jar with {architectury} mods - versions {13.0.11}
[04Sep2026 01:47:13.731] [main/DEBUG] [net.neoforged.fml.loading.moddiscovery.ModFile/LOADING]: Loading mod file /home/ms33/servidor_neo/mods/architectury-13.0.11-neoforge.jar with languages [LanguageSpec[languageName=javafml, acceptedVersions=[1,)]]
[04Sep2026 01:47:13.731] [main/DEBUG] [net.neoforged.fml.loading.moddiscovery.ModFile/LOADING]: Found mixin config MixinConfig[config=architectury.mixins.json, requiredMods=[]]
[04Sep2026 01:47:13.731] [main/DEBUG] [net.neoforged.fml.loading.moddiscovery.ModFile/LOADING]: Found mixin config MixinConfig[config=architectury-common.mixins.json, requiredMods=[]]
[04Sep2026 01:47:13.731] [main/DEBUG] [net.neoforged.fml.loading.moddiscovery.ModFileParser/LOADING]: Considering mod file candidate /home/ms33/servidor_neo/mods/ferritecore-7.0.3-neoforge.jar
[04Sep2026 01:47:13.732] [main/DEBUG] [net.neoforged.fml.loading.moddiscovery.ModFileInfo/LOADING]: Found valid mod file ferritecore-7.0.3-neoforge.jar with {ferritecore} mods - versions {7.0.3}
[04Sep2026 01:47:13.732] [main/DEBUG] [net.neoforged.fml.loading.moddiscovery.ModFile/LOADING]: Loading mod file /home/ms33/servidor_neo/mods/ferritecore-7.0.3-neoforge.jar with languages [LanguageSpec[languageName=javafml, acceptedVersions=[1,)]]
[04Sep2026 01:47:13.732] [main/DEBUG] [net.neoforged.fml.loading.moddiscovery.ModFile/LOADING]: Found mixin config MixinConfig[config=ferritecore.predicates.mixin.json, requiredMods=[]]
[04Sep2026 01:47:13.732] [main/DEBUG] [net.neoforged.fml.loading.moddiscovery.ModFile/LOADING]: Found mixin config MixinConfig[config=ferritecore.fastmap.mixin.json, requiredMods=[]]
[04Sep2026 01:47:13.732] [main/DEBUG] [net.neoforged.fml.loading.moddiscovery.ModFile/LOADING]: Found mixin config MixinConfig[config=ferritecore.mrl.mixin.json, requiredMods=[]]
[04Sep2026 01:47:13.732] [main/DEBUG] [net.neoforged.fml.loading.moddiscovery.ModFile/LOADING]: Found mixin config MixinConfig[config=ferritecore.dedupmultipart.mixin.json, requiredMods=[]]
[04Sep2026 01:47:13.732] [main/DEBUG] [net.neoforged.fml.loading.moddiscovery.ModFile/LOADING]: Found mixin config MixinConfig[config=ferritecore.blockstatecache.mixin.json, requiredMods=[]]
[04Sep2026 01:47:13.732] [main/DEBUG] [net.neoforged.fml.loading.moddiscovery.ModFile/LOADING]: Found mixin config MixinConfig[config=ferritecore.dedupbakedquad.mixin.json, requiredMods=[]]
[04Sep2026 01:47:13.732] [main/DEBUG] [net.neoforged.fml.loading.moddiscovery.ModFile/LOADING]: Found mixin config MixinConfig[config=ferritecore.threaddetec.mixin.json, requiredMods=[]]
[04Sep2026 01:47:13.732] [main/DEBUG] [net.neoforged.fml.loading.moddiscovery.ModFile/LOADING]: Found mixin config MixinConfig[config=ferritecore.modelsides.mixin.json, requiredMods=[]]
[04Sep2026 01:47:13.732] [main/DEBUG] [net.neoforged.fml.loading.moddiscovery.ModFile/LOADING]: Found mixin config MixinConfig[config=ferritecore.datacomponents.mixin.json, requiredMods=[]]
[04Sep2026 01:47:13.732] [main/DEBUG] [net.neoforged.fml.loading.moddiscovery.ModFile/LOADING]: Found mixin config MixinConfig[config=ferritecore.accessors.mixin.json, requiredMods=[]]
[04Sep2026 01:47:13.732] [main/DEBUG] [net.neoforged.fml.loading.moddiscovery.ModFileParser/LOADING]: Considering mod file candidate /home/ms33/servidor_neo/mods/PlayerRevive_NEOFORGE_v2.1.2_mc1.21.1.jar
[04Sep2026 01:47:13.733] [main/DEBUG] [net.neoforged.fml.loading.moddiscovery.ModFileInfo/LOADING]: Found valid mod file PlayerRevive_NEOFORGE_v2.1.2_mc1.21.1.jar with {playerrevive} mods - versions {2.1.2}
[04Sep2026 01:47:13.733] [main/DEBUG] [net.neoforged.fml.loading.moddiscovery.ModFile/LOADING]: Loading mod file /home/ms33/servidor_neo/mods/PlayerRevive_NEOFORGE_v2.1.2_mc1.21.1.jar with languages [LanguageSpec[languageName=javafml, acceptedVersions=[1,)]]
[04Sep2026 01:47:13.733] [main/DEBUG] [net.neoforged.fml.loading.moddiscovery.ModFile/LOADING]: Found mixin config MixinConfig[config=playerrevive.mixins.json, requiredMods=[]]
[04Sep2026 01:47:13.733] [main/DEBUG] [net.neoforged.fml.loading.moddiscovery.ModFile/LOADING]: Loading mod file  with languages []
[04Sep2026 01:47:13.733] [main/DEBUG] [net.neoforged.fml.loading.moddiscovery.ModFile/LOADING]: Loading mod file  with languages []
[04Sep2026 01:47:13.735] [main/DEBUG] [net.neoforged.fml.loading.moddiscovery.ModValidator/SCAN]: Found 36 mod files with 34 mods
[04Sep2026 01:47:13.735] [main/DEBUG] [cpw.mods.modlauncher.TransformationServiceDecorator/MODLAUNCHER]: End scan trigger - transformation service fml
[04Sep2026 01:47:13.759] [main/DEBUG] [net.neoforged.fml.util.ServiceLoaderUtil/CORE]: Found 4 implementations of IModLanguageLoader:
[04Sep2026 01:47:13.759] [main/DEBUG] [net.neoforged.fml.util.ServiceLoaderUtil/CORE]: 	thedarkcolour.kotlinforforge.neoforge.KotlinLanguageLoader from kotlinforforge-5.12.0-all.jar > thedarkcolour.kfflang-5.12.0.jar
[04Sep2026 01:47:13.759] [main/DEBUG] [net.neoforged.fml.util.ServiceLoaderUtil/CORE]: 	net.neoforged.fml.javafmlmod.FMLJavaModLanguageProvider from loader-4.0.43.jar
[04Sep2026 01:47:13.760] [main/DEBUG] [net.neoforged.fml.util.ServiceLoaderUtil/CORE]: 	net.neoforged.fml.lowcodemod.LowCodeModLanguageProvider from loader-4.0.43.jar
[04Sep2026 01:47:13.760] [main/DEBUG] [net.neoforged.fml.util.ServiceLoaderUtil/CORE]: 	net.neoforged.fml.mclanguageprovider.MinecraftModLanguageProvider from loader-4.0.43.jar
[04Sep2026 01:47:13.760] [main/DEBUG] [net.neoforged.fml.loading.LanguageProviderLoader/CORE]: Found language provider kotlinforforge, version 5.12.0
[04Sep2026 01:47:13.760] [main/DEBUG] [net.neoforged.fml.loading.LanguageProviderLoader/CORE]: Found language provider javafml, version 4.0.43
[04Sep2026 01:47:13.760] [main/DEBUG] [net.neoforged.fml.loading.LanguageProviderLoader/CORE]: Found language provider lowcodefml, version 4.0.43
[04Sep2026 01:47:13.760] [main/DEBUG] [net.neoforged.fml.loading.LanguageProviderLoader/CORE]: Found language provider minecraft, version 4.0.43
[04Sep2026 01:47:13.764] [main/DEBUG] [net.neoforged.fml.loading.ModSorter/]: Configured system mods: [minecraft, neoforge]
[04Sep2026 01:47:13.764] [main/DEBUG] [net.neoforged.fml.loading.ModSorter/]: Found system mod: minecraft
[04Sep2026 01:47:13.764] [main/DEBUG] [net.neoforged.fml.loading.ModSorter/]: Found system mod: neoforge
[04Sep2026 01:47:13.765] [main/DEBUG] [net.neoforged.fml.loading.ModSorter/LOADING]: Found 71 mod requirements (62 mandatory, 9 optional)
[04Sep2026 01:47:13.766] [main/DEBUG] [net.neoforged.fml.loading.ModSorter/LOADING]: Found 0 mod requirements missing (0 mandatory, 0 optional)
[04Sep2026 01:47:13.777] [main/DEBUG] [net.neoforged.fml.loading.FMLLoader/SCAN]: Adding Access Transformer in /home/ms33/servidor_neo/mods/FarmersDelight-1.21.1-1.3.3.jar
[04Sep2026 01:47:13.789] [main/DEBUG] [AXFORM/AXFORM]: Loading access transformer accesstransformer.cfg
[04Sep2026 01:47:13.851] [main/DEBUG] [AXFORM/AXFORM]: Loaded access transformer accesstransformer.cfg
[04Sep2026 01:47:13.851] [main/DEBUG] [net.neoforged.fml.loading.FMLLoader/SCAN]: Adding Access Transformer in /home/ms33/servidor_neo/mods/Jade-1.21.1-NeoForge-15.10.6.jar
[04Sep2026 01:47:13.851] [main/DEBUG] [AXFORM/AXFORM]: Loading access transformer accesstransformer.cfg
[04Sep2026 01:47:13.858] [main/DEBUG] [AXFORM/AXFORM]: Loaded access transformer accesstransformer.cfg
[04Sep2026 01:47:13.858] [main/DEBUG] [net.neoforged.fml.loading.FMLLoader/SCAN]: Adding Access Transformer in /home/ms33/servidor_neo/mods/mca-neoforge-7.7.36-beta.3+1.21.1.jar
[04Sep2026 01:47:13.858] [main/DEBUG] [AXFORM/AXFORM]: Loading access transformer accesstransformer.cfg
[04Sep2026 01:47:13.860] [main/DEBUG] [AXFORM/AXFORM]: Loaded access transformer accesstransformer.cfg
[04Sep2026 01:47:13.860] [main/DEBUG] [net.neoforged.fml.loading.FMLLoader/SCAN]: Adding Access Transformer in /home/ms33/servidor_neo/mods/geckolib-neoforge-1.21.1-4.9.2.jar
[04Sep2026 01:47:13.860] [main/DEBUG] [AXFORM/AXFORM]: Loading access transformer accesstransformer.cfg
[04Sep2026 01:47:13.863] [main/DEBUG] [AXFORM/AXFORM]: Loaded access transformer accesstransformer.cfg
[04Sep2026 01:47:13.863] [main/DEBUG] [net.neoforged.fml.loading.FMLLoader/SCAN]: Adding Access Transformer in /home/ms33/servidor_neo/mods/jei-1.21.1-neoforge-19.44.0.403.jar
[04Sep2026 01:47:13.863] [main/DEBUG] [AXFORM/AXFORM]: Loading access transformer accesstransformer.cfg
[04Sep2026 01:47:13.865] [main/DEBUG] [AXFORM/AXFORM]: Loaded access transformer accesstransformer.cfg
[04Sep2026 01:47:13.865] [main/DEBUG] [net.neoforged.fml.loading.FMLLoader/SCAN]: Adding Access Transformer in /home/ms33/servidor_neo/mods/EclipticSeasons-1.21.1-neoforge-0.14.90-beta.jar
[04Sep2026 01:47:13.865] [main/DEBUG] [AXFORM/AXFORM]: Loading access transformer accesstransformer.cfg
[04Sep2026 01:47:13.868] [main/DEBUG] [AXFORM/AXFORM]: Loaded access transformer accesstransformer.cfg
[04Sep2026 01:47:13.868] [main/DEBUG] [net.neoforged.fml.loading.FMLLoader/SCAN]: Adding Access Transformer in /home/ms33/servidor_neo/mods/naturalist-2.0.3-neoforge-1.21.1.jar
[04Sep2026 01:47:13.869] [main/DEBUG] [AXFORM/AXFORM]: Loading access transformer accesstransformer.cfg
[04Sep2026 01:47:13.870] [main/DEBUG] [AXFORM/AXFORM]: Loaded access transformer accesstransformer.cfg
[04Sep2026 01:47:13.870] [main/DEBUG] [net.neoforged.fml.loading.FMLLoader/SCAN]: Adding Access Transformer in /home/ms33/servidor_neo/mods/tacz-neoforge-1.21.1-1.1.8-hotfix-r6.jar
[04Sep2026 01:47:13.870] [main/DEBUG] [AXFORM/AXFORM]: Loading access transformer accesstransformer.cfg
[04Sep2026 01:47:13.871] [main/DEBUG] [AXFORM/AXFORM]: Loaded access transformer accesstransformer.cfg
[04Sep2026 01:47:13.871] [main/DEBUG] [net.neoforged.fml.loading.FMLLoader/SCAN]: Adding Access Transformer in /home/ms33/servidor_neo/mods/sophisticatedcore-1.21.1-1.4.90.2299.jar
[04Sep2026 01:47:13.871] [main/DEBUG] [AXFORM/AXFORM]: Loading access transformer accesstransformer.cfg
[04Sep2026 01:47:13.874] [main/DEBUG] [AXFORM/AXFORM]: Loaded access transformer accesstransformer.cfg
[04Sep2026 01:47:13.874] [main/DEBUG] [net.neoforged.fml.loading.FMLLoader/SCAN]: Adding Access Transformer in /home/ms33/servidor_neo/mods/touhoulittlemaid-1.5.3-neoforge+mc1.21.1.jar
[04Sep2026 01:47:13.874] [main/DEBUG] [AXFORM/AXFORM]: Loading access transformer accesstransformer.cfg
[04Sep2026 01:47:13.877] [main/DEBUG] [AXFORM/AXFORM]: Loaded access transformer accesstransformer.cfg
[04Sep2026 01:47:13.877] [main/DEBUG] [net.neoforged.fml.loading.FMLLoader/SCAN]: Adding Access Transformer in /home/ms33/servidor_neo/mods/curios-neoforge-9.5.1+1.21.1.jar
[04Sep2026 01:47:13.877] [main/DEBUG] [AXFORM/AXFORM]: Loading access transformer accesstransformer.cfg
[04Sep2026 01:47:13.878] [main/DEBUG] [AXFORM/AXFORM]: Loaded access transformer accesstransformer.cfg
[04Sep2026 01:47:13.878] [main/DEBUG] [net.neoforged.fml.loading.FMLLoader/SCAN]: Adding Access Transformer in 
[04Sep2026 01:47:13.878] [main/DEBUG] [AXFORM/AXFORM]: Loading access transformer accesstransformer.cfg
[04Sep2026 01:47:13.879] [main/DEBUG] [AXFORM/AXFORM]: Loaded access transformer accesstransformer.cfg
[04Sep2026 01:47:13.879] [main/DEBUG] [net.neoforged.fml.loading.FMLLoader/SCAN]: Adding Access Transformer in /home/ms33/servidor_neo/libraries/net/neoforged/neoforge/21.1.238/neoforge-21.1.238-universal.jar
[04Sep2026 01:47:13.881] [main/DEBUG] [AXFORM/AXFORM]: Loading access transformer accesstransformer.cfg
[04Sep2026 01:47:13.899] [main/DEBUG] [AXFORM/AXFORM]: Loaded access transformer accesstransformer.cfg
[04Sep2026 01:47:13.899] [main/DEBUG] [net.neoforged.fml.loading.FMLLoader/SCAN]: Adding Access Transformer in /home/ms33/servidor_neo/mods/ArPhEx-5.0.2-neoforge-1.21.1.jar
[04Sep2026 01:47:13.899] [main/DEBUG] [AXFORM/AXFORM]: Loading access transformer accesstransformer.cfg
[04Sep2026 01:47:13.901] [main/DEBUG] [AXFORM/AXFORM]: Loaded access transformer accesstransformer.cfg
[04Sep2026 01:47:13.901] [main/DEBUG] [net.neoforged.fml.loading.FMLLoader/SCAN]: Adding Access Transformer in /home/ms33/servidor_neo/mods/modernfix-neoforge-5.27.20+mc1.21.1.jar
[04Sep2026 01:47:13.901] [main/DEBUG] [AXFORM/AXFORM]: Loading access transformer accesstransformer.cfg
[04Sep2026 01:47:13.904] [main/DEBUG] [AXFORM/AXFORM]: Loaded access transformer accesstransformer.cfg
[04Sep2026 01:47:13.904] [main/DEBUG] [net.neoforged.fml.loading.FMLLoader/SCAN]: Adding Access Transformer in /home/ms33/servidor_neo/mods/sophisticatedbackpacks-1.21.1-3.25.78.2107.jar
[04Sep2026 01:47:13.904] [main/DEBUG] [AXFORM/AXFORM]: Loading access transformer accesstransformer.cfg
[04Sep2026 01:47:13.906] [main/DEBUG] [AXFORM/AXFORM]: Loaded access transformer accesstransformer.cfg
[04Sep2026 01:47:13.906] [main/DEBUG] [net.neoforged.fml.loading.FMLLoader/SCAN]: Adding Access Transformer in /home/ms33/servidor_neo/mods/architectury-13.0.11-neoforge.jar
[04Sep2026 01:47:13.906] [main/DEBUG] [AXFORM/AXFORM]: Loading access transformer accesstransformer.cfg
[04Sep2026 01:47:13.912] [main/DEBUG] [AXFORM/AXFORM]: Loaded access transformer accesstransformer.cfg
[04Sep2026 01:47:13.913] [main/DEBUG] [net.neoforged.fml.loading.FMLLoader/SCAN]: Adding Access Transformer in /home/ms33/servidor_neo/mods/cloth-config-15.0.140-neoforge.jar
[04Sep2026 01:47:13.913] [main/DEBUG] [AXFORM/AXFORM]: Loading access transformer accesstransformer.cfg
[04Sep2026 01:47:13.914] [main/DEBUG] [AXFORM/AXFORM]: Loaded access transformer accesstransformer.cfg
[04Sep2026 01:47:13.914] [main/DEBUG] [net.neoforged.fml.loading.FMLLoader/SCAN]: Adding Access Transformer in /home/ms33/servidor_neo/mods/1.21.1-maid_storage_manager-1.15.6.jar
[04Sep2026 01:47:13.914] [main/DEBUG] [AXFORM/AXFORM]: Loading access transformer accesstransformer.cfg
[04Sep2026 01:47:13.916] [main/DEBUG] [AXFORM/AXFORM]: Loaded access transformer accesstransformer.cfg
[04Sep2026 01:47:13.917] [main/DEBUG] [mixin/]: Adding mixin platform agents for container net.neoforged.fml.loading.mixin.FMLMixinContainerHandle@53e3a87a
[04Sep2026 01:47:13.917] [main/DEBUG] [mixin/]: Instancing new MixinPlatformAgentMinecraftForge for net.neoforged.fml.loading.mixin.FMLMixinContainerHandle@53e3a87a
[04Sep2026 01:47:13.917] [main/DEBUG] [mixin/]: MixinPlatformAgentMinecraftForge rejected container net.neoforged.fml.loading.mixin.FMLMixinContainerHandle@53e3a87a
[04Sep2026 01:47:13.917] [main/DEBUG] [mixin/]: Instancing new MixinPlatformAgentDefault for net.neoforged.fml.loading.mixin.FMLMixinContainerHandle@53e3a87a
[04Sep2026 01:47:13.917] [main/DEBUG] [mixin/]: MixinPlatformAgentDefault accepted container net.neoforged.fml.loading.mixin.FMLMixinContainerHandle@53e3a87a
[04Sep2026 01:47:13.917] [main/DEBUG] [mixin/]: Instancing new FMLMixinPlatformAgent for net.neoforged.fml.loading.mixin.FMLMixinContainerHandle@53e3a87a
[04Sep2026 01:47:13.917] [main/DEBUG] [mixin/]: FMLMixinPlatformAgent accepted container net.neoforged.fml.loading.mixin.FMLMixinContainerHandle@53e3a87a
[04Sep2026 01:47:13.917] [main/DEBUG] [net.neoforged.fml.loading.LoadingModList/]: Mixin config mca.journeymap.mixins.json for mod mca not applied as required mods are missing
[04Sep2026 01:47:13.917] [main/DEBUG] [net.neoforged.fml.loading.LoadingModList/]: Mixin config sophisticatedcore.create.mixins.json for mod sophisticatedcore not applied as required mods are missing
[04Sep2026 01:47:13.930] [main/DEBUG] [cpw.mods.modlauncher.TransformationServicesHandler/MODLAUNCHER]: Transformation services loading transformers
[04Sep2026 01:47:13.931] [main/DEBUG] [cpw.mods.modlauncher.TransformationServiceDecorator/MODLAUNCHER]: Initializing transformers for transformation service mixin
[04Sep2026 01:47:13.931] [main/DEBUG] [cpw.mods.modlauncher.TransformationServiceDecorator/MODLAUNCHER]: Initialized transformers for transformation service mixin
[04Sep2026 01:47:13.931] [main/DEBUG] [cpw.mods.modlauncher.TransformationServiceDecorator/MODLAUNCHER]: Initializing transformers for transformation service fml
[04Sep2026 01:47:13.931] [main/DEBUG] [net.neoforged.fml.loading.FMLServiceProvider/LOADING]: Loading coremod transformers
[04Sep2026 01:47:13.931] [main/DEBUG] [net.neoforged.fml.loading.FMLServiceProvider/CORE]: Not loading coremod script-engine since no mod requested it
[04Sep2026 01:47:13.932] [main/DEBUG] [net.neoforged.fml.util.ServiceLoaderUtil/CORE]: Found 1 implementations of ICoreMod:
[04Sep2026 01:47:13.932] [main/DEBUG] [net.neoforged.fml.util.ServiceLoaderUtil/CORE]: 	net.neoforged.neoforge.coremods.NeoForgeCoreMod from neoforge-21.1.238-universal.jar > net.neoforged.neoforge-coremods-21.1.238.jar
[04Sep2026 01:47:13.937] [main/DEBUG] [net.neoforged.fml.loading.FMLServiceProvider/CORE]: Adding [Target[className=net.minecraft.world.level.biome.Biome, elementName=, elementDescriptor=, targetType=cpw.mods.modlauncher.api.TargetType@38234a38]] transformer from core-mod net.neoforged.neoforge.coremods.NeoForgeCoreMod@253b380a in neoforge-21.1.238-universal.jar > net.neoforged.neoforge-coremods-21.1.238.jar
[04Sep2026 01:47:13.937] [main/DEBUG] [net.neoforged.fml.loading.FMLServiceProvider/CORE]: Adding [Target[className=net.minecraft.world.level.levelgen.structure.Structure, elementName=, elementDescriptor=, targetType=cpw.mods.modlauncher.api.TargetType@38234a38]] transformer from core-mod net.neoforged.neoforge.coremods.NeoForgeCoreMod@253b380a in neoforge-21.1.238-universal.jar > net.neoforged.neoforge-coremods-21.1.238.jar
[04Sep2026 01:47:13.937] [main/DEBUG] [net.neoforged.fml.loading.FMLServiceProvider/CORE]: Adding [Target[className=net.minecraft.world.level.block.FlowerPotBlock, elementName=, elementDescriptor=, targetType=cpw.mods.modlauncher.api.TargetType@38234a38]] transformer from core-mod net.neoforged.neoforge.coremods.NeoForgeCoreMod@253b380a in neoforge-21.1.238-universal.jar > net.neoforged.neoforge-coremods-21.1.238.jar
[04Sep2026 01:47:13.937] [main/DEBUG] [net.neoforged.fml.loading.FMLServiceProvider/CORE]: Adding [Target[className=net/minecraft/world/entity/monster/Spider, elementName=, elementDescriptor=, targetType=cpw.mods.modlauncher.api.TargetType@38234a38], Target[className=net/minecraft/world/entity/monster/Zombie, elementName=, elementDescriptor=, targetType=cpw.mods.modlauncher.api.TargetType@38234a38], Target[className=net/minecraft/world/entity/npc/CatSpawner, elementName=, elementDescriptor=, targetType=cpw.mods.modlauncher.api.TargetType@38234a38], Target[className=net/minecraft/world/level/levelgen/structure/structures/OceanRuinPieces$OceanRuinPiece, elementName=, elementDescriptor=, targetType=cpw.mods.modlauncher.api.TargetType@38234a38], Target[className=net/minecraft/world/entity/monster/Strider, elementName=, elementDescriptor=, targetType=cpw.mods.modlauncher.api.TargetType@38234a38], Target[className=net/minecraft/world/level/levelgen/structure/templatesystem/StructureTemplate, elementName=, elementDescriptor=, targetType=cpw.mods.modlauncher.api.TargetType@38234a38], Target[className=net/minecraft/world/level/levelgen/structure/structures/SwampHutPiece, elementName=, elementDescriptor=, targetType=cpw.mods.modlauncher.api.TargetType@38234a38], Target[className=net/minecraft/world/entity/animal/frog/Tadpole, elementName=, elementDescriptor=, targetType=cpw.mods.modlauncher.api.TargetType@38234a38], Target[className=net/minecraft/world/level/levelgen/PhantomSpawner, elementName=, elementDescriptor=, targetType=cpw.mods.modlauncher.api.TargetType@38234a38], Target[className=net/minecraft/world/entity/npc/Villager, elementName=, elementDescriptor=, targetType=cpw.mods.modlauncher.api.TargetType@38234a38], Target[className=net/minecraft/server/commands/RaidCommand, elementName=, elementDescriptor=, targetType=cpw.mods.modlauncher.api.TargetType@38234a38], Target[className=net/minecraft/world/level/levelgen/PatrolSpawner, elementName=, elementDescriptor=, targetType=cpw.mods.modlauncher.api.TargetType@38234a38], Target[className=net/minecraft/world/entity/monster/Evoker$EvokerSummonSpellGoal, elementName=, elementDescriptor=, targetType=cpw.mods.modlauncher.api.TargetType@38234a38], Target[className=net/minecraft/world/level/levelgen/structure/structures/OceanMonumentPieces$OceanMonumentPiece, elementName=, elementDescriptor=, targetType=cpw.mods.modlauncher.api.TargetType@38234a38], Target[className=net/minecraft/world/entity/monster/ZombieVillager, elementName=, elementDescriptor=, targetType=cpw.mods.modlauncher.api.TargetType@38234a38], Target[className=net/minecraft/world/entity/ai/village/VillageSiege, elementName=, elementDescriptor=, targetType=cpw.mods.modlauncher.api.TargetType@38234a38], Target[className=net/minecraft/world/level/NaturalSpawner, elementName=, elementDescriptor=, targetType=cpw.mods.modlauncher.api.TargetType@38234a38], Target[className=net/minecraft/world/entity/raid/Raid, elementName=, elementDescriptor=, targetType=cpw.mods.modlauncher.api.TargetType@38234a38], Target[className=net/minecraft/world/entity/EntityType, elementName=, elementDescriptor=, targetType=cpw.mods.modlauncher.api.TargetType@38234a38], Target[className=net/minecraft/world/entity/animal/horse/SkeletonTrapGoal, elementName=, elementDescriptor=, targetType=cpw.mods.modlauncher.api.TargetType@38234a38], Target[className=net/minecraft/world/level/levelgen/structure/structures/WoodlandMansionPieces$WoodlandMansionPiece, elementName=, elementDescriptor=, targetType=cpw.mods.modlauncher.api.TargetType@38234a38], Target[className=net/minecraft/server/commands/SummonCommand, elementName=, elementDescriptor=, targetType=cpw.mods.modlauncher.api.TargetType@38234a38]] transformer from core-mod net.neoforged.neoforge.coremods.NeoForgeCoreMod@253b380a in neoforge-21.1.238-universal.jar > net.neoforged.neoforge-coremods-21.1.238.jar
[04Sep2026 01:47:13.941] [main/DEBUG] [cpw.mods.modlauncher.TransformStore/MODLAUNCHER]: Adding transformer net.neoforged.neoforge.coremods.ReplaceFieldWithGetterAccess@3daa82be to Target : cpw.mods.modlauncher.api.TargetType@38234a38 {Lnet/minecraft/world/level/biome/Biome;} {} {V}
[04Sep2026 01:47:13.942] [main/DEBUG] [cpw.mods.modlauncher.TransformStore/MODLAUNCHER]: Adding transformer net.neoforged.neoforge.coremods.ReplaceFieldWithGetterAccess@108bdbd8 to Target : cpw.mods.modlauncher.api.TargetType@38234a38 {Lnet/minecraft/world/level/levelgen/structure/Structure;} {} {V}
[04Sep2026 01:47:13.942] [main/DEBUG] [cpw.mods.modlauncher.TransformStore/MODLAUNCHER]: Adding transformer net.neoforged.neoforge.coremods.ReplaceFieldWithGetterAccess@6345e7b9 to Target : cpw.mods.modlauncher.api.TargetType@38234a38 {Lnet/minecraft/world/level/block/FlowerPotBlock;} {} {V}
[04Sep2026 01:47:13.942] [main/DEBUG] [cpw.mods.modlauncher.TransformStore/MODLAUNCHER]: Adding transformer net.neoforged.neoforge.coremods.MethodRedirector@4f8b4bd0 to Target : cpw.mods.modlauncher.api.TargetType@38234a38 {Lnet/minecraft/world/entity/monster/Spider;} {} {V}
[04Sep2026 01:47:13.942] [main/DEBUG] [cpw.mods.modlauncher.TransformStore/MODLAUNCHER]: Adding transformer net.neoforged.neoforge.coremods.MethodRedirector@4f8b4bd0 to Target : cpw.mods.modlauncher.api.TargetType@38234a38 {Lnet/minecraft/world/entity/monster/Zombie;} {} {V}
[04Sep2026 01:47:13.942] [main/DEBUG] [cpw.mods.modlauncher.TransformStore/MODLAUNCHER]: Adding transformer net.neoforged.neoforge.coremods.MethodRedirector@4f8b4bd0 to Target : cpw.mods.modlauncher.api.TargetType@38234a38 {Lnet/minecraft/world/entity/npc/CatSpawner;} {} {V}
[04Sep2026 01:47:13.942] [main/DEBUG] [cpw.mods.modlauncher.TransformStore/MODLAUNCHER]: Adding transformer net.neoforged.neoforge.coremods.MethodRedirector@4f8b4bd0 to Target : cpw.mods.modlauncher.api.TargetType@38234a38 {Lnet/minecraft/world/level/levelgen/structure/structures/OceanRuinPieces$OceanRuinPiece;} {} {V}
[04Sep2026 01:47:13.942] [main/DEBUG] [cpw.mods.modlauncher.TransformStore/MODLAUNCHER]: Adding transformer net.neoforged.neoforge.coremods.MethodRedirector@4f8b4bd0 to Target : cpw.mods.modlauncher.api.TargetType@38234a38 {Lnet/minecraft/world/entity/monster/Strider;} {} {V}
[04Sep2026 01:47:13.942] [main/DEBUG] [cpw.mods.modlauncher.TransformStore/MODLAUNCHER]: Adding transformer net.neoforged.neoforge.coremods.MethodRedirector@4f8b4bd0 to Target : cpw.mods.modlauncher.api.TargetType@38234a38 {Lnet/minecraft/world/level/levelgen/structure/templatesystem/StructureTemplate;} {} {V}
[04Sep2026 01:47:13.942] [main/DEBUG] [cpw.mods.modlauncher.TransformStore/MODLAUNCHER]: Adding transformer net.neoforged.neoforge.coremods.MethodRedirector@4f8b4bd0 to Target : cpw.mods.modlauncher.api.TargetType@38234a38 {Lnet/minecraft/world/level/levelgen/structure/structures/SwampHutPiece;} {} {V}
[04Sep2026 01:47:13.943] [main/DEBUG] [cpw.mods.modlauncher.TransformStore/MODLAUNCHER]: Adding transformer net.neoforged.neoforge.coremods.MethodRedirector@4f8b4bd0 to Target : cpw.mods.modlauncher.api.TargetType@38234a38 {Lnet/minecraft/world/entity/animal/frog/Tadpole;} {} {V}
[04Sep2026 01:47:13.943] [main/DEBUG] [cpw.mods.modlauncher.TransformStore/MODLAUNCHER]: Adding transformer net.neoforged.neoforge.coremods.MethodRedirector@4f8b4bd0 to Target : cpw.mods.modlauncher.api.TargetType@38234a38 {Lnet/minecraft/world/level/levelgen/PhantomSpawner;} {} {V}
[04Sep2026 01:47:13.943] [main/DEBUG] [cpw.mods.modlauncher.TransformStore/MODLAUNCHER]: Adding transformer net.neoforged.neoforge.coremods.MethodRedirector@4f8b4bd0 to Target : cpw.mods.modlauncher.api.TargetType@38234a38 {Lnet/minecraft/world/entity/npc/Villager;} {} {V}
[04Sep2026 01:47:13.943] [main/DEBUG] [cpw.mods.modlauncher.TransformStore/MODLAUNCHER]: Adding transformer net.neoforged.neoforge.coremods.MethodRedirector@4f8b4bd0 to Target : cpw.mods.modlauncher.api.TargetType@38234a38 {Lnet/minecraft/server/commands/RaidCommand;} {} {V}
[04Sep2026 01:47:13.943] [main/DEBUG] [cpw.mods.modlauncher.TransformStore/MODLAUNCHER]: Adding transformer net.neoforged.neoforge.coremods.MethodRedirector@4f8b4bd0 to Target : cpw.mods.modlauncher.api.TargetType@38234a38 {Lnet/minecraft/world/level/levelgen/PatrolSpawner;} {} {V}
[04Sep2026 01:47:13.943] [main/DEBUG] [cpw.mods.modlauncher.TransformStore/MODLAUNCHER]: Adding transformer net.neoforged.neoforge.coremods.MethodRedirector@4f8b4bd0 to Target : cpw.mods.modlauncher.api.TargetType@38234a38 {Lnet/minecraft/world/entity/monster/Evoker$EvokerSummonSpellGoal;} {} {V}
[04Sep2026 01:47:13.943] [main/DEBUG] [cpw.mods.modlauncher.TransformStore/MODLAUNCHER]: Adding transformer net.neoforged.neoforge.coremods.MethodRedirector@4f8b4bd0 to Target : cpw.mods.modlauncher.api.TargetType@38234a38 {Lnet/minecraft/world/level/levelgen/structure/structures/OceanMonumentPieces$OceanMonumentPiece;} {} {V}
[04Sep2026 01:47:13.943] [main/DEBUG] [cpw.mods.modlauncher.TransformStore/MODLAUNCHER]: Adding transformer net.neoforged.neoforge.coremods.MethodRedirector@4f8b4bd0 to Target : cpw.mods.modlauncher.api.TargetType@38234a38 {Lnet/minecraft/world/entity/monster/ZombieVillager;} {} {V}
[04Sep2026 01:47:13.943] [main/DEBUG] [cpw.mods.modlauncher.TransformStore/MODLAUNCHER]: Adding transformer net.neoforged.neoforge.coremods.MethodRedirector@4f8b4bd0 to Target : cpw.mods.modlauncher.api.TargetType@38234a38 {Lnet/minecraft/world/entity/ai/village/VillageSiege;} {} {V}
[04Sep2026 01:47:13.943] [main/DEBUG] [cpw.mods.modlauncher.TransformStore/MODLAUNCHER]: Adding transformer net.neoforged.neoforge.coremods.MethodRedirector@4f8b4bd0 to Target : cpw.mods.modlauncher.api.TargetType@38234a38 {Lnet/minecraft/world/level/NaturalSpawner;} {} {V}
[04Sep2026 01:47:13.943] [main/DEBUG] [cpw.mods.modlauncher.TransformStore/MODLAUNCHER]: Adding transformer net.neoforged.neoforge.coremods.MethodRedirector@4f8b4bd0 to Target : cpw.mods.modlauncher.api.TargetType@38234a38 {Lnet/minecraft/world/entity/raid/Raid;} {} {V}
[04Sep2026 01:47:13.943] [main/DEBUG] [cpw.mods.modlauncher.TransformStore/MODLAUNCHER]: Adding transformer net.neoforged.neoforge.coremods.MethodRedirector@4f8b4bd0 to Target : cpw.mods.modlauncher.api.TargetType@38234a38 {Lnet/minecraft/world/entity/EntityType;} {} {V}
[04Sep2026 01:47:13.943] [main/DEBUG] [cpw.mods.modlauncher.TransformStore/MODLAUNCHER]: Adding transformer net.neoforged.neoforge.coremods.MethodRedirector@4f8b4bd0 to Target : cpw.mods.modlauncher.api.TargetType@38234a38 {Lnet/minecraft/world/entity/animal/horse/SkeletonTrapGoal;} {} {V}
[04Sep2026 01:47:13.943] [main/DEBUG] [cpw.mods.modlauncher.TransformStore/MODLAUNCHER]: Adding transformer net.neoforged.neoforge.coremods.MethodRedirector@4f8b4bd0 to Target : cpw.mods.modlauncher.api.TargetType@38234a38 {Lnet/minecraft/world/level/levelgen/structure/structures/WoodlandMansionPieces$WoodlandMansionPiece;} {} {V}
[04Sep2026 01:47:13.943] [main/DEBUG] [cpw.mods.modlauncher.TransformStore/MODLAUNCHER]: Adding transformer net.neoforged.neoforge.coremods.MethodRedirector@4f8b4bd0 to Target : cpw.mods.modlauncher.api.TargetType@38234a38 {Lnet/minecraft/server/commands/SummonCommand;} {} {V}
[04Sep2026 01:47:13.943] [main/DEBUG] [cpw.mods.modlauncher.TransformationServiceDecorator/MODLAUNCHER]: Initialized transformers for transformation service fml
[04Sep2026 01:47:14.179] [main/DEBUG] [mixin/]: Processing prepare() for PlatformAgent[MixinPlatformAgentDefault:ModLauncher Root Container(ModLauncher:4f56a0a2)]
[04Sep2026 01:47:14.179] [main/DEBUG] [mixin/]: Processing prepare() for PlatformAgent[MixinPlatformAgentDefault:net.neoforged.fml.loading.mixin.FMLMixinContainerHandle@53e3a87a]
[04Sep2026 01:47:14.179] [main/DEBUG] [mixin/]: Processing prepare() for PlatformAgent[FMLMixinPlatformAgent:null]
[04Sep2026 01:47:14.216] [main/DEBUG] [mixin/]: Compatibility level JAVA_21 specified by farmersdelight.mixins.json is higher than the maximum level supported by this version of mixin (JAVA_13).
[04Sep2026 01:47:14.229] [main/INFO] [mixin/]: Compatibility level set to JAVA_21
[04Sep2026 01:47:14.231] [main/DEBUG] [mixin/]: Compatibility level JAVA_16 specified by jade.mixins.json is higher than the maximum level supported by this version of mixin (JAVA_13).
[04Sep2026 01:47:14.232] [main/DEBUG] [mixin/]: Compatibility level JAVA_17 specified by mca.mixins.json is higher than the maximum level supported by this version of mixin (JAVA_13).
[04Sep2026 01:47:14.236] [main/DEBUG] [mixin/]: Compatibility level JAVA_17 specified by geckolib.mixins.json is higher than the maximum level supported by this version of mixin (JAVA_13).
[04Sep2026 01:47:14.246] [main/DEBUG] [mixin/]: Compatibility level JAVA_17 specified by tacz.mixins.json is higher than the maximum level supported by this version of mixin (JAVA_13).
[04Sep2026 01:47:14.247] [main/DEBUG] [mixin/]: Compatibility level JAVA_17 specified by tacz.compat.acceleratedrendering.mixins.json is higher than the maximum level supported by this version of mixin (JAVA_13).
[04Sep2026 01:47:14.249] [main/DEBUG] [mixin/]: Compatibility level JAVA_17 specified by sophisticatedcore.mixins.json is higher than the maximum level supported by this version of mixin (JAVA_13).
[04Sep2026 01:47:14.253] [main/DEBUG] [mixin/]: Compatibility level JAVA_17 specified by touhou_little_maid.mixins.json is higher than the maximum level supported by this version of mixin (JAVA_13).
[04Sep2026 01:47:14.258] [main/DEBUG] [mixin/]: Compatibility level JAVA_8 specified by simplebedrockmodel.mixins.json is lower than the default level supported by the current mixin service (JAVA_16).
[04Sep2026 01:47:14.264] [main/DEBUG] [mixin/]: Compatibility level JAVA_17 specified by sophisticatedbackpacks.mixins.json is higher than the maximum level supported by this version of mixin (JAVA_13).
[04Sep2026 01:47:14.265] [main/DEBUG] [mixin/]: Compatibility level JAVA_16 specified by architectury.mixins.json is higher than the maximum level supported by this version of mixin (JAVA_13).
[04Sep2026 01:47:14.265] [main/DEBUG] [mixin/]: Compatibility level JAVA_16 specified by architectury-common.mixins.json is higher than the maximum level supported by this version of mixin (JAVA_13).
[04Sep2026 01:47:14.269] [main/DEBUG] [mixin/]: Compatibility level JAVA_17 specified by ferritecore.predicates.mixin.json is higher than the maximum level supported by this version of mixin (JAVA_13).
[04Sep2026 01:47:14.269] [main/DEBUG] [mixin/]: Compatibility level JAVA_17 specified by ferritecore.fastmap.mixin.json is higher than the maximum level supported by this version of mixin (JAVA_13).
[04Sep2026 01:47:14.270] [main/DEBUG] [mixin/]: Compatibility level JAVA_17 specified by ferritecore.mrl.mixin.json is higher than the maximum level supported by this version of mixin (JAVA_13).
[04Sep2026 01:47:14.271] [main/DEBUG] [mixin/]: Compatibility level JAVA_17 specified by ferritecore.dedupmultipart.mixin.json is higher than the maximum level supported by this version of mixin (JAVA_13).
[04Sep2026 01:47:14.272] [main/DEBUG] [mixin/]: Compatibility level JAVA_17 specified by ferritecore.blockstatecache.mixin.json is higher than the maximum level supported by this version of mixin (JAVA_13).
[04Sep2026 01:47:14.275] [main/DEBUG] [mixin/]: Compatibility level JAVA_17 specified by ferritecore.dedupbakedquad.mixin.json is higher than the maximum level supported by this version of mixin (JAVA_13).
[04Sep2026 01:47:14.276] [main/DEBUG] [mixin/]: Compatibility level JAVA_17 specified by ferritecore.threaddetec.mixin.json is higher than the maximum level supported by this version of mixin (JAVA_13).
[04Sep2026 01:47:14.277] [main/DEBUG] [mixin/]: Compatibility level JAVA_17 specified by ferritecore.modelsides.mixin.json is higher than the maximum level supported by this version of mixin (JAVA_13).
[04Sep2026 01:47:14.278] [main/DEBUG] [mixin/]: Compatibility level JAVA_17 specified by ferritecore.datacomponents.mixin.json is higher than the maximum level supported by this version of mixin (JAVA_13).
[04Sep2026 01:47:14.281] [main/DEBUG] [mixin/]: Compatibility level JAVA_17 specified by ferritecore.accessors.mixin.json is higher than the maximum level supported by this version of mixin (JAVA_13).
[04Sep2026 01:47:14.282] [main/DEBUG] [mixin/]: Compatibility level JAVA_8 specified by maid_storage_manager.mixins.json is lower than the default level supported by the current mixin service (JAVA_16).
[04Sep2026 01:47:14.283] [main/DEBUG] [mixin/]: Compatibility level JAVA_17 specified by playerrevive.mixins.json is higher than the maximum level supported by this version of mixin (JAVA_13).
[04Sep2026 01:47:14.283] [main/DEBUG] [mixin/]: Compatibility level JAVA_17 specified by maidmarriage.mixins.json is higher than the maximum level supported by this version of mixin (JAVA_13).
[04Sep2026 01:47:14.284] [main/DEBUG] [mixin/]: Processing launch tasks for PlatformAgent[MixinPlatformAgentDefault:ModLauncher Root Container(ModLauncher:4f56a0a2)]
[04Sep2026 01:47:14.287] [main/DEBUG] [mixin/]: Adding mixin platform agents for container SecureJarResource(mixin_synthetic)
[04Sep2026 01:47:14.287] [main/DEBUG] [mixin/]: Instancing new MixinPlatformAgentMinecraftForge for SecureJarResource(mixin_synthetic)
[04Sep2026 01:47:14.287] [main/DEBUG] [mixin/]: MixinPlatformAgentMinecraftForge rejected container SecureJarResource(mixin_synthetic)
[04Sep2026 01:47:14.288] [main/DEBUG] [mixin/]: Instancing new MixinPlatformAgentDefault for SecureJarResource(mixin_synthetic)
[04Sep2026 01:47:14.288] [main/DEBUG] [mixin/]: MixinPlatformAgentDefault accepted container SecureJarResource(mixin_synthetic)
[04Sep2026 01:47:14.288] [main/DEBUG] [mixin/]: Instancing new FMLMixinPlatformAgent for SecureJarResource(mixin_synthetic)
[04Sep2026 01:47:14.288] [main/DEBUG] [mixin/]: FMLMixinPlatformAgent rejected container SecureJarResource(mixin_synthetic)
[04Sep2026 01:47:14.288] [main/DEBUG] [mixin/]: Processing prepare() for PlatformAgent[MixinPlatformAgentDefault:SecureJarResource(mixin_synthetic)]
[04Sep2026 01:47:14.288] [main/DEBUG] [mixin/]: Adding mixin platform agents for container SecureJarResource(farmersdelight)
[04Sep2026 01:47:14.288] [main/DEBUG] [mixin/]: Instancing new MixinPlatformAgentMinecraftForge for SecureJarResource(farmersdelight)
[04Sep2026 01:47:14.288] [main/DEBUG] [mixin/]: MixinPlatformAgentMinecraftForge rejected container SecureJarResource(farmersdelight)
[04Sep2026 01:47:14.288] [main/DEBUG] [mixin/]: Instancing new MixinPlatformAgentDefault for SecureJarResource(farmersdelight)
[04Sep2026 01:47:14.288] [main/DEBUG] [mixin/]: MixinPlatformAgentDefault accepted container SecureJarResource(farmersdelight)
[04Sep2026 01:47:14.288] [main/DEBUG] [mixin/]: Instancing new FMLMixinPlatformAgent for SecureJarResource(farmersdelight)
[04Sep2026 01:47:14.288] [main/DEBUG] [mixin/]: FMLMixinPlatformAgent rejected container SecureJarResource(farmersdelight)
[04Sep2026 01:47:14.290] [main/DEBUG] [mixin/]: Processing prepare() for PlatformAgent[MixinPlatformAgentDefault:SecureJarResource(farmersdelight)]
[04Sep2026 01:47:14.290] [main/DEBUG] [mixin/]: Adding mixin platform agents for container SecureJarResource(minecraft)
[04Sep2026 01:47:14.290] [main/DEBUG] [mixin/]: Instancing new MixinPlatformAgentMinecraftForge for SecureJarResource(minecraft)
[04Sep2026 01:47:14.290] [main/DEBUG] [mixin/]: MixinPlatformAgentMinecraftForge rejected container SecureJarResource(minecraft)
[04Sep2026 01:47:14.291] [main/DEBUG] [mixin/]: Instancing new MixinPlatformAgentDefault for SecureJarResource(minecraft)
[04Sep2026 01:47:14.291] [main/DEBUG] [mixin/]: MixinPlatformAgentDefault accepted container SecureJarResource(minecraft)
[04Sep2026 01:47:14.291] [main/DEBUG] [mixin/]: Instancing new FMLMixinPlatformAgent for SecureJarResource(minecraft)
[04Sep2026 01:47:14.291] [main/DEBUG] [mixin/]: FMLMixinPlatformAgent rejected container SecureJarResource(minecraft)
[04Sep2026 01:47:14.291] [main/DEBUG] [mixin/]: Processing prepare() for PlatformAgent[MixinPlatformAgentDefault:SecureJarResource(minecraft)]
[04Sep2026 01:47:14.291] [main/DEBUG] [mixin/]: Adding mixin platform agents for container SecureJarResource(goatman)
[04Sep2026 01:47:14.291] [main/DEBUG] [mixin/]: Instancing new MixinPlatformAgentMinecraftForge for SecureJarResource(goatman)
[04Sep2026 01:47:14.291] [main/DEBUG] [mixin/]: MixinPlatformAgentMinecraftForge rejected container SecureJarResource(goatman)
[04Sep2026 01:47:14.291] [main/DEBUG] [mixin/]: Instancing new MixinPlatformAgentDefault for SecureJarResource(goatman)
[04Sep2026 01:47:14.291] [main/DEBUG] [mixin/]: MixinPlatformAgentDefault accepted container SecureJarResource(goatman)
[04Sep2026 01:47:14.291] [main/DEBUG] [mixin/]: Instancing new FMLMixinPlatformAgent for SecureJarResource(goatman)
[04Sep2026 01:47:14.291] [main/DEBUG] [mixin/]: FMLMixinPlatformAgent rejected container SecureJarResource(goatman)
[04Sep2026 01:47:14.291] [main/DEBUG] [mixin/]: Processing prepare() for PlatformAgent[MixinPlatformAgentDefault:SecureJarResource(goatman)]
[04Sep2026 01:47:14.291] [main/DEBUG] [mixin/]: Adding mixin platform agents for container SecureJarResource(jade)
[04Sep2026 01:47:14.291] [main/DEBUG] [mixin/]: Instancing new MixinPlatformAgentMinecraftForge for SecureJarResource(jade)
[04Sep2026 01:47:14.291] [main/DEBUG] [mixin/]: MixinPlatformAgentMinecraftForge rejected container SecureJarResource(jade)
[04Sep2026 01:47:14.291] [main/DEBUG] [mixin/]: Instancing new MixinPlatformAgentDefault for SecureJarResource(jade)
[04Sep2026 01:47:14.291] [main/DEBUG] [mixin/]: MixinPlatformAgentDefault accepted container SecureJarResource(jade)
[04Sep2026 01:47:14.291] [main/DEBUG] [mixin/]: Instancing new FMLMixinPlatformAgent for SecureJarResource(jade)
[04Sep2026 01:47:14.291] [main/DEBUG] [mixin/]: FMLMixinPlatformAgent rejected container SecureJarResource(jade)
[04Sep2026 01:47:14.291] [main/DEBUG] [mixin/]: Processing prepare() for PlatformAgent[MixinPlatformAgentDefault:SecureJarResource(jade)]
[04Sep2026 01:47:14.291] [main/DEBUG] [mixin/]: Registering mixin config: jade.mixins.json source=SecureJarResource(jade)
[04Sep2026 01:47:14.291] [main/DEBUG] [mixin/]: Adding mixin platform agents for container SecureJarResource(mca)
[04Sep2026 01:47:14.292] [main/DEBUG] [mixin/]: Instancing new MixinPlatformAgentMinecraftForge for SecureJarResource(mca)
[04Sep2026 01:47:14.292] [main/DEBUG] [mixin/]: MixinPlatformAgentMinecraftForge rejected container SecureJarResource(mca)
[04Sep2026 01:47:14.292] [main/DEBUG] [mixin/]: Instancing new MixinPlatformAgentDefault for SecureJarResource(mca)
[04Sep2026 01:47:14.292] [main/DEBUG] [mixin/]: MixinPlatformAgentDefault accepted container SecureJarResource(mca)
[04Sep2026 01:47:14.292] [main/DEBUG] [mixin/]: Instancing new FMLMixinPlatformAgent for SecureJarResource(mca)
[04Sep2026 01:47:14.292] [main/DEBUG] [mixin/]: FMLMixinPlatformAgent rejected container SecureJarResource(mca)
[04Sep2026 01:47:14.292] [main/DEBUG] [mixin/]: Processing prepare() for PlatformAgent[MixinPlatformAgentDefault:SecureJarResource(mca)]
[04Sep2026 01:47:14.292] [main/DEBUG] [mixin/]: Adding mixin platform agents for container SecureJarResource(geckolib)
[04Sep2026 01:47:14.292] [main/DEBUG] [mixin/]: Instancing new MixinPlatformAgentMinecraftForge for SecureJarResource(geckolib)
[04Sep2026 01:47:14.292] [main/DEBUG] [mixin/]: MixinPlatformAgentMinecraftForge rejected container SecureJarResource(geckolib)
[04Sep2026 01:47:14.292] [main/DEBUG] [mixin/]: Instancing new MixinPlatformAgentDefault for SecureJarResource(geckolib)
[04Sep2026 01:47:14.292] [main/DEBUG] [mixin/]: MixinPlatformAgentDefault accepted container SecureJarResource(geckolib)
[04Sep2026 01:47:14.292] [main/DEBUG] [mixin/]: Instancing new FMLMixinPlatformAgent for SecureJarResource(geckolib)
[04Sep2026 01:47:14.292] [main/DEBUG] [mixin/]: FMLMixinPlatformAgent rejected container SecureJarResource(geckolib)
[04Sep2026 01:47:14.292] [main/DEBUG] [mixin/]: Processing prepare() for PlatformAgent[MixinPlatformAgentDefault:SecureJarResource(geckolib)]
[04Sep2026 01:47:14.292] [main/DEBUG] [mixin/]: Registering mixin config: geckolib.mixins.json source=SecureJarResource(geckolib)
[04Sep2026 01:47:14.292] [main/DEBUG] [mixin/]: Adding mixin platform agents for container SecureJarResource(creativecore)
[04Sep2026 01:47:14.292] [main/DEBUG] [mixin/]: Instancing new MixinPlatformAgentMinecraftForge for SecureJarResource(creativecore)
[04Sep2026 01:47:14.292] [main/DEBUG] [mixin/]: MixinPlatformAgentMinecraftForge rejected container SecureJarResource(creativecore)
[04Sep2026 01:47:14.292] [main/DEBUG] [mixin/]: Instancing new MixinPlatformAgentDefault for SecureJarResource(creativecore)
[04Sep2026 01:47:14.292] [main/DEBUG] [mixin/]: MixinPlatformAgentDefault accepted container SecureJarResource(creativecore)
[04Sep2026 01:47:14.292] [main/DEBUG] [mixin/]: Instancing new FMLMixinPlatformAgent for SecureJarResource(creativecore)
[04Sep2026 01:47:14.292] [main/DEBUG] [mixin/]: FMLMixinPlatformAgent rejected container SecureJarResource(creativecore)
[04Sep2026 01:47:14.292] [main/DEBUG] [mixin/]: Processing prepare() for PlatformAgent[MixinPlatformAgentDefault:SecureJarResource(creativecore)]
[04Sep2026 01:47:14.292] [main/DEBUG] [mixin/]: Adding mixin platform agents for container SecureJarResource(jei)
[04Sep2026 01:47:14.292] [main/DEBUG] [mixin/]: Instancing new MixinPlatformAgentMinecraftForge for SecureJarResource(jei)
[04Sep2026 01:47:14.292] [main/DEBUG] [mixin/]: MixinPlatformAgentMinecraftForge rejected container SecureJarResource(jei)
[04Sep2026 01:47:14.292] [main/DEBUG] [mixin/]: Instancing new MixinPlatformAgentDefault for SecureJarResource(jei)
[04Sep2026 01:47:14.292] [main/DEBUG] [mixin/]: MixinPlatformAgentDefault accepted container SecureJarResource(jei)
[04Sep2026 01:47:14.292] [main/DEBUG] [mixin/]: Instancing new FMLMixinPlatformAgent for SecureJarResource(jei)
[04Sep2026 01:47:14.293] [main/DEBUG] [mixin/]: FMLMixinPlatformAgent rejected container SecureJarResource(jei)
[04Sep2026 01:47:14.293] [main/DEBUG] [mixin/]: Processing prepare() for PlatformAgent[MixinPlatformAgentDefault:SecureJarResource(jei)]
[04Sep2026 01:47:14.293] [main/DEBUG] [mixin/]: Adding mixin platform agents for container SecureJarResource(eclipticseasons)
[04Sep2026 01:47:14.293] [main/DEBUG] [mixin/]: Instancing new MixinPlatformAgentMinecraftForge for SecureJarResource(eclipticseasons)
[04Sep2026 01:47:14.293] [main/DEBUG] [mixin/]: MixinPlatformAgentMinecraftForge rejected container SecureJarResource(eclipticseasons)
[04Sep2026 01:47:14.293] [main/DEBUG] [mixin/]: Instancing new MixinPlatformAgentDefault for SecureJarResource(eclipticseasons)
[04Sep2026 01:47:14.293] [main/DEBUG] [mixin/]: MixinPlatformAgentDefault accepted container SecureJarResource(eclipticseasons)
[04Sep2026 01:47:14.293] [main/DEBUG] [mixin/]: Instancing new FMLMixinPlatformAgent for SecureJarResource(eclipticseasons)
[04Sep2026 01:47:14.295] [main/DEBUG] [mixin/]: FMLMixinPlatformAgent rejected container SecureJarResource(eclipticseasons)
[04Sep2026 01:47:14.295] [main/DEBUG] [mixin/]: Processing prepare() for PlatformAgent[MixinPlatformAgentDefault:SecureJarResource(eclipticseasons)]
[04Sep2026 01:47:14.295] [main/DEBUG] [mixin/]: Adding mixin platform agents for container SecureJarResource(beltborne_lanterns)
[04Sep2026 01:47:14.295] [main/DEBUG] [mixin/]: Instancing new MixinPlatformAgentMinecraftForge for SecureJarResource(beltborne_lanterns)
[04Sep2026 01:47:14.296] [main/DEBUG] [mixin/]: MixinPlatformAgentMinecraftForge rejected container SecureJarResource(beltborne_lanterns)
[04Sep2026 01:47:14.296] [main/DEBUG] [mixin/]: Instancing new MixinPlatformAgentDefault for SecureJarResource(beltborne_lanterns)
[04Sep2026 01:47:14.296] [main/DEBUG] [mixin/]: MixinPlatformAgentDefault accepted container SecureJarResource(beltborne_lanterns)
[04Sep2026 01:47:14.296] [main/DEBUG] [mixin/]: Instancing new FMLMixinPlatformAgent for SecureJarResource(beltborne_lanterns)
[04Sep2026 01:47:14.296] [main/DEBUG] [mixin/]: FMLMixinPlatformAgent rejected container SecureJarResource(beltborne_lanterns)
[04Sep2026 01:47:14.296] [main/DEBUG] [mixin/]: Processing prepare() for PlatformAgent[MixinPlatformAgentDefault:SecureJarResource(beltborne_lanterns)]
[04Sep2026 01:47:14.296] [main/DEBUG] [mixin/]: Adding mixin platform agents for container SecureJarResource(naturalist)
[04Sep2026 01:47:14.296] [main/DEBUG] [mixin/]: Instancing new MixinPlatformAgentMinecraftForge for SecureJarResource(naturalist)
[04Sep2026 01:47:14.296] [main/DEBUG] [mixin/]: MixinPlatformAgentMinecraftForge rejected container SecureJarResource(naturalist)
[04Sep2026 01:47:14.296] [main/DEBUG] [mixin/]: Instancing new MixinPlatformAgentDefault for SecureJarResource(naturalist)
[04Sep2026 01:47:14.296] [main/DEBUG] [mixin/]: MixinPlatformAgentDefault accepted container SecureJarResource(naturalist)
[04Sep2026 01:47:14.296] [main/DEBUG] [mixin/]: Instancing new FMLMixinPlatformAgent for SecureJarResource(naturalist)
[04Sep2026 01:47:14.296] [main/DEBUG] [mixin/]: FMLMixinPlatformAgent rejected container SecureJarResource(naturalist)
[04Sep2026 01:47:14.296] [main/DEBUG] [mixin/]: Processing prepare() for PlatformAgent[MixinPlatformAgentDefault:SecureJarResource(naturalist)]
[04Sep2026 01:47:14.296] [main/DEBUG] [mixin/]: Adding mixin platform agents for container SecureJarResource(tacz)
[04Sep2026 01:47:14.296] [main/DEBUG] [mixin/]: Instancing new MixinPlatformAgentMinecraftForge for SecureJarResource(tacz)
[04Sep2026 01:47:14.296] [main/DEBUG] [mixin/]: MixinPlatformAgentMinecraftForge rejected container SecureJarResource(tacz)
[04Sep2026 01:47:14.296] [main/DEBUG] [mixin/]: Instancing new MixinPlatformAgentDefault for SecureJarResource(tacz)
[04Sep2026 01:47:14.296] [main/DEBUG] [mixin/]: MixinPlatformAgentDefault accepted container SecureJarResource(tacz)
[04Sep2026 01:47:14.296] [main/DEBUG] [mixin/]: Instancing new FMLMixinPlatformAgent for SecureJarResource(tacz)
[04Sep2026 01:47:14.296] [main/DEBUG] [mixin/]: FMLMixinPlatformAgent rejected container SecureJarResource(tacz)
[04Sep2026 01:47:14.296] [main/DEBUG] [mixin/]: Processing prepare() for PlatformAgent[MixinPlatformAgentDefault:SecureJarResource(tacz)]
[04Sep2026 01:47:14.296] [main/DEBUG] [mixin/]: Adding mixin platform agents for container SecureJarResource(tacz_tactical_breaching)
[04Sep2026 01:47:14.296] [main/DEBUG] [mixin/]: Instancing new MixinPlatformAgentMinecraftForge for SecureJarResource(tacz_tactical_breaching)
[04Sep2026 01:47:14.296] [main/DEBUG] [mixin/]: MixinPlatformAgentMinecraftForge rejected container SecureJarResource(tacz_tactical_breaching)
[04Sep2026 01:47:14.296] [main/DEBUG] [mixin/]: Instancing new MixinPlatformAgentDefault for SecureJarResource(tacz_tactical_breaching)
[04Sep2026 01:47:14.296] [main/DEBUG] [mixin/]: MixinPlatformAgentDefault accepted container SecureJarResource(tacz_tactical_breaching)
[04Sep2026 01:47:14.296] [main/DEBUG] [mixin/]: Instancing new FMLMixinPlatformAgent for SecureJarResource(tacz_tactical_breaching)
[04Sep2026 01:47:14.296] [main/DEBUG] [mixin/]: FMLMixinPlatformAgent rejected container SecureJarResource(tacz_tactical_breaching)
[04Sep2026 01:47:14.296] [main/DEBUG] [mixin/]: Processing prepare() for PlatformAgent[MixinPlatformAgentDefault:SecureJarResource(tacz_tactical_breaching)]
[04Sep2026 01:47:14.296] [main/DEBUG] [mixin/]: Registering mixin config: tacz_tactical_breaching.mixins.json source=SecureJarResource(tacz_tactical_breaching)
[04Sep2026 01:47:14.296] [main/DEBUG] [mixin/]: Adding mixin platform agents for container SecureJarResource(kotlinforforge)
[04Sep2026 01:47:14.296] [main/DEBUG] [mixin/]: Instancing new MixinPlatformAgentMinecraftForge for SecureJarResource(kotlinforforge)
[04Sep2026 01:47:14.296] [main/DEBUG] [mixin/]: MixinPlatformAgentMinecraftForge rejected container SecureJarResource(kotlinforforge)
[04Sep2026 01:47:14.297] [main/DEBUG] [mixin/]: Instancing new MixinPlatformAgentDefault for SecureJarResource(kotlinforforge)
[04Sep2026 01:47:14.297] [main/DEBUG] [mixin/]: MixinPlatformAgentDefault accepted container SecureJarResource(kotlinforforge)
[04Sep2026 01:47:14.297] [main/DEBUG] [mixin/]: Instancing new FMLMixinPlatformAgent for SecureJarResource(kotlinforforge)
[04Sep2026 01:47:14.297] [main/DEBUG] [mixin/]: FMLMixinPlatformAgent rejected container SecureJarResource(kotlinforforge)
[04Sep2026 01:47:14.297] [main/DEBUG] [mixin/]: Processing prepare() for PlatformAgent[MixinPlatformAgentDefault:SecureJarResource(kotlinforforge)]
[04Sep2026 01:47:14.297] [main/DEBUG] [mixin/]: Adding mixin platform agents for container SecureJarResource(sophisticatedcore)
[04Sep2026 01:47:14.297] [main/DEBUG] [mixin/]: Instancing new MixinPlatformAgentMinecraftForge for SecureJarResource(sophisticatedcore)
[04Sep2026 01:47:14.297] [main/DEBUG] [mixin/]: MixinPlatformAgentMinecraftForge rejected container SecureJarResource(sophisticatedcore)
[04Sep2026 01:47:14.297] [main/DEBUG] [mixin/]: Instancing new MixinPlatformAgentDefault for SecureJarResource(sophisticatedcore)
[04Sep2026 01:47:14.297] [main/DEBUG] [mixin/]: MixinPlatformAgentDefault accepted container SecureJarResource(sophisticatedcore)
[04Sep2026 01:47:14.297] [main/DEBUG] [mixin/]: Instancing new FMLMixinPlatformAgent for SecureJarResource(sophisticatedcore)
[04Sep2026 01:47:14.297] [main/DEBUG] [mixin/]: FMLMixinPlatformAgent rejected container SecureJarResource(sophisticatedcore)
[04Sep2026 01:47:14.297] [main/DEBUG] [mixin/]: Processing prepare() for PlatformAgent[MixinPlatformAgentDefault:SecureJarResource(sophisticatedcore)]
[04Sep2026 01:47:14.297] [main/DEBUG] [mixin/]: Adding mixin platform agents for container SecureJarResource(touhou_little_maid)
[04Sep2026 01:47:14.297] [main/DEBUG] [mixin/]: Instancing new MixinPlatformAgentMinecraftForge for SecureJarResource(touhou_little_maid)
[04Sep2026 01:47:14.297] [main/DEBUG] [mixin/]: MixinPlatformAgentMinecraftForge rejected container SecureJarResource(touhou_little_maid)
[04Sep2026 01:47:14.297] [main/DEBUG] [mixin/]: Instancing new MixinPlatformAgentDefault for SecureJarResource(touhou_little_maid)
[04Sep2026 01:47:14.297] [main/DEBUG] [mixin/]: MixinPlatformAgentDefault accepted container SecureJarResource(touhou_little_maid)
[04Sep2026 01:47:14.297] [main/DEBUG] [mixin/]: Instancing new FMLMixinPlatformAgent for SecureJarResource(touhou_little_maid)
[04Sep2026 01:47:14.297] [main/DEBUG] [mixin/]: FMLMixinPlatformAgent rejected container SecureJarResource(touhou_little_maid)
[04Sep2026 01:47:14.297] [main/DEBUG] [mixin/]: Processing prepare() for PlatformAgent[MixinPlatformAgentDefault:SecureJarResource(touhou_little_maid)]
[04Sep2026 01:47:14.297] [main/DEBUG] [mixin/]: Adding mixin platform agents for container SecureJarResource(curios)
[04Sep2026 01:47:14.297] [main/DEBUG] [mixin/]: Instancing new MixinPlatformAgentMinecraftForge for SecureJarResource(curios)
[04Sep2026 01:47:14.297] [main/DEBUG] [mixin/]: MixinPlatformAgentMinecraftForge rejected container SecureJarResource(curios)
[04Sep2026 01:47:14.297] [main/DEBUG] [mixin/]: Instancing new MixinPlatformAgentDefault for SecureJarResource(curios)
[04Sep2026 01:47:14.297] [main/DEBUG] [mixin/]: MixinPlatformAgentDefault accepted container SecureJarResource(curios)
[04Sep2026 01:47:14.297] [main/DEBUG] [mixin/]: Instancing new FMLMixinPlatformAgent for SecureJarResource(curios)
[04Sep2026 01:47:14.297] [main/DEBUG] [mixin/]: FMLMixinPlatformAgent rejected container SecureJarResource(curios)
[04Sep2026 01:47:14.297] [main/DEBUG] [mixin/]: Processing prepare() for PlatformAgent[MixinPlatformAgentDefault:SecureJarResource(curios)]
[04Sep2026 01:47:14.297] [main/DEBUG] [mixin/]: Adding mixin platform agents for container SecureJarResource(patchouli)
[04Sep2026 01:47:14.297] [main/DEBUG] [mixin/]: Instancing new MixinPlatformAgentMinecraftForge for SecureJarResource(patchouli)
[04Sep2026 01:47:14.297] [main/DEBUG] [mixin/]: MixinPlatformAgentMinecraftForge rejected container SecureJarResource(patchouli)
[04Sep2026 01:47:14.297] [main/DEBUG] [mixin/]: Instancing new MixinPlatformAgentDefault for SecureJarResource(patchouli)
[04Sep2026 01:47:14.297] [main/DEBUG] [mixin/]: MixinPlatformAgentDefault accepted container SecureJarResource(patchouli)
[04Sep2026 01:47:14.298] [main/DEBUG] [mixin/]: Instancing new FMLMixinPlatformAgent for SecureJarResource(patchouli)
[04Sep2026 01:47:14.298] [main/DEBUG] [mixin/]: FMLMixinPlatformAgent rejected container SecureJarResource(patchouli)
[04Sep2026 01:47:14.298] [main/DEBUG] [mixin/]: Processing prepare() for PlatformAgent[MixinPlatformAgentDefault:SecureJarResource(patchouli)]
[04Sep2026 01:47:14.298] [main/DEBUG] [mixin/]: Adding mixin platform agents for container SecureJarResource(simplebedrockmodel)
[04Sep2026 01:47:14.298] [main/DEBUG] [mixin/]: Instancing new MixinPlatformAgentMinecraftForge for SecureJarResource(simplebedrockmodel)
[04Sep2026 01:47:14.298] [main/DEBUG] [mixin/]: MixinPlatformAgentMinecraftForge rejected container SecureJarResource(simplebedrockmodel)
[04Sep2026 01:47:14.298] [main/DEBUG] [mixin/]: Instancing new MixinPlatformAgentDefault for SecureJarResource(simplebedrockmodel)
[04Sep2026 01:47:14.298] [main/DEBUG] [mixin/]: MixinPlatformAgentDefault accepted container SecureJarResource(simplebedrockmodel)
[04Sep2026 01:47:14.298] [main/DEBUG] [mixin/]: Instancing new FMLMixinPlatformAgent for SecureJarResource(simplebedrockmodel)
[04Sep2026 01:47:14.298] [main/DEBUG] [mixin/]: FMLMixinPlatformAgent rejected container SecureJarResource(simplebedrockmodel)
[04Sep2026 01:47:14.298] [main/DEBUG] [mixin/]: Processing prepare() for PlatformAgent[MixinPlatformAgentDefault:SecureJarResource(simplebedrockmodel)]
[04Sep2026 01:47:14.298] [main/DEBUG] [mixin/]: Adding mixin platform agents for container SecureJarResource(gravestone)
[04Sep2026 01:47:14.298] [main/DEBUG] [mixin/]: Instancing new MixinPlatformAgentMinecraftForge for SecureJarResource(gravestone)
[04Sep2026 01:47:14.298] [main/DEBUG] [mixin/]: MixinPlatformAgentMinecraftForge rejected container SecureJarResource(gravestone)
[04Sep2026 01:47:14.298] [main/DEBUG] [mixin/]: Instancing new MixinPlatformAgentDefault for SecureJarResource(gravestone)
[04Sep2026 01:47:14.298] [main/DEBUG] [mixin/]: MixinPlatformAgentDefault accepted container SecureJarResource(gravestone)
[04Sep2026 01:47:14.298] [main/DEBUG] [mixin/]: Instancing new FMLMixinPlatformAgent for SecureJarResource(gravestone)
[04Sep2026 01:47:14.298] [main/DEBUG] [mixin/]: FMLMixinPlatformAgent rejected container SecureJarResource(gravestone)
[04Sep2026 01:47:14.298] [main/DEBUG] [mixin/]: Processing prepare() for PlatformAgent[MixinPlatformAgentDefault:SecureJarResource(gravestone)]
[04Sep2026 01:47:14.298] [main/DEBUG] [mixin/]: Adding mixin platform agents for container SecureJarResource(neoforge)
[04Sep2026 01:47:14.298] [main/DEBUG] [mixin/]: Instancing new MixinPlatformAgentMinecraftForge for SecureJarResource(neoforge)
[04Sep2026 01:47:14.301] [main/DEBUG] [mixin/]: MixinPlatformAgentMinecraftForge rejected container SecureJarResource(neoforge)
[04Sep2026 01:47:14.301] [main/DEBUG] [mixin/]: Instancing new MixinPlatformAgentDefault for SecureJarResource(neoforge)
[04Sep2026 01:47:14.301] [main/DEBUG] [mixin/]: MixinPlatformAgentDefault accepted container SecureJarResource(neoforge)
[04Sep2026 01:47:14.301] [main/DEBUG] [mixin/]: Instancing new FMLMixinPlatformAgent for SecureJarResource(neoforge)
[04Sep2026 01:47:14.302] [main/DEBUG] [mixin/]: FMLMixinPlatformAgent rejected container SecureJarResource(neoforge)
[04Sep2026 01:47:14.302] [main/DEBUG] [mixin/]: Processing prepare() for PlatformAgent[MixinPlatformAgentDefault:SecureJarResource(neoforge)]
[04Sep2026 01:47:14.302] [main/DEBUG] [mixin/]: Adding mixin platform agents for container SecureJarResource(arphex)
[04Sep2026 01:47:14.302] [main/DEBUG] [mixin/]: Instancing new MixinPlatformAgentMinecraftForge for SecureJarResource(arphex)
[04Sep2026 01:47:14.302] [main/DEBUG] [mixin/]: MixinPlatformAgentMinecraftForge rejected container SecureJarResource(arphex)
[04Sep2026 01:47:14.302] [main/DEBUG] [mixin/]: Instancing new MixinPlatformAgentDefault for SecureJarResource(arphex)
[04Sep2026 01:47:14.302] [main/DEBUG] [mixin/]: MixinPlatformAgentDefault accepted container SecureJarResource(arphex)
[04Sep2026 01:47:14.302] [main/DEBUG] [mixin/]: Instancing new FMLMixinPlatformAgent for SecureJarResource(arphex)
[04Sep2026 01:47:14.302] [main/DEBUG] [mixin/]: FMLMixinPlatformAgent rejected container SecureJarResource(arphex)
[04Sep2026 01:47:14.302] [main/DEBUG] [mixin/]: Processing prepare() for PlatformAgent[MixinPlatformAgentDefault:SecureJarResource(arphex)]
[04Sep2026 01:47:14.302] [main/DEBUG] [mixin/]: Adding mixin platform agents for container SecureJarResource(modernfix)
[04Sep2026 01:47:14.302] [main/DEBUG] [mixin/]: Instancing new MixinPlatformAgentMinecraftForge for SecureJarResource(modernfix)
[04Sep2026 01:47:14.302] [main/DEBUG] [mixin/]: MixinPlatformAgentMinecraftForge rejected container SecureJarResource(modernfix)
[04Sep2026 01:47:14.302] [main/DEBUG] [mixin/]: Instancing new MixinPlatformAgentDefault for SecureJarResource(modernfix)
[04Sep2026 01:47:14.302] [main/DEBUG] [mixin/]: MixinPlatformAgentDefault accepted container SecureJarResource(modernfix)
[04Sep2026 01:47:14.302] [main/DEBUG] [mixin/]: Instancing new FMLMixinPlatformAgent for SecureJarResource(modernfix)
[04Sep2026 01:47:14.302] [main/DEBUG] [mixin/]: FMLMixinPlatformAgent rejected container SecureJarResource(modernfix)
[04Sep2026 01:47:14.302] [main/DEBUG] [mixin/]: Processing prepare() for PlatformAgent[MixinPlatformAgentDefault:SecureJarResource(modernfix)]
[04Sep2026 01:47:14.302] [main/DEBUG] [mixin/]: Adding mixin platform agents for container SecureJarResource(naturescompass)
[04Sep2026 01:47:14.302] [main/DEBUG] [mixin/]: Instancing new MixinPlatformAgentMinecraftForge for SecureJarResource(naturescompass)
[04Sep2026 01:47:14.302] [main/DEBUG] [mixin/]: MixinPlatformAgentMinecraftForge rejected container SecureJarResource(naturescompass)
[04Sep2026 01:47:14.302] [main/DEBUG] [mixin/]: Instancing new MixinPlatformAgentDefault for SecureJarResource(naturescompass)
[04Sep2026 01:47:14.302] [main/DEBUG] [mixin/]: MixinPlatformAgentDefault accepted container SecureJarResource(naturescompass)
[04Sep2026 01:47:14.302] [main/DEBUG] [mixin/]: Instancing new FMLMixinPlatformAgent for SecureJarResource(naturescompass)
[04Sep2026 01:47:14.302] [main/DEBUG] [mixin/]: FMLMixinPlatformAgent rejected container SecureJarResource(naturescompass)
[04Sep2026 01:47:14.302] [main/DEBUG] [mixin/]: Processing prepare() for PlatformAgent[MixinPlatformAgentDefault:SecureJarResource(naturescompass)]
[04Sep2026 01:47:14.302] [main/DEBUG] [mixin/]: Adding mixin platform agents for container SecureJarResource(sophisticatedbackpacks)
[04Sep2026 01:47:14.302] [main/DEBUG] [mixin/]: Instancing new MixinPlatformAgentMinecraftForge for SecureJarResource(sophisticatedbackpacks)
[04Sep2026 01:47:14.302] [main/DEBUG] [mixin/]: MixinPlatformAgentMinecraftForge rejected container SecureJarResource(sophisticatedbackpacks)
[04Sep2026 01:47:14.302] [main/DEBUG] [mixin/]: Instancing new MixinPlatformAgentDefault for SecureJarResource(sophisticatedbackpacks)
[04Sep2026 01:47:14.302] [main/DEBUG] [mixin/]: MixinPlatformAgentDefault accepted container SecureJarResource(sophisticatedbackpacks)
[04Sep2026 01:47:14.302] [main/DEBUG] [mixin/]: Instancing new FMLMixinPlatformAgent for SecureJarResource(sophisticatedbackpacks)
[04Sep2026 01:47:14.302] [main/DEBUG] [mixin/]: FMLMixinPlatformAgent rejected container SecureJarResource(sophisticatedbackpacks)
[04Sep2026 01:47:14.302] [main/DEBUG] [mixin/]: Processing prepare() for PlatformAgent[MixinPlatformAgentDefault:SecureJarResource(sophisticatedbackpacks)]
[04Sep2026 01:47:14.302] [main/DEBUG] [mixin/]: Adding mixin platform agents for container SecureJarResource(architectury)
[04Sep2026 01:47:14.302] [main/DEBUG] [mixin/]: Instancing new MixinPlatformAgentMinecraftForge for SecureJarResource(architectury)
[04Sep2026 01:47:14.302] [main/DEBUG] [mixin/]: MixinPlatformAgentMinecraftForge rejected container SecureJarResource(architectury)
[04Sep2026 01:47:14.302] [main/DEBUG] [mixin/]: Instancing new MixinPlatformAgentDefault for SecureJarResource(architectury)
[04Sep2026 01:47:14.303] [main/DEBUG] [mixin/]: MixinPlatformAgentDefault accepted container SecureJarResource(architectury)
[04Sep2026 01:47:14.303] [main/DEBUG] [mixin/]: Instancing new FMLMixinPlatformAgent for SecureJarResource(architectury)
[04Sep2026 01:47:14.303] [main/DEBUG] [mixin/]: FMLMixinPlatformAgent rejected container SecureJarResource(architectury)
[04Sep2026 01:47:14.303] [main/DEBUG] [mixin/]: Processing prepare() for PlatformAgent[MixinPlatformAgentDefault:SecureJarResource(architectury)]
[04Sep2026 01:47:14.303] [main/DEBUG] [mixin/]: Adding mixin platform agents for container SecureJarResource(appleskin)
[04Sep2026 01:47:14.303] [main/DEBUG] [mixin/]: Instancing new MixinPlatformAgentMinecraftForge for SecureJarResource(appleskin)
[04Sep2026 01:47:14.303] [main/DEBUG] [mixin/]: MixinPlatformAgentMinecraftForge rejected container SecureJarResource(appleskin)
[04Sep2026 01:47:14.303] [main/DEBUG] [mixin/]: Instancing new MixinPlatformAgentDefault for SecureJarResource(appleskin)
[04Sep2026 01:47:14.303] [main/DEBUG] [mixin/]: MixinPlatformAgentDefault accepted container SecureJarResource(appleskin)
[04Sep2026 01:47:14.303] [main/DEBUG] [mixin/]: Instancing new FMLMixinPlatformAgent for SecureJarResource(appleskin)
[04Sep2026 01:47:14.303] [main/DEBUG] [mixin/]: FMLMixinPlatformAgent rejected container SecureJarResource(appleskin)
[04Sep2026 01:47:14.303] [main/DEBUG] [mixin/]: Processing prepare() for PlatformAgent[MixinPlatformAgentDefault:SecureJarResource(appleskin)]
[04Sep2026 01:47:14.303] [main/DEBUG] [mixin/]: Adding mixin platform agents for container SecureJarResource(ferritecore)
[04Sep2026 01:47:14.303] [main/DEBUG] [mixin/]: Instancing new MixinPlatformAgentMinecraftForge for SecureJarResource(ferritecore)
[04Sep2026 01:47:14.303] [main/DEBUG] [mixin/]: MixinPlatformAgentMinecraftForge rejected container SecureJarResource(ferritecore)
[04Sep2026 01:47:14.303] [main/DEBUG] [mixin/]: Instancing new MixinPlatformAgentDefault for SecureJarResource(ferritecore)
[04Sep2026 01:47:14.303] [main/DEBUG] [mixin/]: MixinPlatformAgentDefault accepted container SecureJarResource(ferritecore)
[04Sep2026 01:47:14.303] [main/DEBUG] [mixin/]: Instancing new FMLMixinPlatformAgent for SecureJarResource(ferritecore)
[04Sep2026 01:47:14.303] [main/DEBUG] [mixin/]: FMLMixinPlatformAgent rejected container SecureJarResource(ferritecore)
[04Sep2026 01:47:14.303] [main/DEBUG] [mixin/]: Processing prepare() for PlatformAgent[MixinPlatformAgentDefault:SecureJarResource(ferritecore)]
[04Sep2026 01:47:14.303] [main/DEBUG] [mixin/]: Adding mixin platform agents for container SecureJarResource(cloth_config)
[04Sep2026 01:47:14.303] [main/DEBUG] [mixin/]: Instancing new MixinPlatformAgentMinecraftForge for SecureJarResource(cloth_config)
[04Sep2026 01:47:14.303] [main/DEBUG] [mixin/]: MixinPlatformAgentMinecraftForge rejected container SecureJarResource(cloth_config)
[04Sep2026 01:47:14.303] [main/DEBUG] [mixin/]: Instancing new MixinPlatformAgentDefault for SecureJarResource(cloth_config)
[04Sep2026 01:47:14.303] [main/DEBUG] [mixin/]: MixinPlatformAgentDefault accepted container SecureJarResource(cloth_config)
[04Sep2026 01:47:14.303] [main/DEBUG] [mixin/]: Instancing new FMLMixinPlatformAgent for SecureJarResource(cloth_config)
[04Sep2026 01:47:14.303] [main/DEBUG] [mixin/]: FMLMixinPlatformAgent rejected container SecureJarResource(cloth_config)
[04Sep2026 01:47:14.303] [main/DEBUG] [mixin/]: Processing prepare() for PlatformAgent[MixinPlatformAgentDefault:SecureJarResource(cloth_config)]
[04Sep2026 01:47:14.303] [main/DEBUG] [mixin/]: Adding mixin platform agents for container SecureJarResource(maid_storage_manager)
[04Sep2026 01:47:14.303] [main/DEBUG] [mixin/]: Instancing new MixinPlatformAgentMinecraftForge for SecureJarResource(maid_storage_manager)
[04Sep2026 01:47:14.303] [main/DEBUG] [mixin/]: MixinPlatformAgentMinecraftForge rejected container SecureJarResource(maid_storage_manager)
[04Sep2026 01:47:14.303] [main/DEBUG] [mixin/]: Instancing new MixinPlatformAgentDefault for SecureJarResource(maid_storage_manager)
[04Sep2026 01:47:14.303] [main/DEBUG] [mixin/]: MixinPlatformAgentDefault accepted container SecureJarResource(maid_storage_manager)
[04Sep2026 01:47:14.303] [main/DEBUG] [mixin/]: Instancing new FMLMixinPlatformAgent for SecureJarResource(maid_storage_manager)
[04Sep2026 01:47:14.303] [main/DEBUG] [mixin/]: FMLMixinPlatformAgent rejected container SecureJarResource(maid_storage_manager)
[04Sep2026 01:47:14.303] [main/DEBUG] [mixin/]: Processing prepare() for PlatformAgent[MixinPlatformAgentDefault:SecureJarResource(maid_storage_manager)]
[04Sep2026 01:47:14.303] [main/DEBUG] [mixin/]: Adding mixin platform agents for container SecureJarResource(fzzy_config)
[04Sep2026 01:47:14.303] [main/DEBUG] [mixin/]: Instancing new MixinPlatformAgentMinecraftForge for SecureJarResource(fzzy_config)
[04Sep2026 01:47:14.303] [main/DEBUG] [mixin/]: MixinPlatformAgentMinecraftForge rejected container SecureJarResource(fzzy_config)
[04Sep2026 01:47:14.304] [main/DEBUG] [mixin/]: Instancing new MixinPlatformAgentDefault for SecureJarResource(fzzy_config)
[04Sep2026 01:47:14.304] [main/DEBUG] [mixin/]: MixinPlatformAgentDefault accepted container SecureJarResource(fzzy_config)
[04Sep2026 01:47:14.304] [main/DEBUG] [mixin/]: Instancing new FMLMixinPlatformAgent for SecureJarResource(fzzy_config)
[04Sep2026 01:47:14.304] [main/DEBUG] [mixin/]: FMLMixinPlatformAgent rejected container SecureJarResource(fzzy_config)
[04Sep2026 01:47:14.304] [main/DEBUG] [mixin/]: Processing prepare() for PlatformAgent[MixinPlatformAgentDefault:SecureJarResource(fzzy_config)]
[04Sep2026 01:47:14.304] [main/DEBUG] [mixin/]: Adding mixin platform agents for container SecureJarResource(playerrevive)
[04Sep2026 01:47:14.304] [main/DEBUG] [mixin/]: Instancing new MixinPlatformAgentMinecraftForge for SecureJarResource(playerrevive)
[04Sep2026 01:47:14.304] [main/DEBUG] [mixin/]: MixinPlatformAgentMinecraftForge rejected container SecureJarResource(playerrevive)
[04Sep2026 01:47:14.304] [main/DEBUG] [mixin/]: Instancing new MixinPlatformAgentDefault for SecureJarResource(playerrevive)
[04Sep2026 01:47:14.304] [main/DEBUG] [mixin/]: MixinPlatformAgentDefault accepted container SecureJarResource(playerrevive)
[04Sep2026 01:47:14.304] [main/DEBUG] [mixin/]: Instancing new FMLMixinPlatformAgent for SecureJarResource(playerrevive)
[04Sep2026 01:47:14.304] [main/DEBUG] [mixin/]: FMLMixinPlatformAgent rejected container SecureJarResource(playerrevive)
[04Sep2026 01:47:14.304] [main/DEBUG] [mixin/]: Processing prepare() for PlatformAgent[MixinPlatformAgentDefault:SecureJarResource(playerrevive)]
[04Sep2026 01:47:14.304] [main/DEBUG] [mixin/]: Adding mixin platform agents for container SecureJarResource(maidmarriage)
[04Sep2026 01:47:14.304] [main/DEBUG] [mixin/]: Instancing new MixinPlatformAgentMinecraftForge for SecureJarResource(maidmarriage)
[04Sep2026 01:47:14.304] [main/DEBUG] [mixin/]: MixinPlatformAgentMinecraftForge rejected container SecureJarResource(maidmarriage)
[04Sep2026 01:47:14.304] [main/DEBUG] [mixin/]: Instancing new MixinPlatformAgentDefault for SecureJarResource(maidmarriage)
[04Sep2026 01:47:14.304] [main/DEBUG] [mixin/]: MixinPlatformAgentDefault accepted container SecureJarResource(maidmarriage)
[04Sep2026 01:47:14.304] [main/DEBUG] [mixin/]: Instancing new FMLMixinPlatformAgent for SecureJarResource(maidmarriage)
[04Sep2026 01:47:14.304] [main/DEBUG] [mixin/]: FMLMixinPlatformAgent rejected container SecureJarResource(maidmarriage)
[04Sep2026 01:47:14.304] [main/DEBUG] [mixin/]: Processing prepare() for PlatformAgent[MixinPlatformAgentDefault:SecureJarResource(maidmarriage)]
[04Sep2026 01:47:14.304] [main/DEBUG] [mixin/]: Registering mixin config: maidmarriage.mixins.json source=SecureJarResource(maidmarriage)
[04Sep2026 01:47:14.304] [main/DEBUG] [mixin/]: Adding mixin platform agents for container SecureJarResource(taczpackupgrader)
[04Sep2026 01:47:14.304] [main/DEBUG] [mixin/]: Instancing new MixinPlatformAgentMinecraftForge for SecureJarResource(taczpackupgrader)
[04Sep2026 01:47:14.304] [main/DEBUG] [mixin/]: MixinPlatformAgentMinecraftForge rejected container SecureJarResource(taczpackupgrader)
[04Sep2026 01:47:14.304] [main/DEBUG] [mixin/]: Instancing new MixinPlatformAgentDefault for SecureJarResource(taczpackupgrader)
[04Sep2026 01:47:14.307] [main/DEBUG] [mixin/]: MixinPlatformAgentDefault accepted container SecureJarResource(taczpackupgrader)
[04Sep2026 01:47:14.307] [main/DEBUG] [mixin/]: Instancing new FMLMixinPlatformAgent for SecureJarResource(taczpackupgrader)
[04Sep2026 01:47:14.307] [main/DEBUG] [mixin/]: FMLMixinPlatformAgent rejected container SecureJarResource(taczpackupgrader)
[04Sep2026 01:47:14.307] [main/DEBUG] [mixin/]: Processing prepare() for PlatformAgent[MixinPlatformAgentDefault:SecureJarResource(taczpackupgrader)]
[04Sep2026 01:47:14.308] [main/DEBUG] [mixin/]: Adding mixin platform agents for container SecureJarResource(mixinextras.neoforge)
[04Sep2026 01:47:14.308] [main/DEBUG] [mixin/]: Instancing new MixinPlatformAgentMinecraftForge for SecureJarResource(mixinextras.neoforge)
[04Sep2026 01:47:14.308] [main/DEBUG] [mixin/]: MixinPlatformAgentMinecraftForge rejected container SecureJarResource(mixinextras.neoforge)
[04Sep2026 01:47:14.308] [main/DEBUG] [mixin/]: Instancing new MixinPlatformAgentDefault for SecureJarResource(mixinextras.neoforge)
[04Sep2026 01:47:14.308] [main/DEBUG] [mixin/]: MixinPlatformAgentDefault accepted container SecureJarResource(mixinextras.neoforge)
[04Sep2026 01:47:14.308] [main/DEBUG] [mixin/]: Instancing new FMLMixinPlatformAgent for SecureJarResource(mixinextras.neoforge)
[04Sep2026 01:47:14.308] [main/DEBUG] [mixin/]: FMLMixinPlatformAgent rejected container SecureJarResource(mixinextras.neoforge)
[04Sep2026 01:47:14.308] [main/DEBUG] [mixin/]: Processing prepare() for PlatformAgent[MixinPlatformAgentDefault:SecureJarResource(mixinextras.neoforge)]
[04Sep2026 01:47:14.308] [main/DEBUG] [mixin/]: Registering mixin config: mixinextras.init.mixins.json source=SecureJarResource(mixinextras.neoforge)
[04Sep2026 01:47:14.308] [main/DEBUG] [mixin/]: Adding mixin platform agents for container SecureJarResource(thedarkcolour.kfflib)
[04Sep2026 01:47:14.309] [main/DEBUG] [mixin/]: Instancing new MixinPlatformAgentMinecraftForge for SecureJarResource(thedarkcolour.kfflib)
[04Sep2026 01:47:14.309] [main/DEBUG] [mixin/]: MixinPlatformAgentMinecraftForge rejected container SecureJarResource(thedarkcolour.kfflib)
[04Sep2026 01:47:14.309] [main/DEBUG] [mixin/]: Instancing new MixinPlatformAgentDefault for SecureJarResource(thedarkcolour.kfflib)
[04Sep2026 01:47:14.309] [main/DEBUG] [mixin/]: MixinPlatformAgentDefault accepted container SecureJarResource(thedarkcolour.kfflib)
[04Sep2026 01:47:14.309] [main/DEBUG] [mixin/]: Instancing new FMLMixinPlatformAgent for SecureJarResource(thedarkcolour.kfflib)
[04Sep2026 01:47:14.309] [main/DEBUG] [mixin/]: FMLMixinPlatformAgent rejected container SecureJarResource(thedarkcolour.kfflib)
[04Sep2026 01:47:14.309] [main/DEBUG] [mixin/]: Processing prepare() for PlatformAgent[MixinPlatformAgentDefault:SecureJarResource(thedarkcolour.kfflib)]
[04Sep2026 01:47:14.309] [main/DEBUG] [mixin/]: inject() running with 39 agents
[04Sep2026 01:47:14.309] [main/DEBUG] [mixin/]: Processing inject() for PlatformAgent[MixinPlatformAgentDefault:ModLauncher Root Container(ModLauncher:4f56a0a2)]
[04Sep2026 01:47:14.309] [main/DEBUG] [mixin/]: Processing inject() for PlatformAgent[MixinPlatformAgentDefault:net.neoforged.fml.loading.mixin.FMLMixinContainerHandle@53e3a87a]
[04Sep2026 01:47:14.309] [main/DEBUG] [mixin/]: Processing inject() for PlatformAgent[FMLMixinPlatformAgent:null]
[04Sep2026 01:47:14.309] [main/DEBUG] [mixin/]: Processing inject() for PlatformAgent[MixinPlatformAgentDefault:SecureJarResource(mixin_synthetic)]
[04Sep2026 01:47:14.309] [main/DEBUG] [mixin/]: Processing inject() for PlatformAgent[MixinPlatformAgentDefault:SecureJarResource(farmersdelight)]
[04Sep2026 01:47:14.309] [main/DEBUG] [mixin/]: Processing inject() for PlatformAgent[MixinPlatformAgentDefault:SecureJarResource(minecraft)]
[04Sep2026 01:47:14.309] [main/DEBUG] [mixin/]: Processing inject() for PlatformAgent[MixinPlatformAgentDefault:SecureJarResource(goatman)]
[04Sep2026 01:47:14.309] [main/DEBUG] [mixin/]: Processing inject() for PlatformAgent[MixinPlatformAgentDefault:SecureJarResource(jade)]
[04Sep2026 01:47:14.309] [main/DEBUG] [mixin/]: Processing inject() for PlatformAgent[MixinPlatformAgentDefault:SecureJarResource(mca)]
[04Sep2026 01:47:14.309] [main/DEBUG] [mixin/]: Processing inject() for PlatformAgent[MixinPlatformAgentDefault:SecureJarResource(geckolib)]
[04Sep2026 01:47:14.309] [main/DEBUG] [mixin/]: Processing inject() for PlatformAgent[MixinPlatformAgentDefault:SecureJarResource(creativecore)]
[04Sep2026 01:47:14.309] [main/DEBUG] [mixin/]: Processing inject() for PlatformAgent[MixinPlatformAgentDefault:SecureJarResource(jei)]
[04Sep2026 01:47:14.309] [main/DEBUG] [mixin/]: Processing inject() for PlatformAgent[MixinPlatformAgentDefault:SecureJarResource(eclipticseasons)]
[04Sep2026 01:47:14.309] [main/DEBUG] [mixin/]: Processing inject() for PlatformAgent[MixinPlatformAgentDefault:SecureJarResource(beltborne_lanterns)]
[04Sep2026 01:47:14.309] [main/DEBUG] [mixin/]: Processing inject() for PlatformAgent[MixinPlatformAgentDefault:SecureJarResource(naturalist)]
[04Sep2026 01:47:14.309] [main/DEBUG] [mixin/]: Processing inject() for PlatformAgent[MixinPlatformAgentDefault:SecureJarResource(tacz)]
[04Sep2026 01:47:14.309] [main/DEBUG] [mixin/]: Processing inject() for PlatformAgent[MixinPlatformAgentDefault:SecureJarResource(tacz_tactical_breaching)]
[04Sep2026 01:47:14.309] [main/DEBUG] [mixin/]: Processing inject() for PlatformAgent[MixinPlatformAgentDefault:SecureJarResource(kotlinforforge)]
[04Sep2026 01:47:14.309] [main/DEBUG] [mixin/]: Processing inject() for PlatformAgent[MixinPlatformAgentDefault:SecureJarResource(sophisticatedcore)]
[04Sep2026 01:47:14.309] [main/DEBUG] [mixin/]: Processing inject() for PlatformAgent[MixinPlatformAgentDefault:SecureJarResource(touhou_little_maid)]
[04Sep2026 01:47:14.309] [main/DEBUG] [mixin/]: Processing inject() for PlatformAgent[MixinPlatformAgentDefault:SecureJarResource(curios)]
[04Sep2026 01:47:14.309] [main/DEBUG] [mixin/]: Processing inject() for PlatformAgent[MixinPlatformAgentDefault:SecureJarResource(patchouli)]
[04Sep2026 01:47:14.309] [main/DEBUG] [mixin/]: Processing inject() for PlatformAgent[MixinPlatformAgentDefault:SecureJarResource(simplebedrockmodel)]
[04Sep2026 01:47:14.309] [main/DEBUG] [mixin/]: Processing inject() for PlatformAgent[MixinPlatformAgentDefault:SecureJarResource(gravestone)]
[04Sep2026 01:47:14.309] [main/DEBUG] [mixin/]: Processing inject() for PlatformAgent[MixinPlatformAgentDefault:SecureJarResource(neoforge)]
[04Sep2026 01:47:14.309] [main/DEBUG] [mixin/]: Processing inject() for PlatformAgent[MixinPlatformAgentDefault:SecureJarResource(arphex)]
[04Sep2026 01:47:14.309] [main/DEBUG] [mixin/]: Processing inject() for PlatformAgent[MixinPlatformAgentDefault:SecureJarResource(modernfix)]
[04Sep2026 01:47:14.309] [main/DEBUG] [mixin/]: Processing inject() for PlatformAgent[MixinPlatformAgentDefault:SecureJarResource(naturescompass)]
[04Sep2026 01:47:14.309] [main/DEBUG] [mixin/]: Processing inject() for PlatformAgent[MixinPlatformAgentDefault:SecureJarResource(sophisticatedbackpacks)]
[04Sep2026 01:47:14.309] [main/DEBUG] [mixin/]: Processing inject() for PlatformAgent[MixinPlatformAgentDefault:SecureJarResource(architectury)]
[04Sep2026 01:47:14.309] [main/DEBUG] [mixin/]: Processing inject() for PlatformAgent[MixinPlatformAgentDefault:SecureJarResource(appleskin)]
[04Sep2026 01:47:14.309] [main/DEBUG] [mixin/]: Processing inject() for PlatformAgent[MixinPlatformAgentDefault:SecureJarResource(ferritecore)]
[04Sep2026 01:47:14.309] [main/DEBUG] [mixin/]: Processing inject() for PlatformAgent[MixinPlatformAgentDefault:SecureJarResource(cloth_config)]
[04Sep2026 01:47:14.309] [main/DEBUG] [mixin/]: Processing inject() for PlatformAgent[MixinPlatformAgentDefault:SecureJarResource(maid_storage_manager)]
[04Sep2026 01:47:14.309] [main/DEBUG] [mixin/]: Processing inject() for PlatformAgent[MixinPlatformAgentDefault:SecureJarResource(fzzy_config)]
[04Sep2026 01:47:14.310] [main/DEBUG] [mixin/]: Processing inject() for PlatformAgent[MixinPlatformAgentDefault:SecureJarResource(playerrevive)]
[04Sep2026 01:47:14.310] [main/DEBUG] [mixin/]: Processing inject() for PlatformAgent[MixinPlatformAgentDefault:SecureJarResource(maidmarriage)]
[04Sep2026 01:47:14.310] [main/DEBUG] [mixin/]: Processing inject() for PlatformAgent[MixinPlatformAgentDefault:SecureJarResource(taczpackupgrader)]
[04Sep2026 01:47:14.310] [main/DEBUG] [mixin/]: Processing inject() for PlatformAgent[MixinPlatformAgentDefault:SecureJarResource(mixinextras.neoforge)]
[04Sep2026 01:47:14.310] [main/DEBUG] [mixin/]: Processing inject() for PlatformAgent[MixinPlatformAgentDefault:SecureJarResource(thedarkcolour.kfflib)]
[04Sep2026 01:47:14.310] [main/INFO] [cpw.mods.modlauncher.LaunchServiceHandler/MODLAUNCHER]: Launching target 'forgeserver' with arguments []
[04Sep2026 01:47:14.366] [main/DEBUG] [mixin/]: Preparing mixins for MixinEnvironment[DEFAULT]
[04Sep2026 01:47:14.366] [main/DEBUG] [mixin/]: Selecting config farmersdelight.mixins.json
[04Sep2026 01:47:14.371] [main/DEBUG] [mixin/]: Selecting config jade.mixins.json
[04Sep2026 01:47:14.371] [main/DEBUG] [mixin/]: Selecting config mca.mixins.json
[04Sep2026 01:47:14.371] [main/WARN] [mixin/]: Reference map 'mca.refmap.json' for mca.mixins.json could not be read. If this is a development environment you can ignore this message
[04Sep2026 01:47:14.372] [main/DEBUG] [mixin/]: Selecting config geckolib.mixins.json
[04Sep2026 01:47:14.372] [main/WARN] [mixin/]: Reference map 'geckolib.refmap.json' for geckolib.mixins.json could not be read. If this is a development environment you can ignore this message
[04Sep2026 01:47:14.372] [main/DEBUG] [mixin/]: Selecting config creativecore.mixins.json
[04Sep2026 01:47:14.372] [main/WARN] [mixin/]: Reference map 'creativecore.mixins.refmap.json' for creativecore.mixins.json could not be read. If this is a development environment you can ignore this message
[04Sep2026 01:47:14.372] [main/DEBUG] [mixin/]: Selecting config creativecore.forge.mixins.json
[04Sep2026 01:47:14.375] [main/WARN] [mixin/]: Reference map 'creativecore.mixins.refmap.json' for creativecore.forge.mixins.json could not be read. If this is a development environment you can ignore this message
[04Sep2026 01:47:14.375] [main/DEBUG] [mixin/]: Selecting config eclipticseasons.mixins.json
[04Sep2026 01:47:14.402] [main/DEBUG] [mixin/]: Registering new injector for @Inject with org.spongepowered.asm.mixin.injection.struct.CallbackInjectionInfo
[04Sep2026 01:47:14.409] [main/DEBUG] [mixin/]: Registering new injector for @ModifyArg with org.spongepowered.asm.mixin.injection.struct.ModifyArgInjectionInfo
[04Sep2026 01:47:14.410] [main/DEBUG] [mixin/]: Registering new injector for @ModifyArgs with org.spongepowered.asm.mixin.injection.struct.ModifyArgsInjectionInfo
[04Sep2026 01:47:14.410] [main/DEBUG] [mixin/]: Registering new injector for @Redirect with org.spongepowered.asm.mixin.injection.struct.RedirectInjectionInfo
[04Sep2026 01:47:14.411] [main/DEBUG] [mixin/]: Registering new injector for @ModifyVariable with org.spongepowered.asm.mixin.injection.struct.ModifyVariableInjectionInfo
[04Sep2026 01:47:14.415] [main/DEBUG] [mixin/]: Registering new injector for @ModifyConstant with org.spongepowered.asm.mixin.injection.struct.ModifyConstantInjectionInfo
[04Sep2026 01:47:14.421] [main/DEBUG] [mixin/]: Registering new injector for @DirectInject with com.teamtea.eclipticseasons.common.mixin.injector.internal.DirectInjectInjectionInfo
[04Sep2026 01:47:14.423] [main/DEBUG] [mixin/]: Registering new injector for @DirectExpression with com.teamtea.eclipticseasons.common.mixin.expression.internal.DirectExpressionInjectionInfo
[04Sep2026 01:47:14.444] [main/WARN] [mixin/]: Reference map 'eclipticseasons.refmap.json' for eclipticseasons.mixins.json could not be read. If this is a development environment you can ignore this message
[04Sep2026 01:47:14.444] [main/DEBUG] [mixin/]: Selecting config beltborne_lanterns.neoforge.mixins.json
[04Sep2026 01:47:14.445] [main/DEBUG] [mixin/]: Selecting config naturalist.mixins.json
[04Sep2026 01:47:14.445] [main/DEBUG] [mixin/]: Selecting config naturalist.fieldguide.mixins.json
[04Sep2026 01:47:14.445] [main/DEBUG] [mixin/]: Selecting config tacz.mixins.json
[04Sep2026 01:47:14.450] [main/WARN] [mixin/]: Reference map 'tacz.refmap.json' for tacz.mixins.json could not be read. If this is a development environment you can ignore this message
[04Sep2026 01:47:14.451] [main/DEBUG] [mixin/]: Selecting config tacz.compat.acceleratedrendering.mixins.json
[04Sep2026 01:47:14.451] [main/WARN] [mixin/]: Reference map 'tacz.refmap.json' for tacz.compat.acceleratedrendering.mixins.json could not be read. If this is a development environment you can ignore this message
[04Sep2026 01:47:14.451] [main/DEBUG] [mixin/]: Selecting config tacz_tactical_breaching.mixins.json
[04Sep2026 01:47:14.452] [main/DEBUG] [mixin/]: Selecting config sophisticatedcore.mixins.json
[04Sep2026 01:47:14.452] [main/DEBUG] [mixin/]: Selecting config touhou_little_maid.mixins.json
[04Sep2026 01:47:14.456] [main/WARN] [mixin/]: Reference map 'touhou_little_maid.refmap.json' for touhou_little_maid.mixins.json could not be read. If this is a development environment you can ignore this message
[04Sep2026 01:47:14.456] [main/DEBUG] [mixin/]: Selecting config curios.neoforge.mixins.json
[04Sep2026 01:47:14.457] [main/WARN] [mixin/]: Reference map 'curios.refmap.json' for curios.neoforge.mixins.json could not be read. If this is a development environment you can ignore this message
[04Sep2026 01:47:14.457] [main/DEBUG] [mixin/]: Selecting config curios.mixins.json
[04Sep2026 01:47:14.457] [main/WARN] [mixin/]: Reference map 'curios.refmap.json' for curios.mixins.json could not be read. If this is a development environment you can ignore this message
[04Sep2026 01:47:14.457] [main/DEBUG] [mixin/]: Selecting config patchouli_xplat.mixins.json
[04Sep2026 01:47:14.457] [main/WARN] [mixin/]: Reference map 'patchouli.refmap.json' for patchouli_xplat.mixins.json could not be read. If this is a development environment you can ignore this message
[04Sep2026 01:47:14.457] [main/DEBUG] [mixin/]: Selecting config simplebedrockmodel.mixins.json
[04Sep2026 01:47:14.457] [main/WARN] [mixin/]: Reference map 'simplebedrockmodel.refmap.json' for simplebedrockmodel.mixins.json could not be read. If this is a development environment you can ignore this message
[04Sep2026 01:47:14.457] [main/DEBUG] [mixin/]: Selecting config neoforge.mixins.json
[04Sep2026 01:47:14.458] [main/DEBUG] [mixin/]: Selecting config modernfix-modernfix.mixins.json
[04Sep2026 01:47:14.578] [main/INFO] [ModernFix/]: Loaded configuration file for ModernFix 5.27.20+mc1.21.1: 89 options available, 0 override(s) found
[04Sep2026 01:47:14.582] [main/INFO] [ModernFix/]: Applying Nashorn fix
[04Sep2026 01:47:14.584] [main/DEBUG] [mixin/]: Selecting config sophisticatedbackpacks.mixins.json
[04Sep2026 01:47:14.587] [main/DEBUG] [mixin/]: Selecting config architectury.mixins.json
[04Sep2026 01:47:14.588] [main/DEBUG] [mixin/]: Selecting config architectury-common.mixins.json
[04Sep2026 01:47:14.588] [main/DEBUG] [mixin/]: Selecting config ferritecore.predicates.mixin.json
[04Sep2026 01:47:14.602] [main/WARN] [mixin/]: Reference map '${refmap_target}refmap.json' for ferritecore.predicates.mixin.json could not be read. If this is a development environment you can ignore this message
[04Sep2026 01:47:14.602] [main/DEBUG] [mixin/]: Selecting config ferritecore.fastmap.mixin.json
[04Sep2026 01:47:14.605] [main/WARN] [mixin/]: Reference map '${refmap_target}refmap.json' for ferritecore.fastmap.mixin.json could not be read. If this is a development environment you can ignore this message
[04Sep2026 01:47:14.605] [main/DEBUG] [mixin/]: Selecting config ferritecore.mrl.mixin.json
[04Sep2026 01:47:14.606] [main/WARN] [mixin/]: Reference map '${refmap_target}refmap.json' for ferritecore.mrl.mixin.json could not be read. If this is a development environment you can ignore this message
[04Sep2026 01:47:14.606] [main/DEBUG] [mixin/]: Selecting config ferritecore.dedupmultipart.mixin.json
[04Sep2026 01:47:14.607] [main/WARN] [mixin/]: Reference map '${refmap_target}refmap.json' for ferritecore.dedupmultipart.mixin.json could not be read. If this is a development environment you can ignore this message
[04Sep2026 01:47:14.607] [main/DEBUG] [mixin/]: Selecting config ferritecore.blockstatecache.mixin.json
[04Sep2026 01:47:14.610] [main/WARN] [mixin/]: Reference map '${refmap_target}refmap.json' for ferritecore.blockstatecache.mixin.json could not be read. If this is a development environment you can ignore this message
[04Sep2026 01:47:14.610] [main/DEBUG] [mixin/]: Selecting config ferritecore.dedupbakedquad.mixin.json
[04Sep2026 01:47:14.611] [main/WARN] [mixin/]: Reference map '${refmap_target}refmap.json' for ferritecore.dedupbakedquad.mixin.json could not be read. If this is a development environment you can ignore this message
[04Sep2026 01:47:14.611] [main/DEBUG] [mixin/]: Selecting config ferritecore.threaddetec.mixin.json
[04Sep2026 01:47:14.626] [main/WARN] [mixin/]: Reference map '${refmap_target}refmap.json' for ferritecore.threaddetec.mixin.json could not be read. If this is a development environment you can ignore this message
[04Sep2026 01:47:14.626] [main/DEBUG] [mixin/]: Selecting config ferritecore.modelsides.mixin.json
[04Sep2026 01:47:14.627] [main/WARN] [mixin/]: Reference map '${refmap_target}refmap.json' for ferritecore.modelsides.mixin.json could not be read. If this is a development environment you can ignore this message
[04Sep2026 01:47:14.627] [main/DEBUG] [mixin/]: Selecting config ferritecore.datacomponents.mixin.json
[04Sep2026 01:47:14.627] [main/WARN] [mixin/]: Reference map '${refmap_target}refmap.json' for ferritecore.datacomponents.mixin.json could not be read. If this is a development environment you can ignore this message
[04Sep2026 01:47:14.627] [main/DEBUG] [mixin/]: Selecting config ferritecore.accessors.mixin.json
[04Sep2026 01:47:14.628] [main/WARN] [mixin/]: Reference map '${refmap_target}refmap.json' for ferritecore.accessors.mixin.json could not be read. If this is a development environment you can ignore this message
[04Sep2026 01:47:14.628] [main/DEBUG] [mixin/]: Selecting config maid_storage_manager.mixins.json
[04Sep2026 01:47:14.629] [main/WARN] [mixin/]: Reference map 'maid_storage_manager.refmap.json' for maid_storage_manager.mixins.json could not be read. If this is a development environment you can ignore this message
[04Sep2026 01:47:14.629] [main/DEBUG] [mixin/]: Selecting config playerrevive.mixins.json
[04Sep2026 01:47:14.629] [main/WARN] [mixin/]: Reference map 'playerrevive.mixin.refmap.json' for playerrevive.mixins.json could not be read. If this is a development environment you can ignore this message
[04Sep2026 01:47:14.629] [main/DEBUG] [mixin/]: Selecting config maidmarriage.mixins.json
[04Sep2026 01:47:14.629] [main/WARN] [mixin/]: Reference map 'maidmarriage-refmap.json' for maidmarriage.mixins.json could not be read. If this is a development environment you can ignore this message
[04Sep2026 01:47:14.629] [main/DEBUG] [mixin/]: Selecting config mixinextras.init.mixins.json
[04Sep2026 01:47:14.665] [main/DEBUG] [MixinExtras|Service/]: com.llamalad7.mixinextras.service.MixinExtrasServiceImpl(version=0.5.3) is taking over from null
[04Sep2026 01:47:14.684] [main/DEBUG] [mixin/]: Preparing farmersdelight.mixins.json (14)
[04Sep2026 01:47:14.700] [main/DEBUG] [net.neoforged.accesstransformer.AccessTransformer/AXFORM]: Transforming net.minecraft.util.datafix.fixes.ItemStackComponentizationFix INNERCLASS ItemStackData to access PUBLIC and LEAVE
[04Sep2026 01:47:14.715] [main/TRACE] [mixin/]: Added class metadata for net/minecraft/util/datafix/fixes/ItemStackComponentizationFix to metadata cache
[04Sep2026 01:47:14.718] [main/TRACE] [mixin/]: Added class metadata for net/minecraft/util/datafix/schemas/V1460 to metadata cache
[04Sep2026 01:47:14.718] [main/TRACE] [mixin/]: Added class metadata for net/minecraft/util/datafix/schemas/V3818_3 to metadata cache
[04Sep2026 01:47:14.719] [main/TRACE] [mixin/]: Added class metadata for net/minecraft/world/level/block/CampfireBlock to metadata cache
[04Sep2026 01:47:14.721] [main/DEBUG] [net.neoforged.accesstransformer.AccessTransformer/AXFORM]: Transforming net.minecraft.world.level.block.DispenserBlock FIELD DISPENSER_REGISTRY to access PUBLIC and REMOVEFINAL
[04Sep2026 01:47:14.721] [main/DEBUG] [net.neoforged.accesstransformer.AccessTransformer/AXFORM]: Transforming net.minecraft.world.level.block.DispenserBlock METHOD <init>(Lnet/minecraft/world/level/block/state/BlockBehaviour$Properties;)V to access PUBLIC and LEAVE
[04Sep2026 01:47:14.723] [main/TRACE] [mixin/]: Added class metadata for net/minecraft/world/level/block/DispenserBlock to metadata cache
[04Sep2026 01:47:14.724] [main/TRACE] [mixin/]: Added class metadata for net/minecraft/world/level/levelgen/feature/Feature to metadata cache
[04Sep2026 01:47:14.725] [main/TRACE] [mixin/]: Added class metadata for net/minecraft/world/level/levelgen/feature/trunkplacers/TrunkPlacer to metadata cache
[04Sep2026 01:47:14.725] [main/DEBUG] [net.neoforged.accesstransformer.AccessTransformer/AXFORM]: Transforming net.minecraft.world.level.block.FarmBlock METHOD <init>(Lnet/minecraft/world/level/block/state/BlockBehaviour$Properties;)V to access PUBLIC and LEAVE
[04Sep2026 01:47:14.726] [main/TRACE] [mixin/]: Added class metadata for net/minecraft/world/level/block/FarmBlock to metadata cache
[04Sep2026 01:47:14.729] [main/DEBUG] [net.neoforged.accesstransformer.AccessTransformer/AXFORM]: Transforming net.minecraft.world.entity.player.Player FIELD inventory to access PUBLIC and REMOVEFINAL
[04Sep2026 01:47:14.729] [main/DEBUG] [net.neoforged.accesstransformer.AccessTransformer/AXFORM]: Transforming net.minecraft.world.entity.player.Player METHOD closeContainer()V to access PUBLIC and LEAVE
[04Sep2026 01:47:14.742] [main/TRACE] [mixin/]: Added class metadata for net/minecraft/world/entity/player/Player to metadata cache
[04Sep2026 01:47:14.743] [main/DEBUG] [net.neoforged.accesstransformer.AccessTransformer/AXFORM]: Transforming net.minecraft.world.item.Item FIELD components to access PRIVATE and REMOVEFINAL
[04Sep2026 01:47:14.743] [main/DEBUG] [net.neoforged.accesstransformer.AccessTransformer/AXFORM]: Transforming net.minecraft.world.item.Item METHOD getPlayerPOVHitResult(Lnet/minecraft/world/level/Level;Lnet/minecraft/world/entity/player/Player;Lnet/minecraft/world/level/ClipContext$Fluid;)Lnet/minecraft/world/phys/BlockHitResult; to access PUBLIC and LEAVE
[04Sep2026 01:47:14.745] [main/TRACE] [mixin/]: Added class metadata for net/minecraft/world/item/Item to metadata cache
[04Sep2026 01:47:14.746] [main/TRACE] [mixin/]: Added class metadata for net/minecraft/world/level/block/FenceBlock to metadata cache
[04Sep2026 01:47:14.747] [main/TRACE] [mixin/]: Added class metadata for net/minecraft/world/entity/ai/sensing/SecondaryPoiSensor to metadata cache
[04Sep2026 01:47:14.747] [main/DEBUG] [mixin/]: Preparing jade.mixins.json (6)
[04Sep2026 01:47:14.750] [main/DEBUG] [net.neoforged.accesstransformer.AccessTransformer/AXFORM]: Transforming net.minecraft.world.level.block.entity.AbstractFurnaceBlockEntity FIELD litTime to access PUBLIC and LEAVE
[04Sep2026 01:47:14.752] [main/TRACE] [mixin/]: Added class metadata for net/minecraft/world/level/block/entity/AbstractFurnaceBlockEntity to metadata cache
[04Sep2026 01:47:14.753] [main/TRACE] [mixin/]: Added class metadata for net/neoforged/neoforge/common/loot/CanItemPerformAbility to metadata cache
[04Sep2026 01:47:14.758] [main/DEBUG] [net.neoforged.accesstransformer.AccessTransformer/AXFORM]: Transforming net.minecraft.world.entity.Entity FIELD ENTITY_COUNTER to access PROTECTED and LEAVE
[04Sep2026 01:47:14.758] [main/DEBUG] [net.neoforged.accesstransformer.AccessTransformer/AXFORM]: Transforming net.minecraft.world.entity.Entity FIELD level to access PUBLIC and LEAVE
[04Sep2026 01:47:14.758] [main/DEBUG] [net.neoforged.accesstransformer.AccessTransformer/AXFORM]: Transforming net.minecraft.world.entity.Entity FIELD wasTouchingWater to access PUBLIC and LEAVE
[04Sep2026 01:47:14.758] [main/DEBUG] [net.neoforged.accesstransformer.AccessTransformer/AXFORM]: Transforming net.minecraft.world.entity.Entity METHOD getGravity()D to access PUBLIC and REMOVEFINAL
[04Sep2026 01:47:14.758] [main/DEBUG] [net.neoforged.accesstransformer.AccessTransformer/AXFORM]: Transforming net.minecraft.world.entity.Entity METHOD getEncodeId()Ljava/lang/String; to access PUBLIC and LEAVE
[04Sep2026 01:47:14.758] [main/DEBUG] [net.neoforged.accesstransformer.AccessTransformer/AXFORM]: Transforming net.minecraft.world.entity.Entity METHOD getEyeHeight(Lnet/minecraft/world/entity/Pose;)F to access PUBLIC and REMOVEFINAL
[04Sep2026 01:47:14.758] [main/DEBUG] [net.neoforged.accesstransformer.AccessTransformer/AXFORM]: Transforming net.minecraft.world.entity.Entity METHOD getX()D to access PUBLIC and REMOVEFINAL
[04Sep2026 01:47:14.758] [main/DEBUG] [net.neoforged.accesstransformer.AccessTransformer/AXFORM]: Transforming net.minecraft.world.entity.Entity METHOD getY()D to access PUBLIC and REMOVEFINAL
[04Sep2026 01:47:14.758] [main/DEBUG] [net.neoforged.accesstransformer.AccessTransformer/AXFORM]: Transforming net.minecraft.world.entity.Entity METHOD getZ()D to access PUBLIC and REMOVEFINAL
[04Sep2026 01:47:14.773] [main/TRACE] [mixin/]: Added class metadata for net/minecraft/world/entity/Entity to metadata cache
[04Sep2026 01:47:14.773] [main/DEBUG] [mixin/]: Preparing mca.mixins.json (32)
[04Sep2026 01:47:14.782] [main/TRACE] [mixin/]: Added class metadata for net/minecraft/world/entity/projectile/AbstractArrow to metadata cache
[04Sep2026 01:47:14.783] [main/DEBUG] [net.neoforged.accesstransformer.AccessTransformer/AXFORM]: Transforming net.minecraft.advancements.AdvancementRewards FIELD loot to access PUBLIC and REMOVEFINAL
[04Sep2026 01:47:14.784] [main/TRACE] [mixin/]: Added class metadata for net/minecraft/advancements/AdvancementRewards to metadata cache
[04Sep2026 01:47:14.785] [main/DEBUG] [net.neoforged.accesstransformer.AccessTransformer/AXFORM]: Transforming net.minecraft.world.entity.ai.behavior.CrossbowAttack INNERCLASS CrossbowState to access PUBLIC and LEAVE
[04Sep2026 01:47:14.785] [main/DEBUG] [net.neoforged.accesstransformer.AccessTransformer/AXFORM]: Transforming net.minecraft.world.entity.ai.behavior.CrossbowAttack FIELD attackDelay to access PUBLIC and LEAVE
[04Sep2026 01:47:14.785] [main/DEBUG] [net.neoforged.accesstransformer.AccessTransformer/AXFORM]: Transforming net.minecraft.world.entity.ai.behavior.CrossbowAttack FIELD crossbowState to access PUBLIC and LEAVE
[04Sep2026 01:47:14.785] [main/DEBUG] [net.neoforged.accesstransformer.AccessTransformer/AXFORM]: Transforming net.minecraft.world.entity.ai.behavior.CrossbowAttack METHOD crossbowAttack(Lnet/minecraft/world/entity/Mob;Lnet/minecraft/world/entity/LivingEntity;)V to access PUBLIC and REMOVEFINAL
[04Sep2026 01:47:14.787] [main/TRACE] [mixin/]: Added class metadata for net/minecraft/world/entity/ai/behavior/CrossbowAttack to metadata cache
[04Sep2026 01:47:14.798] [main/TRACE] [mixin/]: Added class metadata for net/minecraft/world/entity/EntityType to metadata cache
[04Sep2026 01:47:14.800] [main/TRACE] [mixin/]: Added class metadata for net/minecraft/world/entity/animal/goat/Goat to metadata cache
[04Sep2026 01:47:14.802] [main/TRACE] [mixin/]: Added class metadata for net/minecraft/world/entity/player/Inventory to metadata cache
[04Sep2026 01:47:14.803] [main/TRACE] [mixin/]: Added class metadata for net/minecraft/world/entity/animal/IronGolem to metadata cache
[04Sep2026 01:47:14.805] [main/DEBUG] [net.neoforged.accesstransformer.AccessTransformer/AXFORM]: Transforming net.minecraft.world.item.ItemStack FIELD components to access PUBLIC and LEAVE
[04Sep2026 01:47:14.805] [main/DEBUG] [net.neoforged.accesstransformer.AccessTransformer/AXFORM]: Transforming net.minecraft.world.item.ItemStack METHOD addToTooltip(Lnet/minecraft/core/component/DataComponentType;Lnet/minecraft/world/item/Item$TooltipContext;Ljava/util/function/Consumer;Lnet/minecraft/world/item/TooltipFlag;)V to access PUBLIC and LEAVE
[04Sep2026 01:47:14.809] [main/TRACE] [mixin/]: Added class metadata for net/minecraft/world/item/ItemStack to metadata cache
[04Sep2026 01:47:14.815] [main/DEBUG] [net.neoforged.accesstransformer.AccessTransformer/AXFORM]: Transforming net.minecraft.world.entity.LivingEntity FIELD jumping to access PUBLIC and LEAVE
[04Sep2026 01:47:14.815] [main/DEBUG] [net.neoforged.accesstransformer.AccessTransformer/AXFORM]: Transforming net.minecraft.world.entity.LivingEntity METHOD breakItem(Lnet/minecraft/world/item/ItemStack;)V to access PUBLIC and LEAVE
[04Sep2026 01:47:14.815] [main/DEBUG] [net.neoforged.accesstransformer.AccessTransformer/AXFORM]: Transforming net.minecraft.world.entity.LivingEntity METHOD getHitbox()Lnet/minecraft/world/phys/AABB; to access PUBLIC and LEAVE
[04Sep2026 01:47:14.815] [main/DEBUG] [net.neoforged.accesstransformer.AccessTransformer/AXFORM]: Transforming net.minecraft.world.entity.LivingEntity METHOD getCurrentSwingDuration()I to access PUBLIC and LEAVE
[04Sep2026 01:47:14.815] [main/DEBUG] [net.neoforged.accesstransformer.AccessTransformer/AXFORM]: Transforming net.minecraft.world.entity.LivingEntity METHOD handleOnClimbable(Lnet/minecraft/world/phys/Vec3;)Lnet/minecraft/world/phys/Vec3; to access PUBLIC and LEAVE
[04Sep2026 01:47:14.815] [main/DEBUG] [net.neoforged.accesstransformer.AccessTransformer/AXFORM]: Transforming net.minecraft.world.entity.LivingEntity METHOD getFrictionInfluencedSpeed(F)F to access PUBLIC and LEAVE
[04Sep2026 01:47:14.815] [main/DEBUG] [net.neoforged.accesstransformer.AccessTransformer/AXFORM]: Transforming net.minecraft.world.entity.LivingEntity METHOD setLastArmorItem(Lnet/minecraft/world/entity/EquipmentSlot;Lnet/minecraft/world/item/ItemStack;)V to access PUBLIC and LEAVE
[04Sep2026 01:47:14.815] [main/DEBUG] [net.neoforged.accesstransformer.AccessTransformer/AXFORM]: Transforming net.minecraft.world.entity.LivingEntity METHOD setLastHandItem(Lnet/minecraft/world/entity/EquipmentSlot;Lnet/minecraft/world/item/ItemStack;)V to access PUBLIC and LEAVE
[04Sep2026 01:47:14.815] [main/DEBUG] [net.neoforged.accesstransformer.AccessTransformer/AXFORM]: Transforming net.minecraft.world.entity.LivingEntity METHOD updatingUsingItem()V to access PUBLIC and LEAVE
[04Sep2026 01:47:14.815] [main/DEBUG] [net.neoforged.accesstransformer.AccessTransformer/AXFORM]: Transforming net.minecraft.world.entity.LivingEntity METHOD eat(Lnet/minecraft/world/level/Level;Lnet/minecraft/world/item/ItemStack;)Lnet/minecraft/world/item/ItemStack; to access PUBLIC and REMOVEFINAL
[04Sep2026 01:47:14.828] [main/TRACE] [mixin/]: Added class metadata for net/minecraft/world/entity/LivingEntity to metadata cache
[04Sep2026 01:47:14.828] [main/TRACE] [mixin/]: Added class metadata for net/minecraft/world/item/MilkBucketItem to metadata cache
[04Sep2026 01:47:14.829] [main/TRACE] [mixin/]: Added class metadata for net/minecraft/world/entity/ai/behavior/MoveToTargetSink to metadata cache
[04Sep2026 01:47:14.830] [main/TRACE] [mixin/]: Added class metadata for net/minecraft/world/level/chunk/ProtoChunk to metadata cache
[04Sep2026 01:47:14.832] [main/DEBUG] [net.neoforged.accesstransformer.AccessTransformer/AXFORM]: Transforming net.minecraft.world.inventory.AbstractContainerMenu FIELD lastSlots to access PUBLIC and REMOVEFINAL
[04Sep2026 01:47:14.832] [main/DEBUG] [net.neoforged.accesstransformer.AccessTransformer/AXFORM]: Transforming net.minecraft.world.inventory.AbstractContainerMenu FIELD remoteSlots to access PUBLIC and REMOVEFINAL
[04Sep2026 01:47:14.832] [main/DEBUG] [net.neoforged.accesstransformer.AccessTransformer/AXFORM]: Transforming net.minecraft.world.inventory.AbstractContainerMenu FIELD remoteCarried to access PROTECTED and LEAVE
[04Sep2026 01:47:14.832] [main/DEBUG] [net.neoforged.accesstransformer.AccessTransformer/AXFORM]: Transforming net.minecraft.world.inventory.AbstractContainerMenu FIELD menuType to access PROTECTED and REMOVEFINAL
[04Sep2026 01:47:14.832] [main/DEBUG] [net.neoforged.accesstransformer.AccessTransformer/AXFORM]: Transforming net.minecraft.world.inventory.AbstractContainerMenu FIELD containerId to access PUBLIC and REMOVEFINAL
[04Sep2026 01:47:14.832] [main/DEBUG] [net.neoforged.accesstransformer.AccessTransformer/AXFORM]: Transforming net.minecraft.world.inventory.AbstractContainerMenu FIELD quickcraftType to access PROTECTED and LEAVE
[04Sep2026 01:47:14.832] [main/DEBUG] [net.neoforged.accesstransformer.AccessTransformer/AXFORM]: Transforming net.minecraft.world.inventory.AbstractContainerMenu FIELD quickcraftStatus to access PROTECTED and LEAVE
[04Sep2026 01:47:14.832] [main/DEBUG] [net.neoforged.accesstransformer.AccessTransformer/AXFORM]: Transforming net.minecraft.world.inventory.AbstractContainerMenu FIELD quickcraftSlots to access PROTECTED and LEAVE
[04Sep2026 01:47:14.832] [main/DEBUG] [net.neoforged.accesstransformer.AccessTransformer/AXFORM]: Transforming net.minecraft.world.inventory.AbstractContainerMenu FIELD containerListeners to access PROTECTED and LEAVE
[04Sep2026 01:47:14.832] [main/DEBUG] [net.neoforged.accesstransformer.AccessTransformer/AXFORM]: Transforming net.minecraft.world.inventory.AbstractContainerMenu FIELD synchronizer to access PROTECTED and LEAVE
[04Sep2026 01:47:14.832] [main/DEBUG] [net.neoforged.accesstransformer.AccessTransformer/AXFORM]: Transforming net.minecraft.world.inventory.AbstractContainerMenu FIELD suppressRemoteUpdates to access PROTECTED and LEAVE
[04Sep2026 01:47:14.832] [main/DEBUG] [net.neoforged.accesstransformer.AccessTransformer/AXFORM]: Transforming net.minecraft.world.inventory.AbstractContainerMenu METHOD synchronizeCarriedToRemote()V to access PROTECTED and LEAVE
[04Sep2026 01:47:14.832] [main/DEBUG] [net.neoforged.accesstransformer.AccessTransformer/AXFORM]: Transforming net.minecraft.world.inventory.AbstractContainerMenu METHOD doClick(IILnet/minecraft/world/inventory/ClickType;Lnet/minecraft/world/entity/player/Player;)V to access PROTECTED and LEAVE
[04Sep2026 01:47:14.832] [main/DEBUG] [net.neoforged.accesstransformer.AccessTransformer/AXFORM]: Transforming net.minecraft.world.inventory.AbstractContainerMenu METHOD createCarriedSlotAccess()Lnet/minecraft/world/entity/SlotAccess; to access PROTECTED and LEAVE
[04Sep2026 01:47:14.835] [main/TRACE] [mixin/]: Added class metadata for net/minecraft/world/inventory/AbstractContainerMenu to metadata cache
[04Sep2026 01:47:14.841] [main/TRACE] [mixin/]: Added class metadata for net/minecraft/server/network/ServerGamePacketListenerImpl to metadata cache
[04Sep2026 01:47:14.842] [main/TRACE] [mixin/]: Added class metadata for net/minecraft/world/entity/ai/behavior/SleepInBed to metadata cache
[04Sep2026 01:47:14.845] [main/DEBUG] [net.neoforged.accesstransformer.AccessTransformer/AXFORM]: Transforming net.minecraft.server.level.ServerLevel FIELD THUNDER_DELAY to access PUBLIC and LEAVE
[04Sep2026 01:47:14.845] [main/DEBUG] [net.neoforged.accesstransformer.AccessTransformer/AXFORM]: Transforming net.minecraft.server.level.ServerLevel METHOD getEntities()Lnet/minecraft/world/level/entity/LevelEntityGetter; to access PUBLIC and LEAVE
[04Sep2026 01:47:14.851] [main/TRACE] [mixin/]: Added class metadata for net/minecraft/server/level/ServerLevel to metadata cache
[04Sep2026 01:47:14.852] [main/TRACE] [mixin/]: Added class metadata for net/minecraft/network/syncher/SynchedEntityData to metadata cache
[04Sep2026 01:47:14.853] [main/TRACE] [mixin/]: Added class metadata for net/minecraft/network/chat/contents/TranslatableContents to metadata cache
[04Sep2026 01:47:14.855] [main/DEBUG] [net.neoforged.accesstransformer.AccessTransformer/AXFORM]: Transforming net.minecraft.world.entity.npc.Villager FIELD FOOD_POINTS to access PUBLIC and REMOVEFINAL
[04Sep2026 01:47:14.855] [main/DEBUG] [net.neoforged.accesstransformer.AccessTransformer/AXFORM]: Transforming net.minecraft.world.entity.npc.Villager FIELD WANTED_ITEMS to access PUBLIC and REMOVEFINAL
[04Sep2026 01:47:14.855] [main/DEBUG] [net.neoforged.accesstransformer.AccessTransformer/AXFORM]: Transforming net.minecraft.world.entity.npc.Villager METHOD setUnhappy()V to access PUBLIC and LEAVE
[04Sep2026 01:47:14.855] [main/DEBUG] [net.neoforged.accesstransformer.AccessTransformer/AXFORM]: Transforming net.minecraft.world.entity.npc.Villager METHOD startTrading(Lnet/minecraft/world/entity/player/Player;)V to access PUBLIC and LEAVE
[04Sep2026 01:47:14.861] [main/DEBUG] [net.neoforged.accesstransformer.AccessTransformer/AXFORM]: Transforming net.minecraft.world.entity.Mob FIELD goalSelector to access PUBLIC and LEAVE
[04Sep2026 01:47:14.861] [main/DEBUG] [net.neoforged.accesstransformer.AccessTransformer/AXFORM]: Transforming net.minecraft.world.entity.Mob FIELD targetSelector to access PUBLIC and LEAVE
[04Sep2026 01:47:14.867] [main/DEBUG] [net.neoforged.accesstransformer.AccessTransformer/AXFORM]: Transforming net.minecraft.world.entity.LivingEntity FIELD jumping to access PUBLIC and LEAVE
[04Sep2026 01:47:14.867] [main/DEBUG] [net.neoforged.accesstransformer.AccessTransformer/AXFORM]: Transforming net.minecraft.world.entity.LivingEntity METHOD breakItem(Lnet/minecraft/world/item/ItemStack;)V to access PUBLIC and LEAVE
[04Sep2026 01:47:14.867] [main/DEBUG] [net.neoforged.accesstransformer.AccessTransformer/AXFORM]: Transforming net.minecraft.world.entity.LivingEntity METHOD getHitbox()Lnet/minecraft/world/phys/AABB; to access PUBLIC and LEAVE
[04Sep2026 01:47:14.868] [main/DEBUG] [net.neoforged.accesstransformer.AccessTransformer/AXFORM]: Transforming net.minecraft.world.entity.LivingEntity METHOD getCurrentSwingDuration()I to access PUBLIC and LEAVE
[04Sep2026 01:47:14.868] [main/DEBUG] [net.neoforged.accesstransformer.AccessTransformer/AXFORM]: Transforming net.minecraft.world.entity.LivingEntity METHOD handleOnClimbable(Lnet/minecraft/world/phys/Vec3;)Lnet/minecraft/world/phys/Vec3; to access PUBLIC and LEAVE
[04Sep2026 01:47:14.868] [main/DEBUG] [net.neoforged.accesstransformer.AccessTransformer/AXFORM]: Transforming net.minecraft.world.entity.LivingEntity METHOD getFrictionInfluencedSpeed(F)F to access PUBLIC and LEAVE
[04Sep2026 01:47:14.868] [main/DEBUG] [net.neoforged.accesstransformer.AccessTransformer/AXFORM]: Transforming net.minecraft.world.entity.LivingEntity METHOD setLastArmorItem(Lnet/minecraft/world/entity/EquipmentSlot;Lnet/minecraft/world/item/ItemStack;)V to access PUBLIC and LEAVE
[04Sep2026 01:47:14.868] [main/DEBUG] [net.neoforged.accesstransformer.AccessTransformer/AXFORM]: Transforming net.minecraft.world.entity.LivingEntity METHOD setLastHandItem(Lnet/minecraft/world/entity/EquipmentSlot;Lnet/minecraft/world/item/ItemStack;)V to access PUBLIC and LEAVE
[04Sep2026 01:47:14.868] [main/DEBUG] [net.neoforged.accesstransformer.AccessTransformer/AXFORM]: Transforming net.minecraft.world.entity.LivingEntity METHOD updatingUsingItem()V to access PUBLIC and LEAVE
[04Sep2026 01:47:14.868] [main/DEBUG] [net.neoforged.accesstransformer.AccessTransformer/AXFORM]: Transforming net.minecraft.world.entity.LivingEntity METHOD eat(Lnet/minecraft/world/level/Level;Lnet/minecraft/world/item/ItemStack;)Lnet/minecraft/world/item/ItemStack; to access PUBLIC and REMOVEFINAL
[04Sep2026 01:47:14.877] [main/DEBUG] [net.neoforged.accesstransformer.AccessTransformer/AXFORM]: Transforming net.minecraft.world.entity.Entity FIELD ENTITY_COUNTER to access PROTECTED and LEAVE
[04Sep2026 01:47:14.877] [main/DEBUG] [net.neoforged.accesstransformer.AccessTransformer/AXFORM]: Transforming net.minecraft.world.entity.Entity FIELD level to access PUBLIC and LEAVE
[04Sep2026 01:47:14.877] [main/DEBUG] [net.neoforged.accesstransformer.AccessTransformer/AXFORM]: Transforming net.minecraft.world.entity.Entity FIELD wasTouchingWater to access PUBLIC and LEAVE
[04Sep2026 01:47:14.877] [main/DEBUG] [net.neoforged.accesstransformer.AccessTransformer/AXFORM]: Transforming net.minecraft.world.entity.Entity METHOD getGravity()D to access PUBLIC and REMOVEFINAL
[04Sep2026 01:47:14.877] [main/DEBUG] [net.neoforged.accesstransformer.AccessTransformer/AXFORM]: Transforming net.minecraft.world.entity.Entity METHOD getEncodeId()Ljava/lang/String; to access PUBLIC and LEAVE
[04Sep2026 01:47:14.877] [main/DEBUG] [net.neoforged.accesstransformer.AccessTransformer/AXFORM]: Transforming net.minecraft.world.entity.Entity METHOD getEyeHeight(Lnet/minecraft/world/entity/Pose;)F to access PUBLIC and REMOVEFINAL
[04Sep2026 01:47:14.877] [main/DEBUG] [net.neoforged.accesstransformer.AccessTransformer/AXFORM]: Transforming net.minecraft.world.entity.Entity METHOD getX()D to access PUBLIC and REMOVEFINAL
[04Sep2026 01:47:14.877] [main/DEBUG] [net.neoforged.accesstransformer.AccessTransformer/AXFORM]: Transforming net.minecraft.world.entity.Entity METHOD getY()D to access PUBLIC and REMOVEFINAL
[04Sep2026 01:47:14.877] [main/DEBUG] [net.neoforged.accesstransformer.AccessTransformer/AXFORM]: Transforming net.minecraft.world.entity.Entity METHOD getZ()D to access PUBLIC and REMOVEFINAL
[04Sep2026 01:47:14.888] [main/DEBUG] [net.neoforged.accesstransformer.AccessTransformer/AXFORM]: Transforming net.minecraft.world.level.Level FIELD blockEntityTickers to access PUBLIC and LEAVE
[04Sep2026 01:47:14.888] [main/DEBUG] [net.neoforged.accesstransformer.AccessTransformer/AXFORM]: Transforming net.minecraft.world.level.Level FIELD oRainLevel to access PUBLIC and LEAVE
[04Sep2026 01:47:14.888] [main/DEBUG] [net.neoforged.accesstransformer.AccessTransformer/AXFORM]: Transforming net.minecraft.world.level.Level FIELD rainLevel to access PUBLIC and LEAVE
[04Sep2026 01:47:14.888] [main/DEBUG] [net.neoforged.accesstransformer.AccessTransformer/AXFORM]: Transforming net.minecraft.world.level.Level FIELD oThunderLevel to access PUBLIC and LEAVE
[04Sep2026 01:47:14.888] [main/DEBUG] [net.neoforged.accesstransformer.AccessTransformer/AXFORM]: Transforming net.minecraft.world.level.Level FIELD thunderLevel to access PUBLIC and LEAVE
[04Sep2026 01:47:14.892] [main/DEBUG] [net.neoforged.accesstransformer.AccessTransformer/AXFORM]: Transforming net.minecraft.world.level.BlockGetter METHOD traverseBlocks(Lnet/minecraft/world/phys/Vec3;Lnet/minecraft/world/phys/Vec3;Ljava/lang/Object;Ljava/util/function/BiFunction;Ljava/util/function/Function;)Ljava/lang/Object; to access PUBLIC and LEAVE
[04Sep2026 01:47:14.897] [main/TRACE] [mixin/]: Added class metadata for net/minecraft/world/entity/npc/Villager to metadata cache
[04Sep2026 01:47:14.898] [main/DEBUG] [net.neoforged.accesstransformer.AccessTransformer/AXFORM]: Transforming net.minecraft.world.entity.monster.Zombie FIELD conversionTime to access PROTECTED and LEAVE
[04Sep2026 01:47:14.903] [main/DEBUG] [net.neoforged.accesstransformer.AccessTransformer/AXFORM]: Transforming net.minecraft.world.item.ItemStack FIELD components to access PUBLIC and LEAVE
[04Sep2026 01:47:14.903] [main/DEBUG] [net.neoforged.accesstransformer.AccessTransformer/AXFORM]: Transforming net.minecraft.world.item.ItemStack METHOD addToTooltip(Lnet/minecraft/core/component/DataComponentType;Lnet/minecraft/world/item/Item$TooltipContext;Ljava/util/function/Consumer;Lnet/minecraft/world/item/TooltipFlag;)V to access PUBLIC and LEAVE
[04Sep2026 01:47:14.906] [main/TRACE] [mixin/]: Added class metadata for net/minecraft/world/entity/monster/Zombie to metadata cache
[04Sep2026 01:47:14.907] [main/DEBUG] [net.neoforged.accesstransformer.AccessTransformer/AXFORM]: Transforming net.minecraft.world.entity.monster.ZombieVillager FIELD villagerConversionTime to access PUBLIC and LEAVE
[04Sep2026 01:47:14.907] [main/DEBUG] [net.neoforged.accesstransformer.AccessTransformer/AXFORM]: Transforming net.minecraft.world.entity.monster.ZombieVillager METHOD startConverting(Ljava/util/UUID;I)V to access PUBLIC and LEAVE
[04Sep2026 01:47:14.910] [main/DEBUG] [net.neoforged.accesstransformer.AccessTransformer/AXFORM]: Transforming net.minecraft.world.entity.player.Player FIELD inventory to access PUBLIC and REMOVEFINAL
[04Sep2026 01:47:14.910] [main/DEBUG] [net.neoforged.accesstransformer.AccessTransformer/AXFORM]: Transforming net.minecraft.world.entity.player.Player METHOD closeContainer()V to access PUBLIC and LEAVE
[04Sep2026 01:47:14.914] [main/TRACE] [mixin/]: Added class metadata for net/minecraft/world/entity/monster/ZombieVillager to metadata cache
[04Sep2026 01:47:14.914] [main/DEBUG] [mixin/]: Preparing geckolib.mixins.json (7)
[04Sep2026 01:47:14.915] [main/DEBUG] [mixin/]: Preparing creativecore.mixins.json (8)
[04Sep2026 01:47:14.917] [main/TRACE] [mixin/]: Added class metadata for net/minecraft/network/chat/ComponentSerialization to metadata cache
[04Sep2026 01:47:14.917] [main/DEBUG] [net.neoforged.accesstransformer.AccessTransformer/AXFORM]: Transforming net.minecraft.server.packs.FilePackResources INNERCLASS SharedZipFileAccess to access PUBLIC and LEAVE
[04Sep2026 01:47:14.917] [main/DEBUG] [net.neoforged.accesstransformer.AccessTransformer/AXFORM]: Transforming net.minecraft.server.packs.FilePackResources METHOD <init>(Lnet/minecraft/server/packs/PackLocationInfo;Lnet/minecraft/server/packs/FilePackResources$SharedZipFileAccess;Ljava/lang/String;)V to access PUBLIC and LEAVE
[04Sep2026 01:47:14.918] [main/TRACE] [mixin/]: Added class metadata for net/minecraft/server/packs/FilePackResources to metadata cache
[04Sep2026 01:47:14.918] [main/TRACE] [mixin/]: Added class metadata for net/minecraft/server/packs/PathPackResources to metadata cache
[04Sep2026 01:47:14.919] [main/TRACE] [mixin/]: Added class metadata for net/minecraft/world/phys/shapes/Shapes to metadata cache
[04Sep2026 01:47:14.920] [main/TRACE] [mixin/]: Added class metadata for net/minecraft/server/packs/VanillaPackResources to metadata cache
[04Sep2026 01:47:14.921] [main/TRACE] [mixin/]: Added class metadata for net/minecraft/world/phys/shapes/VoxelShape to metadata cache
[04Sep2026 01:47:14.921] [main/DEBUG] [mixin/]: Preparing creativecore.forge.mixins.json (3)
[04Sep2026 01:47:14.921] [main/DEBUG] [mixin/]: Preparing eclipticseasons.mixins.json (87)
[04Sep2026 01:47:14.936] [main/DEBUG] [net.neoforged.accesstransformer.AccessTransformer/AXFORM]: Transforming net.minecraft.world.level.biome.Biome INNERCLASS ClimateSettings to access PUBLIC and LEAVE
[04Sep2026 01:47:14.936] [main/DEBUG] [net.neoforged.accesstransformer.AccessTransformer/AXFORM]: Transforming net.minecraft.world.level.biome.Biome METHOD getTemperature(Lnet/minecraft/core/BlockPos;)F to access PUBLIC and REMOVEFINAL
[04Sep2026 01:47:14.938] [main/TRACE] [mixin/]: Added class metadata for net/minecraft/world/level/biome/Biome to metadata cache
[04Sep2026 01:47:14.938] [main/TRACE] [mixin/]: Added class metadata for net/minecraft/world/level/block/state/BlockState to metadata cache
[04Sep2026 01:47:14.939] [main/DEBUG] [net.neoforged.accesstransformer.AccessTransformer/AXFORM]: Transforming net.minecraft.world.level.block.state.BlockBehaviour$BlockStateBase INNERCLASS Cache to access PUBLIC and LEAVE
[04Sep2026 01:47:14.940] [main/TRACE] [mixin/]: Added class metadata for net/minecraft/world/level/block/state/BlockBehaviour$BlockStateBase to metadata cache
[04Sep2026 01:47:14.941] [main/TRACE] [mixin/]: Added class metadata for net/minecraft/world/level/block/BubbleColumnBlock to metadata cache
[04Sep2026 01:47:14.941] [main/TRACE] [mixin/]: Added class metadata for net/minecraft/world/level/block/AnvilBlock to metadata cache
[04Sep2026 01:47:14.942] [main/TRACE] [mixin/]: Added class metadata for net/minecraft/world/level/block/ConcretePowderBlock to metadata cache
[04Sep2026 01:47:14.943] [main/TRACE] [mixin/]: Added class metadata for net/neoforged/neoforge/common/extensions/IBlockExtension to metadata cache
[04Sep2026 01:47:14.944] [main/TRACE] [mixin/]: Added class metadata for net/minecraft/world/level/block/LayeredCauldronBlock to metadata cache
[04Sep2026 01:47:14.944] [main/TRACE] [mixin/]: Added class metadata for net/minecraft/world/level/chunk/LevelChunkSection to metadata cache
[04Sep2026 01:47:14.945] [main/TRACE] [mixin/]: Added class metadata for net/minecraft/world/level/chunk/ChunkAccess to metadata cache
[04Sep2026 01:47:14.947] [main/TRACE] [mixin/]: Added class metadata for net/minecraft/world/level/chunk/LevelChunk to metadata cache
[04Sep2026 01:47:14.948] [main/DEBUG] [net.neoforged.accesstransformer.AccessTransformer/AXFORM]: Transforming net.minecraft.world.level.chunk.PalettedContainer INNERCLASS Data to access PUBLIC and LEAVE
[04Sep2026 01:47:14.949] [main/TRACE] [mixin/]: Added class metadata for net/minecraft/world/level/chunk/PalettedContainer to metadata cache
[04Sep2026 01:47:14.950] [main/TRACE] [mixin/]: Added class metadata for net/minecraft/util/SimpleBitStorage to metadata cache
[04Sep2026 01:47:14.950] [main/TRACE] [mixin/]: Added class metadata for net/minecraft/util/ZeroBitStorage to metadata cache
[04Sep2026 01:47:14.951] [main/TRACE] [mixin/]: Added class metadata for net/minecraft/server/commands/WeatherCommand to metadata cache
[04Sep2026 01:47:14.953] [main/DEBUG] [net.neoforged.accesstransformer.AccessTransformer/AXFORM]: Transforming net.minecraft.server.level.ServerPlayer INNERCLASS RespawnPosAngle to access PUBLIC and LEAVE
[04Sep2026 01:47:14.953] [main/DEBUG] [net.neoforged.accesstransformer.AccessTransformer/AXFORM]: Transforming net.minecraft.server.level.ServerPlayer METHOD checkRidingStatistics(DDD)V to access PUBLIC and LEAVE
[04Sep2026 01:47:14.958] [main/TRACE] [mixin/]: Added class metadata for net/minecraft/server/level/ServerPlayer to metadata cache
[04Sep2026 01:47:14.959] [main/TRACE] [mixin/]: Added class metadata for net/minecraft/world/item/MapItem to metadata cache
[04Sep2026 01:47:14.960] [main/TRACE] [mixin/]: Added class metadata for net/minecraft/world/level/dimension/DimensionType to metadata cache
[04Sep2026 01:47:14.961] [main/DEBUG] [net.neoforged.accesstransformer.AccessTransformer/AXFORM]: Transforming net.minecraft.world.level.Level FIELD blockEntityTickers to access PUBLIC and LEAVE
[04Sep2026 01:47:14.961] [main/DEBUG] [net.neoforged.accesstransformer.AccessTransformer/AXFORM]: Transforming net.minecraft.world.level.Level FIELD oRainLevel to access PUBLIC and LEAVE
[04Sep2026 01:47:14.961] [main/DEBUG] [net.neoforged.accesstransformer.AccessTransformer/AXFORM]: Transforming net.minecraft.world.level.Level FIELD rainLevel to access PUBLIC and LEAVE
[04Sep2026 01:47:14.961] [main/DEBUG] [net.neoforged.accesstransformer.AccessTransformer/AXFORM]: Transforming net.minecraft.world.level.Level FIELD oThunderLevel to access PUBLIC and LEAVE
[04Sep2026 01:47:14.961] [main/DEBUG] [net.neoforged.accesstransformer.AccessTransformer/AXFORM]: Transforming net.minecraft.world.level.Level FIELD thunderLevel to access PUBLIC and LEAVE
[04Sep2026 01:47:14.974] [main/TRACE] [mixin/]: Added class metadata for net/minecraft/world/level/Level to metadata cache
[04Sep2026 01:47:14.975] [main/TRACE] [mixin/]: Added class metadata for net/minecraft/world/level/LevelTimeAccess to metadata cache
[04Sep2026 01:47:14.976] [main/TRACE] [mixin/]: Added class metadata for net/minecraft/world/level/levelgen/SurfaceSystem to metadata cache
[04Sep2026 01:47:14.976] [main/TRACE] [mixin/]: Added class metadata for net/minecraft/data/DataProvider to metadata cache
[04Sep2026 01:47:14.977] [main/TRACE] [mixin/]: Added class metadata for net/minecraft/resources/DelegatingOps to metadata cache
[04Sep2026 01:47:14.978] [main/TRACE] [mixin/]: Added class metadata for com/mojang/serialization/DynamicOps to metadata cache
[04Sep2026 01:47:14.978] [main/DEBUG] [net.neoforged.accesstransformer.AccessTransformer/AXFORM]: Transforming net.minecraft.data.registries.RegistriesDatapackGenerator METHOD getName()Ljava/lang/String; to access PUBLIC and REMOVEFINAL
[04Sep2026 01:47:14.979] [main/TRACE] [mixin/]: Added class metadata for net/minecraft/data/registries/RegistriesDatapackGenerator to metadata cache
[04Sep2026 01:47:14.979] [main/TRACE] [mixin/]: Added class metadata for net/minecraft/core/RegistrySetBuilder$BuildState to metadata cache
[04Sep2026 01:47:14.980] [main/DEBUG] [net.neoforged.accesstransformer.AccessTransformer/AXFORM]: Transforming net.minecraft.world.entity.animal.Bee$BeePollinateGoal CLASS to access PUBLIC and LEAVE
[04Sep2026 01:47:14.981] [main/TRACE] [mixin/]: Added class metadata for net/minecraft/world/entity/animal/Bee$BeePollinateGoal to metadata cache
[04Sep2026 01:47:14.982] [main/TRACE] [mixin/]: Added class metadata for net/minecraft/world/level/block/entity/BeehiveBlockEntity to metadata cache
[04Sep2026 01:47:14.982] [main/TRACE] [mixin/]: Added class metadata for net/minecraft/world/entity/ai/goal/BreedGoal to metadata cache
[04Sep2026 01:47:14.983] [main/TRACE] [mixin/]: Added class metadata for net/minecraft/world/entity/animal/Cow to metadata cache
[04Sep2026 01:47:14.984] [main/TRACE] [mixin/]: Added class metadata for net/minecraft/world/entity/projectile/FishingHook to metadata cache
[04Sep2026 01:47:14.984] [main/DEBUG] [mixin/]: Preparing beltborne_lanterns.neoforge.mixins.json (0)
[04Sep2026 01:47:14.984] [main/DEBUG] [mixin/]: Preparing naturalist.mixins.json (26)
[04Sep2026 01:47:14.988] [main/TRACE] [mixin/]: Added class metadata for net/minecraft/world/entity/animal/AbstractFish to metadata cache
[04Sep2026 01:47:14.989] [main/TRACE] [mixin/]: Added class metadata for net/minecraft/world/item/BottleItem to metadata cache
[04Sep2026 01:47:14.989] [main/TRACE] [mixin/]: Added class metadata for net/minecraft/world/entity/monster/Creeper to metadata cache
[04Sep2026 01:47:14.990] [main/DEBUG] [net.neoforged.accesstransformer.AccessTransformer/AXFORM]: Transforming net.minecraft.world.level.block.CropBlock METHOD <init>(Lnet/minecraft/world/level/block/state/BlockBehaviour$Properties;)V to access PUBLIC and LEAVE
[04Sep2026 01:47:14.990] [main/DEBUG] [net.neoforged.accesstransformer.AccessTransformer/AXFORM]: Transforming net.minecraft.world.level.block.CropBlock METHOD hasSufficientLight(Lnet/minecraft/world/level/LevelReader;Lnet/minecraft/core/BlockPos;)Z to access PUBLIC and LEAVE
[04Sep2026 01:47:14.991] [main/TRACE] [mixin/]: Added class metadata for net/minecraft/world/level/block/CropBlock to metadata cache
[04Sep2026 01:47:14.991] [main/TRACE] [mixin/]: Added class metadata for net/minecraft/world/level/storage/loot/functions/EnchantedCountIncreaseFunction to metadata cache
[04Sep2026 01:47:14.992] [main/DEBUG] [net.neoforged.accesstransformer.AccessTransformer/AXFORM]: Transforming net.minecraft.world.item.enchantment.Enchantment METHOD modifyItemFilteredCount(Lnet/minecraft/core/component/DataComponentType;Lnet/minecraft/server/level/ServerLevel;ILnet/minecraft/world/item/ItemStack;Lorg/apache/commons/lang3/mutable/MutableFloat;)V to access PUBLIC and LEAVE
[04Sep2026 01:47:14.992] [main/DEBUG] [net.neoforged.accesstransformer.AccessTransformer/AXFORM]: Transforming net.minecraft.world.item.enchantment.Enchantment METHOD modifyEntityFilteredValue(Lnet/minecraft/core/component/DataComponentType;Lnet/minecraft/server/level/ServerLevel;ILnet/minecraft/world/item/ItemStack;Lnet/minecraft/world/entity/Entity;Lorg/apache/commons/lang3/mutable/MutableFloat;)V to access PUBLIC and LEAVE
[04Sep2026 01:47:14.992] [main/DEBUG] [net.neoforged.accesstransformer.AccessTransformer/AXFORM]: Transforming net.minecraft.world.item.enchantment.Enchantment METHOD modifyDamageFilteredValue(Lnet/minecraft/core/component/DataComponentType;Lnet/minecraft/server/level/ServerLevel;ILnet/minecraft/world/item/ItemStack;Lnet/minecraft/world/entity/Entity;Lnet/minecraft/world/damagesource/DamageSource;Lorg/apache/commons/lang3/mutable/MutableFloat;)V to access PUBLIC and LEAVE
[04Sep2026 01:47:14.992] [main/DEBUG] [net.neoforged.accesstransformer.AccessTransformer/AXFORM]: Transforming net.minecraft.world.item.enchantment.Enchantment METHOD itemContext(Lnet/minecraft/server/level/ServerLevel;ILnet/minecraft/world/item/ItemStack;)Lnet/minecraft/world/level/storage/loot/LootContext; to access PUBLIC and LEAVE
[04Sep2026 01:47:14.992] [main/DEBUG] [net.neoforged.accesstransformer.AccessTransformer/AXFORM]: Transforming net.minecraft.world.item.enchantment.Enchantment METHOD locationContext(Lnet/minecraft/server/level/ServerLevel;ILnet/minecraft/world/entity/Entity;Z)Lnet/minecraft/world/level/storage/loot/LootContext; to access PUBLIC and LEAVE
[04Sep2026 01:47:14.992] [main/DEBUG] [net.neoforged.accesstransformer.AccessTransformer/AXFORM]: Transforming net.minecraft.world.item.enchantment.Enchantment METHOD entityContext(Lnet/minecraft/server/level/ServerLevel;ILnet/minecraft/world/entity/Entity;Lnet/minecraft/world/phys/Vec3;)Lnet/minecraft/world/level/storage/loot/LootContext; to access PUBLIC and LEAVE
[04Sep2026 01:47:14.992] [main/DEBUG] [net.neoforged.accesstransformer.AccessTransformer/AXFORM]: Transforming net.minecraft.world.item.enchantment.Enchantment METHOD blockHitContext(Lnet/minecraft/server/level/ServerLevel;ILnet/minecraft/world/entity/Entity;Lnet/minecraft/world/phys/Vec3;Lnet/minecraft/world/level/block/state/BlockState;)Lnet/minecraft/world/level/storage/loot/LootContext; to access PUBLIC and LEAVE
[04Sep2026 01:47:14.992] [main/DEBUG] [net.neoforged.accesstransformer.AccessTransformer/AXFORM]: Transforming net.minecraft.world.item.enchantment.Enchantment METHOD applyEffects(Ljava/util/List;Lnet/minecraft/world/level/storage/loot/LootContext;Ljava/util/function/Consumer;)V to access PUBLIC and LEAVE
[04Sep2026 01:47:14.993] [main/TRACE] [mixin/]: Added class metadata for net/minecraft/world/item/enchantment/Enchantment to metadata cache
[04Sep2026 01:47:14.995] [main/DEBUG] [net.neoforged.accesstransformer.AccessTransformer/AXFORM]: Transforming net.minecraft.world.entity.animal.Fox INNERCLASS SeekShelterGoal to access PUBLIC and LEAVE
[04Sep2026 01:47:14.995] [main/DEBUG] [net.neoforged.accesstransformer.AccessTransformer/AXFORM]: Transforming net.minecraft.world.entity.animal.Fox INNERCLASS PerchAndSearchGoal to access PUBLIC and LEAVE
[04Sep2026 01:47:14.996] [main/TRACE] [mixin/]: Added class metadata for net/minecraft/world/entity/animal/Fox to metadata cache
[04Sep2026 01:47:14.998] [main/DEBUG] [net.neoforged.accesstransformer.AccessTransformer/AXFORM]: Transforming net.minecraft.world.entity.Mob FIELD goalSelector to access PUBLIC and LEAVE
[04Sep2026 01:47:14.998] [main/DEBUG] [net.neoforged.accesstransformer.AccessTransformer/AXFORM]: Transforming net.minecraft.world.entity.Mob FIELD targetSelector to access PUBLIC and LEAVE
[04Sep2026 01:47:15.001] [main/TRACE] [mixin/]: Added class metadata for net/minecraft/world/entity/Mob to metadata cache
[04Sep2026 01:47:15.002] [main/TRACE] [mixin/]: Added class metadata for net/minecraft/world/entity/monster/Monster to metadata cache
[04Sep2026 01:47:15.002] [main/TRACE] [mixin/]: Added class metadata for net/minecraft/server/ServerAdvancementManager to metadata cache
[04Sep2026 01:47:15.004] [main/TRACE] [mixin/]: Added class metadata for net/minecraft/world/entity/animal/Wolf to metadata cache
[04Sep2026 01:47:15.004] [main/DEBUG] [mixin/]: Preparing naturalist.fieldguide.mixins.json (3)
[04Sep2026 01:47:15.004] [main/DEBUG] [mixin/]: Preparing tacz.mixins.json (15)
[04Sep2026 01:47:15.006] [main/TRACE] [mixin/CATCHING]: Catching
java.lang.ClassNotFoundException: com.mrcrayfish.controllable.client.binding.context.BindingContext
	at cpw.mods.securejarhandler/cpw.mods.cl.ModuleClassLoader.getMaybeTransformedClassBytes(ModuleClassLoader.java:334) ~[securejarhandler-3.0.8.jar:?]
	at MC-BOOTSTRAP/cpw.mods.modlauncher@11.0.5/cpw.mods.modlauncher.TransformingClassLoader.buildTransformedClassNodeFor(TransformingClassLoader.java:65) ~[modlauncher-11.0.5.jar%2364!/:?]
	at MC-BOOTSTRAP/cpw.mods.modlauncher@11.0.5/cpw.mods.modlauncher.LaunchPluginHandler.lambda$announceLaunch$10(LaunchPluginHandler.java:106) ~[modlauncher-11.0.5.jar%2364!/:?]
	at MC-BOOTSTRAP/org.spongepowered.mixin/org.spongepowered.asm.launch.MixinLaunchPluginLegacy.getClassNode(MixinLaunchPluginLegacy.java:227) ~[sponge-mixin-0.15.2+mixin.0.8.7.jar%2373!/:0.15.2+mixin.0.8.7]
	at MC-BOOTSTRAP/org.spongepowered.mixin/org.spongepowered.asm.mixin.transformer.ClassInfo.forName(ClassInfo.java:2029) ~[sponge-mixin-0.15.2+mixin.0.8.7.jar%2373!/:0.15.2+mixin.0.8.7]
	at MC-BOOTSTRAP/org.spongepowered.mixin/org.spongepowered.asm.mixin.transformer.MixinInfo.getTargetClass(MixinInfo.java:1017) ~[sponge-mixin-0.15.2+mixin.0.8.7.jar%2373!/:0.15.2+mixin.0.8.7]
	at MC-BOOTSTRAP/org.spongepowered.mixin/org.spongepowered.asm.mixin.transformer.MixinInfo.readTargetClasses(MixinInfo.java:1007) ~[sponge-mixin-0.15.2+mixin.0.8.7.jar%2373!/:0.15.2+mixin.0.8.7]
	at MC-BOOTSTRAP/org.spongepowered.mixin/org.spongepowered.asm.mixin.transformer.MixinInfo.parseTargets(MixinInfo.java:895) ~[sponge-mixin-0.15.2+mixin.0.8.7.jar%2373!/:0.15.2+mixin.0.8.7]
	at MC-BOOTSTRAP/org.spongepowered.mixin/org.spongepowered.asm.mixin.transformer.MixinConfig.prepareMixins(MixinConfig.java:950) ~[sponge-mixin-0.15.2+mixin.0.8.7.jar%2373!/:0.15.2+mixin.0.8.7]
	at MC-BOOTSTRAP/org.spongepowered.mixin/org.spongepowered.asm.mixin.transformer.MixinConfig.prepare(MixinConfig.java:858) ~[sponge-mixin-0.15.2+mixin.0.8.7.jar%2373!/:0.15.2+mixin.0.8.7]
	at MC-BOOTSTRAP/org.spongepowered.mixin/org.spongepowered.asm.mixin.transformer.MixinProcessor.prepareConfigs(MixinProcessor.java:540) ~[sponge-mixin-0.15.2+mixin.0.8.7.jar%2373!/:0.15.2+mixin.0.8.7]
	at MC-BOOTSTRAP/org.spongepowered.mixin/org.spongepowered.asm.mixin.transformer.MixinProcessor.select(MixinProcessor.java:462) ~[sponge-mixin-0.15.2+mixin.0.8.7.jar%2373!/:0.15.2+mixin.0.8.7]
	at MC-BOOTSTRAP/org.spongepowered.mixin/org.spongepowered.asm.mixin.transformer.MixinProcessor.checkSelect(MixinProcessor.java:438) ~[sponge-mixin-0.15.2+mixin.0.8.7.jar%2373!/:0.15.2+mixin.0.8.7]
	at MC-BOOTSTRAP/org.spongepowered.mixin/org.spongepowered.asm.mixin.transformer.MixinProcessor.applyMixins(MixinProcessor.java:290) ~[sponge-mixin-0.15.2+mixin.0.8.7.jar%2373!/:0.15.2+mixin.0.8.7]
	at MC-BOOTSTRAP/org.spongepowered.mixin/org.spongepowered.asm.mixin.transformer.MixinTransformer.transformClass(MixinTransformer.java:250) ~[sponge-mixin-0.15.2+mixin.0.8.7.jar%2373!/:0.15.2+mixin.0.8.7]
	at MC-BOOTSTRAP/org.spongepowered.mixin/org.spongepowered.asm.service.modlauncher.MixinTransformationHandler.processClass(MixinTransformationHandler.java:131) ~[sponge-mixin-0.15.2+mixin.0.8.7.jar%2373!/:0.15.2+mixin.0.8.7]
	at MC-BOOTSTRAP/org.spongepowered.mixin/org.spongepowered.asm.launch.MixinLaunchPluginLegacy.processClass(MixinLaunchPluginLegacy.java:131) ~[sponge-mixin-0.15.2+mixin.0.8.7.jar%2373!/:0.15.2+mixin.0.8.7]
	at MC-BOOTSTRAP/cpw.mods.modlauncher@11.0.5/cpw.mods.modlauncher.serviceapi.ILaunchPluginService.processClassWithFlags(ILaunchPluginService.java:156) ~[modlauncher-11.0.5.jar%2364!/:11.0.5+main.901c6ea8]
	at MC-BOOTSTRAP/cpw.mods.modlauncher@11.0.5/cpw.mods.modlauncher.LaunchPluginHandler.offerClassNodeToPlugins(LaunchPluginHandler.java:94) ~[modlauncher-11.0.5.jar%2364!/:?]
	at MC-BOOTSTRAP/cpw.mods.modlauncher@11.0.5/cpw.mods.modlauncher.ClassTransformer.transform(ClassTransformer.java:120) ~[modlauncher-11.0.5.jar%2364!/:?]
	at MC-BOOTSTRAP/cpw.mods.modlauncher@11.0.5/cpw.mods.modlauncher.TransformingClassLoader.maybeTransformClassBytes(TransformingClassLoader.java:57) ~[modlauncher-11.0.5.jar%2364!/:?]
	at cpw.mods.securejarhandler/cpw.mods.cl.ModuleClassLoader.readerToClass(ModuleClassLoader.java:190) ~[securejarhandler-3.0.8.jar:?]
	at cpw.mods.securejarhandler/cpw.mods.cl.ModuleClassLoader.lambda$findClass$20(ModuleClassLoader.java:298) ~[securejarhandler-3.0.8.jar:?]
	at cpw.mods.securejarhandler/cpw.mods.cl.ModuleClassLoader.loadFromModule(ModuleClassLoader.java:311) ~[securejarhandler-3.0.8.jar:?]
	at cpw.mods.securejarhandler/cpw.mods.cl.ModuleClassLoader.findClass(ModuleClassLoader.java:298) ~[securejarhandler-3.0.8.jar:?]
	at java.base/java.lang.ClassLoader.loadClass(ClassLoader.java:638) ~[?:?]
	at java.base/java.lang.Class.forName(Class.java:627) ~[?:?]
	at java.base/java.lang.Class.forName(Class.java:602) ~[?:?]
	at MC-BOOTSTRAP/fml_loader@4.0.43/net.neoforged.fml.loading.ImmediateWindowHandler$DummyProvider.lambda$updateModuleReads$1(ImmediateWindowHandler.java:173) ~[loader-4.0.43.jar%2359!/:4.0]
	at java.base/java.util.Optional.map(Optional.java:260) [?:?]
	at MC-BOOTSTRAP/fml_loader@4.0.43/net.neoforged.fml.loading.ImmediateWindowHandler$DummyProvider.updateModuleReads(ImmediateWindowHandler.java:173) [loader-4.0.43.jar%2359!/:4.0]
	at MC-BOOTSTRAP/fml_loader@4.0.43/net.neoforged.fml.loading.ImmediateWindowHandler.acceptGameLayer(ImmediateWindowHandler.java:94) [loader-4.0.43.jar%2359!/:4.0]
	at MC-BOOTSTRAP/fml_loader@4.0.43/net.neoforged.fml.loading.FMLLoader.beforeStart(FMLLoader.java:166) [loader-4.0.43.jar%2359!/:4.0]
	at MC-BOOTSTRAP/fml_loader@4.0.43/net.neoforged.fml.loading.targets.CommonLaunchHandler.launchService(CommonLaunchHandler.java:115) [loader-4.0.43.jar%2359!/:4.0]
	at MC-BOOTSTRAP/cpw.mods.modlauncher@11.0.5/cpw.mods.modlauncher.LaunchServiceHandlerDecorator.launch(LaunchServiceHandlerDecorator.java:30) [modlauncher-11.0.5.jar%2364!/:?]
	at MC-BOOTSTRAP/cpw.mods.modlauncher@11.0.5/cpw.mods.modlauncher.LaunchServiceHandler.launch(LaunchServiceHandler.java:53) [modlauncher-11.0.5.jar%2364!/:?]
	at MC-BOOTSTRAP/cpw.mods.modlauncher@11.0.5/cpw.mods.modlauncher.LaunchServiceHandler.launch(LaunchServiceHandler.java:71) [modlauncher-11.0.5.jar%2364!/:?]
	at MC-BOOTSTRAP/cpw.mods.modlauncher@11.0.5/cpw.mods.modlauncher.Launcher.run(Launcher.java:103) [modlauncher-11.0.5.jar%2364!/:?]
	at MC-BOOTSTRAP/cpw.mods.modlauncher@11.0.5/cpw.mods.modlauncher.Launcher.main(Launcher.java:74) [modlauncher-11.0.5.jar%2364!/:?]
	at MC-BOOTSTRAP/cpw.mods.modlauncher@11.0.5/cpw.mods.modlauncher.BootstrapLaunchConsumer.accept(BootstrapLaunchConsumer.java:26) [modlauncher-11.0.5.jar%2364!/:?]
	at MC-BOOTSTRAP/cpw.mods.modlauncher@11.0.5/cpw.mods.modlauncher.BootstrapLaunchConsumer.accept(BootstrapLaunchConsumer.java:23) [modlauncher-11.0.5.jar%2364!/:?]
	at cpw.mods.bootstraplauncher@2.0.2/cpw.mods.bootstraplauncher.BootstrapLauncher.run(BootstrapLauncher.java:210) [bootstraplauncher-2.0.2.jar:?]
	at cpw.mods.bootstraplauncher@2.0.2/cpw.mods.bootstraplauncher.BootstrapLauncher.main(BootstrapLauncher.java:69) [bootstraplauncher-2.0.2.jar:?]
[04Sep2026 01:47:15.011] [main/WARN] [mixin/]: Error loading class: com/mrcrayfish/controllable/client/binding/context/BindingContext (java.lang.ClassNotFoundException: com.mrcrayfish.controllable.client.binding.context.BindingContext)
[04Sep2026 01:47:15.011] [main/TRACE] [mixin/]: Added class metadata for com/mrcrayfish/controllable/client/binding/context/BindingContext to metadata cache
[04Sep2026 01:47:15.011] [main/DEBUG] [mixin/]: Skipping virtual target com.mrcrayfish.controllable.client.binding.context.BindingContext for tacz.mixins.json:common.BindingContextMixin from mod tacz
[04Sep2026 01:47:15.011] [main/DEBUG] [mixin/]: Preparing tacz.compat.acceleratedrendering.mixins.json (1)
[04Sep2026 01:47:15.011] [main/DEBUG] [mixin/]: Preparing tacz_tactical_breaching.mixins.json (7)
[04Sep2026 01:47:15.013] [main/TRACE] [mixin/]: Added class metadata for com/tacz/guns/entity/shooter/LivingEntityAim to metadata cache
[04Sep2026 01:47:15.013] [main/DEBUG] [mixin/]: @Mixin target com.tacz.guns.entity.shooter.LivingEntityAim is public in tacz_tactical_breaching.mixins.json:LivingEntityAimMixin from mod tacz_tactical_breaching and should be specified in value
[04Sep2026 01:47:15.013] [main/TRACE] [mixin/]: Added class metadata for com/tacz/guns/entity/shooter/LivingEntityReload to metadata cache
[04Sep2026 01:47:15.013] [main/DEBUG] [mixin/]: @Mixin target com.tacz.guns.entity.shooter.LivingEntityReload is public in tacz_tactical_breaching.mixins.json:LivingEntityReloadMixin from mod tacz_tactical_breaching and should be specified in value
[04Sep2026 01:47:15.014] [main/TRACE] [mixin/]: Added class metadata for com/tacz/guns/entity/shooter/LivingEntityShoot to metadata cache
[04Sep2026 01:47:15.014] [main/DEBUG] [mixin/]: @Mixin target com.tacz.guns.entity.shooter.LivingEntityShoot is public in tacz_tactical_breaching.mixins.json:LivingEntityShootMixin from mod tacz_tactical_breaching and should be specified in value
[04Sep2026 01:47:15.014] [main/TRACE] [mixin/]: Added class metadata for com/tacz/guns/entity/shooter/LivingEntitySprint to metadata cache
[04Sep2026 01:47:15.014] [main/DEBUG] [mixin/]: @Mixin target com.tacz.guns.entity.shooter.LivingEntitySprint is public in tacz_tactical_breaching.mixins.json:LivingEntitySprintMixin from mod tacz_tactical_breaching and should be specified in value
[04Sep2026 01:47:15.014] [main/DEBUG] [mixin/]: Preparing sophisticatedcore.mixins.json (3)
[04Sep2026 01:47:15.016] [main/DEBUG] [net.neoforged.accesstransformer.AccessTransformer/AXFORM]: Transforming net.minecraft.world.entity.animal.allay.Allay FIELD duplicationCooldown to access PUBLIC and LEAVE
[04Sep2026 01:47:15.017] [main/TRACE] [mixin/]: Added class metadata for net/minecraft/world/entity/animal/allay/Allay to metadata cache
[04Sep2026 01:47:15.018] [main/TRACE] [mixin/]: Added class metadata for net/neoforged/neoforge/items/VanillaInventoryCodeHooks to metadata cache
[04Sep2026 01:47:15.018] [main/DEBUG] [mixin/]: Preparing touhou_little_maid.mixins.json (25)
[04Sep2026 01:47:15.023] [main/DEBUG] [net.neoforged.accesstransformer.AccessTransformer/AXFORM]: Transforming net.minecraft.world.level.block.Block METHOD popExperience(Lnet/minecraft/server/level/ServerLevel;Lnet/minecraft/core/BlockPos;I)V to access PUBLIC and LEAVE
[04Sep2026 01:47:15.025] [main/TRACE] [mixin/]: Added class metadata for net/minecraft/world/level/block/Block to metadata cache
[04Sep2026 01:47:15.026] [main/TRACE] [mixin/]: Added class metadata for net/minecraft/world/level/block/entity/ConduitBlockEntity to metadata cache
[04Sep2026 01:47:15.026] [main/TRACE] [mixin/]: Added class metadata for net/minecraft/advancements/critereon/FishingHookPredicate to metadata cache
[04Sep2026 01:47:15.027] [main/TRACE] [mixin/]: Added class metadata for net/minecraft/world/item/CrossbowItem to metadata cache
[04Sep2026 01:47:15.028] [main/TRACE] [mixin/]: Added class metadata for net/minecraft/world/entity/ai/navigation/PathNavigation to metadata cache
[04Sep2026 01:47:15.029] [main/TRACE] [mixin/]: Added class metadata for net/minecraft/world/level/pathfinder/NodeEvaluator to metadata cache
[04Sep2026 01:47:15.030] [main/TRACE] [mixin/]: Added class metadata for net/minecraft/world/entity/animal/Parrot to metadata cache
[04Sep2026 01:47:15.031] [main/TRACE] [mixin/]: Added class metadata for net/minecraft/world/level/entity/PersistentEntitySectionManager to metadata cache
[04Sep2026 01:47:15.032] [main/DEBUG] [net.neoforged.accesstransformer.AccessTransformer/AXFORM]: Transforming net.minecraft.world.level.levelgen.structure.templatesystem.StructureTemplate FIELD palettes to access PUBLIC and LEAVE
[04Sep2026 01:47:15.035] [main/DEBUG] [net.neoforged.accesstransformer.AccessTransformer/AXFORM]: Transforming net.minecraft.nbt.CompoundTag METHOD <init>(Ljava/util/Map;)V to access PUBLIC and LEAVE
[04Sep2026 01:47:15.038] [main/TRACE] [mixin/]: Added class metadata for net/minecraft/world/level/levelgen/structure/templatesystem/StructureTemplate to metadata cache
[04Sep2026 01:47:15.038] [main/TRACE] [mixin/]: Added class metadata for net/minecraft/world/level/block/SweetBerryBushBlock to metadata cache
[04Sep2026 01:47:15.039] [main/TRACE] [mixin/]: Added class metadata for net/minecraft/world/entity/projectile/ThrownTrident to metadata cache
[04Sep2026 01:47:15.040] [main/TRACE] [mixin/]: Added class metadata for net/minecraft/world/level/block/FenceGateBlock to metadata cache
[04Sep2026 01:47:15.040] [main/DEBUG] [mixin/]: Preparing curios.neoforge.mixins.json (10)
[04Sep2026 01:47:15.043] [main/TRACE] [mixin/]: Added class metadata for net/minecraft/world/level/storage/loot/functions/ApplyBonusCount to metadata cache
[04Sep2026 01:47:15.043] [main/TRACE] [mixin/]: Added class metadata for top/theillusivec4/curios/api/CuriosApi to metadata cache
[04Sep2026 01:47:15.044] [main/TRACE] [mixin/]: Added class metadata for top/theillusivec4/curios/api/CuriosDataProvider to metadata cache
[04Sep2026 01:47:15.044] [main/TRACE] [mixin/]: Added class metadata for net/minecraft/advancements/critereon/NbtPredicate to metadata cache
[04Sep2026 01:47:15.046] [main/TRACE] [mixin/]: Added class metadata for net/minecraft/world/entity/monster/piglin/PiglinAi to metadata cache
[04Sep2026 01:47:15.047] [main/TRACE] [mixin/]: Added class metadata for net/minecraft/world/level/block/PowderSnowBlock to metadata cache
[04Sep2026 01:47:15.047] [main/DEBUG] [mixin/]: Preparing curios.mixins.json (3)
[04Sep2026 01:47:15.047] [main/TRACE] [mixin/]: Added class metadata for top/theillusivec4/curios/api/CuriosTriggers to metadata cache
[04Sep2026 01:47:15.048] [main/TRACE] [mixin/]: Added class metadata for top/theillusivec4/curios/api/CuriosTriggers$EquipBuilder to metadata cache
[04Sep2026 01:47:15.048] [main/DEBUG] [mixin/]: Preparing patchouli_xplat.mixins.json (10)
[04Sep2026 01:47:15.048] [main/DEBUG] [net.neoforged.accesstransformer.AccessTransformer/AXFORM]: Transforming net.minecraft.world.item.crafting.SmithingTransformRecipe FIELD template to access PUBLIC and LEAVE
[04Sep2026 01:47:15.048] [main/DEBUG] [net.neoforged.accesstransformer.AccessTransformer/AXFORM]: Transforming net.minecraft.world.item.crafting.SmithingTransformRecipe FIELD base to access PUBLIC and LEAVE
[04Sep2026 01:47:15.048] [main/DEBUG] [net.neoforged.accesstransformer.AccessTransformer/AXFORM]: Transforming net.minecraft.world.item.crafting.SmithingTransformRecipe FIELD addition to access PUBLIC and LEAVE
[04Sep2026 01:47:15.048] [main/DEBUG] [net.neoforged.accesstransformer.AccessTransformer/AXFORM]: Transforming net.minecraft.world.item.crafting.SmithingTransformRecipe FIELD result to access PUBLIC and LEAVE
[04Sep2026 01:47:15.049] [main/TRACE] [mixin/]: Added class metadata for net/minecraft/world/item/crafting/SmithingTransformRecipe to metadata cache
[04Sep2026 01:47:15.049] [main/DEBUG] [net.neoforged.accesstransformer.AccessTransformer/AXFORM]: Transforming net.minecraft.world.item.crafting.SmithingTrimRecipe FIELD template to access PUBLIC and LEAVE
[04Sep2026 01:47:15.049] [main/DEBUG] [net.neoforged.accesstransformer.AccessTransformer/AXFORM]: Transforming net.minecraft.world.item.crafting.SmithingTrimRecipe FIELD base to access PUBLIC and LEAVE
[04Sep2026 01:47:15.049] [main/DEBUG] [net.neoforged.accesstransformer.AccessTransformer/AXFORM]: Transforming net.minecraft.world.item.crafting.SmithingTrimRecipe FIELD addition to access PUBLIC and LEAVE
[04Sep2026 01:47:15.050] [main/TRACE] [mixin/]: Added class metadata for net/minecraft/world/item/crafting/SmithingTrimRecipe to metadata cache
[04Sep2026 01:47:15.050] [main/DEBUG] [mixin/]: Preparing simplebedrockmodel.mixins.json (4)
[04Sep2026 01:47:15.050] [main/DEBUG] [mixin/]: Preparing neoforge.mixins.json (2)
[04Sep2026 01:47:15.051] [main/DEBUG] [net.neoforged.accesstransformer.AccessTransformer/AXFORM]: Transforming net.minecraft.world.level.block.entity.BlockEntityType INNERCLASS BlockEntitySupplier to access PUBLIC and REMOVEFINAL
[04Sep2026 01:47:15.052] [main/TRACE] [mixin/]: Added class metadata for net/minecraft/world/level/block/entity/BlockEntityType to metadata cache
[04Sep2026 01:47:15.053] [main/TRACE] [mixin/]: Added class metadata for net/minecraft/core/MappedRegistry to metadata cache
[04Sep2026 01:47:15.053] [main/DEBUG] [mixin/]: Preparing modernfix-modernfix.mixins.json (155)
[04Sep2026 01:47:15.054] [main/DEBUG] [ModernFix/]: Applying mixin bugfix.chunk_deadlock.ChunkMapLoadMixin
[04Sep2026 01:47:15.054] [main/DEBUG] [ModernFix/]: Applying mixin bugfix.chunk_deadlock.EntityMixin
[04Sep2026 01:47:15.054] [main/DEBUG] [ModernFix/]: Applying mixin bugfix.chunk_deadlock.ServerChunkCacheAccessor
[04Sep2026 01:47:15.054] [main/DEBUG] [ModernFix/]: Skipping mixin bugfix.unsafe_modded_shape_caches.ShapeCacheCyclicMixin: disabled for mod compat (cyclic)
[04Sep2026 01:47:15.055] [main/DEBUG] [ModernFix/]: Skipping mixin bugfix.unsafe_modded_shape_caches.ShapeCacheRSMixin: disabled for mod compat (refinedstorage)
[04Sep2026 01:47:15.055] [main/DEBUG] [ModernFix/]: Applying mixin bugfix.paper_chunk_patches.SortedArraySetMixin
[04Sep2026 01:47:15.055] [main/DEBUG] [ModernFix/]: Skipping mixin bugfix.cofh_core_crash.FlagManagerMixin: disabled for mod compat (cofh_core)
[04Sep2026 01:47:15.055] [main/DEBUG] [ModernFix/]: Skipping mixin bugfix.restore_old_dragon_movement.EnderDragonMixin: disabled by configuration
[04Sep2026 01:47:15.055] [main/DEBUG] [ModernFix/]: Applying mixin feature.measure_time.SimpleReloadInstanceMixin
[04Sep2026 01:47:15.055] [main/DEBUG] [ModernFix/]: Applying mixin feature.measure_time.AddReloadListenerEventWrapperMixin
[04Sep2026 01:47:15.056] [main/DEBUG] [ModernFix/]: Applying mixin feature.measure_time.BootstrapMixin
[04Sep2026 01:47:15.056] [main/DEBUG] [ModernFix/]: Applying mixin feature.measure_time.WorldLoaderMixin
[04Sep2026 01:47:15.056] [main/DEBUG] [ModernFix/]: Applying mixin feature.measure_time.ProfiledReloadInstanceMixin
[04Sep2026 01:47:15.057] [main/DEBUG] [ModernFix/]: Applying mixin feature.mcfunction_profiling.ServerFunctionManagerMixin
[04Sep2026 01:47:15.057] [main/DEBUG] [ModernFix/]: Applying mixin feature.branding.BrandingControlMixin
[04Sep2026 01:47:15.057] [main/DEBUG] [ModernFix/]: Skipping mixin feature.blockentity_incorrect_thread.ChunkAccessMixin: disabled by configuration
[04Sep2026 01:47:15.057] [main/DEBUG] [ModernFix/]: Skipping mixin feature.blockentity_incorrect_thread.LevelThreadAccessor: disabled by configuration
[04Sep2026 01:47:15.057] [main/DEBUG] [ModernFix/]: Skipping mixin feature.cause_lag_by_disabling_threads.UtilMixin: disabled by configuration
[04Sep2026 01:47:15.057] [main/DEBUG] [ModernFix/]: Applying mixin core.BootstrapMixin
[04Sep2026 01:47:15.058] [main/DEBUG] [ModernFix/]: Applying mixin core.MinecraftServerMixin
[04Sep2026 01:47:15.058] [main/DEBUG] [ModernFix/]: Applying mixin core.WorldLoaderMixin
[04Sep2026 01:47:15.058] [main/DEBUG] [ModernFix/]: Applying mixin core.PalettedContainerMixin
[04Sep2026 01:47:15.058] [main/DEBUG] [ModernFix/]: Applying mixin core.GameDataMixin
[04Sep2026 01:47:15.058] [main/DEBUG] [ModernFix/]: Applying mixin perf.memoize_creative_tab_build.CreativeModeTabMixin
[04Sep2026 01:47:15.059] [main/DEBUG] [ModernFix/]: Skipping mixin perf.ingredient_item_deduplication.PatchedDataComponentMapAccessor: disabled for mod compat ([feature level: requires BETA])
[04Sep2026 01:47:15.059] [main/DEBUG] [ModernFix/]: Skipping mixin perf.ingredient_item_deduplication.IngredientMixin: disabled for mod compat ([feature level: requires BETA])
[04Sep2026 01:47:15.059] [main/DEBUG] [ModernFix/]: Skipping mixin perf.ingredient_item_deduplication.IngredientItemValueMixin: disabled for mod compat ([feature level: requires BETA])
[04Sep2026 01:47:15.059] [main/DEBUG] [ModernFix/]: Applying mixin perf.fix_loop_spin_waiting.MinecraftServerMixin
[04Sep2026 01:47:15.059] [main/DEBUG] [ModernFix/]: Applying mixin perf.tag_id_caching.TagEntryMixin
[04Sep2026 01:47:15.060] [main/DEBUG] [ModernFix/]: Applying mixin perf.tag_id_caching.TagOrElementLocationMixin
[04Sep2026 01:47:15.060] [main/DEBUG] [ModernFix/]: Applying mixin perf.optimize_surface_rules.SurfaceRulesContextMixin
[04Sep2026 01:47:15.060] [main/DEBUG] [ModernFix/]: Skipping mixin perf.optimize_surface_rules.NamespacedSurfaceRuleSourceMixin: disabled for mod compat ([feature level: requires BETA])
[04Sep2026 01:47:15.060] [main/DEBUG] [ModernFix/]: Applying mixin perf.optimize_surface_rules.BiomeManagerAccessor
[04Sep2026 01:47:15.061] [main/DEBUG] [ModernFix/]: Applying mixin perf.optimize_surface_rules.SurfaceSystemMixin
[04Sep2026 01:47:15.061] [main/DEBUG] [ModernFix/]: Applying mixin perf.optimize_surface_rules.NoiseBasedChunkGeneratorMixin
[04Sep2026 01:47:15.061] [main/DEBUG] [ModernFix/]: Applying mixin perf.optimize_surface_rules.BiomeConditionSourceMixin
[04Sep2026 01:47:15.062] [main/DEBUG] [ModernFix/]: Applying mixin perf.compact_imposterprotochunks.ChunkAccessMixin
[04Sep2026 01:47:15.062] [main/DEBUG] [ModernFix/]: Applying mixin perf.compact_imposterprotochunks.ImposterProtoChunkMixin
[04Sep2026 01:47:15.062] [main/DEBUG] [ModernFix/]: Applying mixin perf.smart_ingredient_sync.IngredientMixin
[04Sep2026 01:47:15.062] [main/DEBUG] [ModernFix/]: Applying mixin perf.smart_ingredient_sync.ConnectionMixin
[04Sep2026 01:47:15.062] [main/DEBUG] [ModernFix/]: Applying mixin perf.encoder_cache_leak.DataComponentsAccessor
[04Sep2026 01:47:15.062] [main/DEBUG] [ModernFix/]: Applying mixin perf.encoder_cache_leak.EncoderCacheAccessor
[04Sep2026 01:47:15.063] [main/DEBUG] [ModernFix/]: Applying mixin perf.encoder_cache_leak.ReloadableServerResourcesMixin
[04Sep2026 01:47:15.063] [main/DEBUG] [ModernFix/]: Applying mixin perf.ticking_chunk_alloc.BatMixin
[04Sep2026 01:47:15.063] [main/DEBUG] [ModernFix/]: Applying mixin perf.ticking_chunk_alloc.ChunkAccessMixin
[04Sep2026 01:47:15.064] [main/DEBUG] [ModernFix/]: Applying mixin perf.faster_ingredients.IngredientMixin
[04Sep2026 01:47:15.064] [main/DEBUG] [ModernFix/]: Applying mixin perf.forge_registry_alloc.DebugLevelSourceMixin
[04Sep2026 01:47:15.064] [main/DEBUG] [ModernFix/]: Applying mixin perf.worldgen_allocation.SurfaceRulesContextMixin
[04Sep2026 01:47:15.064] [main/DEBUG] [ModernFix/]: Applying mixin perf.worldgen_allocation.SurfaceRulesMixin
[04Sep2026 01:47:15.064] [main/DEBUG] [ModernFix/]: Applying mixin perf.worldgen_allocation.SurfaceRulesMixin
[04Sep2026 01:47:15.064] [main/DEBUG] [ModernFix/]: Applying mixin perf.worldgen_allocation.SurfaceRulesMixin
[04Sep2026 01:47:15.064] [main/DEBUG] [ModernFix/]: Applying mixin perf.worldgen_allocation.SurfaceRulesMixin
[04Sep2026 01:47:15.064] [main/DEBUG] [ModernFix/]: Applying mixin perf.worldgen_allocation.SurfaceRulesMixin
[04Sep2026 01:47:15.064] [main/DEBUG] [ModernFix/]: Applying mixin perf.worldgen_allocation.SequenceRuleMixin
[04Sep2026 01:47:15.065] [main/DEBUG] [ModernFix/]: Applying mixin perf.worldgen_allocation.NoiseChunkMixin
[04Sep2026 01:47:15.065] [main/DEBUG] [ModernFix/]: Applying mixin perf.worldgen_allocation.MaterialRuleListMixin
[04Sep2026 01:47:15.065] [main/DEBUG] [ModernFix/]: Applying mixin perf.compact_mojang_registries.BlockStateDataMixin
[04Sep2026 01:47:15.065] [main/DEBUG] [ModernFix/]: Applying mixin perf.compact_mojang_registries.MappedRegistryMixin
[04Sep2026 01:47:15.066] [main/DEBUG] [ModernFix/]: Applying mixin perf.compact_mojang_registries.VanillaRegistriesMixin
[04Sep2026 01:47:15.066] [main/DEBUG] [ModernFix/]: Applying mixin perf.cache_blockstate_cache_arrays.AbstractBlockStateCacheMixin
[04Sep2026 01:47:15.066] [main/DEBUG] [ModernFix/]: Applying mixin perf.release_protochunks.ChunkHolderMixin
[04Sep2026 01:47:15.066] [main/DEBUG] [ModernFix/]: Applying mixin perf.release_protochunks.ChunkMapMixin
[04Sep2026 01:47:15.067] [main/DEBUG] [ModernFix/]: Applying mixin perf.release_protochunks.ImposterProtoChunkMixin
[04Sep2026 01:47:15.067] [main/DEBUG] [ModernFix/]: Applying mixin perf.attribute_supplier_dedup.AttributeSupplierBuilderMixin
[04Sep2026 01:47:15.067] [main/DEBUG] [ModernFix/]: Applying mixin perf.attribute_supplier_dedup.AttributeSupplierMixin
[04Sep2026 01:47:15.067] [main/DEBUG] [ModernFix/]: Applying mixin perf.compact_bit_storage.PalettedContainerMixin
[04Sep2026 01:47:15.068] [main/DEBUG] [ModernFix/]: Skipping mixin perf.dynamic_resources.ForgeHooksClientMixin: disabled by configuration
[04Sep2026 01:47:15.068] [main/DEBUG] [ModernFix/]: Applying mixin perf.datapack_reload_exceptions.RecipeManagerMixin
[04Sep2026 01:47:15.068] [main/DEBUG] [ModernFix/]: Applying mixin perf.capability_list_compaction.RegisterCapabilitiesEventMixin
[04Sep2026 01:47:15.068] [main/DEBUG] [ModernFix/]: Applying mixin perf.capability_list_compaction.CapabilityHooksMixin
[04Sep2026 01:47:15.069] [main/DEBUG] [ModernFix/]: Applying mixin perf.resourcepacks.SharedZipFileAccessAccessor
[04Sep2026 01:47:15.069] [main/DEBUG] [ModernFix/]: Skipping mixin perf.resourcepacks.FilePackResourcesMixin: disabled for mod compat ([feature level: requires BETA])
[04Sep2026 01:47:15.069] [main/DEBUG] [ModernFix/]: Applying mixin perf.resourcepacks.PathPackResourcesMixin
[04Sep2026 01:47:15.069] [main/DEBUG] [ModernFix/]: Skipping mixin perf.mojang_registry_size.StateHolderMixin: disabled for mod compat (!ferritecore)
[04Sep2026 01:47:15.069] [main/DEBUG] [ModernFix/]: Applying mixin perf.state_definition_construct.StateDefinitionMixin
[04Sep2026 01:47:15.070] [main/DEBUG] [ModernFix/]: Applying mixin perf.remove_biome_temperature_cache.BiomeMixin
[04Sep2026 01:47:15.070] [main/DEBUG] [ModernFix/]: Applying mixin perf.model_optimizations.PropertyMixin
[04Sep2026 01:47:15.070] [main/DEBUG] [ModernFix/]: Applying mixin perf.model_optimizations.BooleanPropertyMixin
[04Sep2026 01:47:15.070] [main/DEBUG] [ModernFix/]: Applying mixin perf.reduce_blockstate_cache_rebuilds.BlockCallbacksMixin
[04Sep2026 01:47:15.071] [main/DEBUG] [ModernFix/]: Applying mixin perf.reduce_blockstate_cache_rebuilds.BlockStateBaseMixin
[04Sep2026 01:47:15.071] [main/DEBUG] [ModernFix/]: Applying mixin perf.reduce_blockstate_cache_rebuilds.BlockBehaviourInvoker
[04Sep2026 01:47:15.071] [main/DEBUG] [ModernFix/]: Applying mixin perf.reduce_blockstate_cache_rebuilds.BlocksMixin
[04Sep2026 01:47:15.071] [main/DEBUG] [ModernFix/]: Applying mixin perf.thread_priorities.UtilMixin
[04Sep2026 01:47:15.071] [main/DEBUG] [ModernFix/]: Applying mixin perf.dynamic_dfu.DataFixTypesMixin
[04Sep2026 01:47:15.072] [main/DEBUG] [ModernFix/]: Applying mixin perf.dynamic_dfu.DataFixersMixin
[04Sep2026 01:47:15.072] [main/DEBUG] [ModernFix/]: Applying mixin perf.dedicated_reload_executor.MinecraftServerMixin
[04Sep2026 01:47:15.072] [main/DEBUG] [ModernFix/]: Skipping mixin perf.cache_strongholds.ConcentricRingsStructurePlacementMixin: disabled for mod compat ([feature level: requires BETA])
[04Sep2026 01:47:15.072] [main/DEBUG] [ModernFix/]: Applying mixin perf.cache_strongholds.ServerLevelMixin
[04Sep2026 01:47:15.073] [main/DEBUG] [ModernFix/]: Applying mixin perf.cache_strongholds.ChunkGeneratorMixin
[04Sep2026 01:47:15.073] [main/DEBUG] [ModernFix/]: Applying mixin perf.deduplicate_wall_shapes.WallBlockMixin
[04Sep2026 01:47:15.073] [main/DEBUG] [ModernFix/]: Applying mixin perf.dynamic_structure_manager.StructureManagerMixin
[04Sep2026 01:47:15.074] [main/TRACE] [mixin/]: Added class metadata for net/minecraft/world/level/chunk/status/ChunkStatusTasks to metadata cache
[04Sep2026 01:47:15.075] [main/DEBUG] [net.neoforged.accesstransformer.AccessTransformer/AXFORM]: Transforming net.minecraft.server.level.ServerChunkCache INNERCLASS MainThreadExecutor to access PUBLIC and LEAVE
[04Sep2026 01:47:15.075] [main/DEBUG] [net.neoforged.accesstransformer.AccessTransformer/AXFORM]: Transforming net.minecraft.server.level.ServerChunkCache FIELD level to access PUBLIC and LEAVE
[04Sep2026 01:47:15.075] [main/DEBUG] [net.neoforged.accesstransformer.AccessTransformer/AXFORM]: Transforming net.minecraft.server.level.ServerChunkCache METHOD getVisibleChunkIfPresent(J)Lnet/minecraft/server/level/ChunkHolder; to access PUBLIC and LEAVE
[04Sep2026 01:47:15.076] [main/TRACE] [mixin/]: Added class metadata for net/minecraft/server/level/ServerChunkCache to metadata cache
[04Sep2026 01:47:15.077] [main/TRACE] [mixin/]: Added class metadata for net/minecraft/util/SortedArraySet to metadata cache
[04Sep2026 01:47:15.077] [main/TRACE] [mixin/]: Added class metadata for net/minecraft/server/packs/resources/SimpleReloadInstance to metadata cache
[04Sep2026 01:47:15.077] [main/TRACE] [mixin/]: Added class metadata for net/neoforged/neoforge/event/AddReloadListenerEvent$WrappedStateAwareListener to metadata cache
[04Sep2026 01:47:15.078] [main/TRACE] [mixin/]: Added class metadata for net/minecraft/server/Bootstrap to metadata cache
[04Sep2026 01:47:15.078] [main/TRACE] [mixin/]: Added class metadata for net/minecraft/server/WorldLoader to metadata cache
[04Sep2026 01:47:15.078] [main/TRACE] [mixin/]: Added class metadata for net/minecraft/server/packs/resources/ProfiledReloadInstance to metadata cache
[04Sep2026 01:47:15.079] [main/TRACE] [mixin/]: Added class metadata for net/minecraft/server/ServerFunctionManager to metadata cache
[04Sep2026 01:47:15.079] [main/TRACE] [mixin/]: Added class metadata for net/neoforged/neoforge/internal/BrandingControl to metadata cache
[04Sep2026 01:47:15.082] [main/DEBUG] [net.neoforged.accesstransformer.AccessTransformer/AXFORM]: Transforming net.minecraft.server.MinecraftServer INNERCLASS ReloadableResources to access PUBLIC and LEAVE
[04Sep2026 01:47:15.082] [main/DEBUG] [net.neoforged.accesstransformer.AccessTransformer/AXFORM]: Transforming net.minecraft.server.MinecraftServer FIELD storageSource to access PUBLIC and LEAVE
[04Sep2026 01:47:15.082] [main/DEBUG] [net.neoforged.accesstransformer.AccessTransformer/AXFORM]: Transforming net.minecraft.server.MinecraftServer FIELD nextTickTimeNanos to access PROTECTED and LEAVE
[04Sep2026 01:47:15.082] [main/DEBUG] [net.neoforged.accesstransformer.AccessTransformer/AXFORM]: Transforming net.minecraft.server.MinecraftServer FIELD resources to access PUBLIC and LEAVE
[04Sep2026 01:47:15.086] [main/TRACE] [mixin/]: Added class metadata for net/minecraft/server/MinecraftServer to metadata cache
[04Sep2026 01:47:15.086] [main/TRACE] [mixin/]: Added class metadata for net/neoforged/neoforge/registries/GameData to metadata cache
[04Sep2026 01:47:15.087] [main/DEBUG] [net.neoforged.accesstransformer.AccessTransformer/AXFORM]: Transforming net.minecraft.world.item.CreativeModeTab INNERCLASS Output to access PUBLIC and LEAVE
[04Sep2026 01:47:15.087] [main/DEBUG] [net.neoforged.accesstransformer.AccessTransformer/AXFORM]: Transforming net.minecraft.world.item.CreativeModeTab INNERCLASS TabVisibility to access PUBLIC and LEAVE
[04Sep2026 01:47:15.087] [main/TRACE] [mixin/]: Added class metadata for net/minecraft/world/item/CreativeModeTab to metadata cache
[04Sep2026 01:47:15.088] [main/TRACE] [mixin/]: Added class metadata for net/minecraft/tags/TagEntry to metadata cache
[04Sep2026 01:47:15.088] [main/TRACE] [mixin/]: Added class metadata for net/minecraft/util/ExtraCodecs$TagOrElementLocation to metadata cache
[04Sep2026 01:47:15.089] [main/DEBUG] [net.neoforged.accesstransformer.AccessTransformer/AXFORM]: Transforming net.minecraft.world.level.levelgen.SurfaceRules$Context CLASS to access PUBLIC and LEAVE
[04Sep2026 01:47:15.089] [main/DEBUG] [net.neoforged.accesstransformer.AccessTransformer/AXFORM]: Transforming net.minecraft.world.level.levelgen.SurfaceRules$Context FIELD biome to access PUBLIC and LEAVE
[04Sep2026 01:47:15.089] [main/TRACE] [mixin/]: Added class metadata for net/minecraft/world/level/levelgen/SurfaceRules$Context to metadata cache
[04Sep2026 01:47:15.089] [main/TRACE] [mixin/]: Added class metadata for net/minecraft/world/level/biome/BiomeManager to metadata cache
[04Sep2026 01:47:15.090] [main/DEBUG] [net.neoforged.accesstransformer.AccessTransformer/AXFORM]: Transforming net.minecraft.world.level.levelgen.NoiseBasedChunkGenerator CLASS to access PUBLIC and REMOVEFINAL
[04Sep2026 01:47:15.091] [main/DEBUG] [net.neoforged.accesstransformer.AccessTransformer/AXFORM]: Transforming net.minecraft.world.level.levelgen.NoiseBasedChunkGenerator METHOD iterateNoiseColumn(Lnet/minecraft/world/level/LevelHeightAccessor;Lnet/minecraft/world/level/levelgen/RandomState;IILorg/apache/commons/lang3/mutable/MutableObject;Ljava/util/function/Predicate;)Ljava/util/OptionalInt; to access PROTECTED and LEAVE
[04Sep2026 01:47:15.092] [main/TRACE] [mixin/]: Added class metadata for net/minecraft/world/level/levelgen/NoiseBasedChunkGenerator to metadata cache
[04Sep2026 01:47:15.092] [main/DEBUG] [net.neoforged.accesstransformer.AccessTransformer/AXFORM]: Transforming net.minecraft.world.level.levelgen.SurfaceRules$BiomeConditionSource CLASS to access PUBLIC and LEAVE
[04Sep2026 01:47:15.092] [main/DEBUG] [net.neoforged.accesstransformer.AccessTransformer/AXFORM]: Transforming net.minecraft.world.level.levelgen.SurfaceRules$BiomeConditionSource FIELD biomes to access PUBLIC and LEAVE
[04Sep2026 01:47:15.092] [main/DEBUG] [net.neoforged.accesstransformer.AccessTransformer/AXFORM]: Transforming net.minecraft.world.level.levelgen.SurfaceRules$BiomeConditionSource METHOD <init>(Ljava/util/List;)V to access PUBLIC and LEAVE
[04Sep2026 01:47:15.093] [main/TRACE] [mixin/]: Added class metadata for net/minecraft/world/level/levelgen/SurfaceRules$BiomeConditionSource to metadata cache
[04Sep2026 01:47:15.093] [main/TRACE] [mixin/]: Added class metadata for net/minecraft/world/level/chunk/ImposterProtoChunk to metadata cache
[04Sep2026 01:47:15.093] [main/TRACE] [mixin/]: Added class metadata for net/minecraft/world/item/crafting/Ingredient$1 to metadata cache
[04Sep2026 01:47:15.095] [main/TRACE] [mixin/]: Added class metadata for net/minecraft/network/Connection to metadata cache
[04Sep2026 01:47:15.096] [main/TRACE] [mixin/]: Added class metadata for net/minecraft/core/component/DataComponents to metadata cache
[04Sep2026 01:47:15.096] [main/TRACE] [mixin/]: Added class metadata for net/minecraft/util/EncoderCache to metadata cache
[04Sep2026 01:47:15.097] [main/TRACE] [mixin/]: Added class metadata for net/minecraft/server/ReloadableServerResources to metadata cache
[04Sep2026 01:47:15.097] [main/TRACE] [mixin/]: Added class metadata for net/minecraft/world/entity/ambient/Bat to metadata cache
[04Sep2026 01:47:15.098] [main/DEBUG] [net.neoforged.accesstransformer.AccessTransformer/AXFORM]: Transforming net.minecraft.world.item.crafting.Ingredient INNERCLASS Value to access PUBLIC and LEAVE
[04Sep2026 01:47:15.098] [main/DEBUG] [net.neoforged.accesstransformer.AccessTransformer/AXFORM]: Transforming net.minecraft.world.item.crafting.Ingredient INNERCLASS TagValue to access PUBLIC and LEAVE
[04Sep2026 01:47:15.098] [main/DEBUG] [net.neoforged.accesstransformer.AccessTransformer/AXFORM]: Transforming net.minecraft.world.item.crafting.Ingredient INNERCLASS ItemValue to access PUBLIC and LEAVE
[04Sep2026 01:47:15.098] [main/DEBUG] [net.neoforged.accesstransformer.AccessTransformer/AXFORM]: Transforming net.minecraft.world.item.crafting.Ingredient METHOD fromValues(Ljava/util/stream/Stream;)Lnet/minecraft/world/item/crafting/Ingredient; to access PUBLIC and LEAVE
[04Sep2026 01:47:15.099] [main/TRACE] [mixin/]: Added class metadata for net/minecraft/world/item/crafting/Ingredient to metadata cache
[04Sep2026 01:47:15.099] [main/DEBUG] [net.neoforged.accesstransformer.AccessTransformer/AXFORM]: Transforming net.minecraft.world.level.levelgen.DebugLevelSource FIELD ALL_BLOCKS to access PRIVATE and REMOVEFINAL
[04Sep2026 01:47:15.099] [main/DEBUG] [net.neoforged.accesstransformer.AccessTransformer/AXFORM]: Transforming net.minecraft.world.level.levelgen.DebugLevelSource FIELD GRID_WIDTH to access PRIVATE and REMOVEFINAL
[04Sep2026 01:47:15.099] [main/DEBUG] [net.neoforged.accesstransformer.AccessTransformer/AXFORM]: Transforming net.minecraft.world.level.levelgen.DebugLevelSource FIELD GRID_HEIGHT to access PRIVATE and REMOVEFINAL
[04Sep2026 01:47:15.099] [main/TRACE] [mixin/]: Added class metadata for net/minecraft/world/level/levelgen/DebugLevelSource to metadata cache
[04Sep2026 01:47:15.100] [main/DEBUG] [net.neoforged.accesstransformer.AccessTransformer/AXFORM]: Transforming net.minecraft.world.level.levelgen.SurfaceRules INNERCLASS BiomeConditionSource to access PUBLIC and LEAVE
[04Sep2026 01:47:15.100] [main/DEBUG] [net.neoforged.accesstransformer.AccessTransformer/AXFORM]: Transforming net.minecraft.world.level.levelgen.SurfaceRules INNERCLASS TestRuleSource to access PUBLIC and LEAVE
[04Sep2026 01:47:15.100] [main/DEBUG] [net.neoforged.accesstransformer.AccessTransformer/AXFORM]: Transforming net.minecraft.world.level.levelgen.SurfaceRules INNERCLASS Context to access PUBLIC and LEAVE
[04Sep2026 01:47:15.100] [main/DEBUG] [net.neoforged.accesstransformer.AccessTransformer/AXFORM]: Transforming net.minecraft.world.level.levelgen.SurfaceRules INNERCLASS SurfaceRule to access PUBLIC and LEAVE
[04Sep2026 01:47:15.100] [main/DEBUG] [net.neoforged.accesstransformer.AccessTransformer/AXFORM]: Transforming net.minecraft.world.level.levelgen.SurfaceRules INNERCLASS SequenceRule to access PUBLIC and LEAVE
[04Sep2026 01:47:15.100] [main/DEBUG] [net.neoforged.accesstransformer.AccessTransformer/AXFORM]: Transforming net.minecraft.world.level.levelgen.SurfaceRules INNERCLASS LazyCondition to access PUBLIC and LEAVE
[04Sep2026 01:47:15.100] [main/DEBUG] [net.neoforged.accesstransformer.AccessTransformer/AXFORM]: Transforming net.minecraft.world.level.levelgen.SurfaceRules INNERCLASS Condition to access PUBLIC and LEAVE
[04Sep2026 01:47:15.100] [main/DEBUG] [net.neoforged.accesstransformer.AccessTransformer/AXFORM]: Transforming net.minecraft.world.level.levelgen.SurfaceRules INNERCLASS SequenceRuleSource to access PUBLIC and LEAVE
[04Sep2026 01:47:15.100] [main/TRACE] [mixin/]: Added class metadata for net/minecraft/world/level/levelgen/SurfaceRules to metadata cache
[04Sep2026 01:47:15.100] [main/DEBUG] [mixin/]: @Mixin target net/minecraft/world/level/levelgen/SurfaceRules$Context is public in modernfix-modernfix.mixins.json:perf.worldgen_allocation.SurfaceRulesContextMixin from mod modernfix and should be specified in value
[04Sep2026 01:47:15.101] [main/TRACE] [mixin/]: Added class metadata for net/minecraft/world/level/levelgen/SurfaceRules$BiomeConditionSource$1BiomeCondition to metadata cache
[04Sep2026 01:47:15.101] [main/TRACE] [mixin/]: Added class metadata for net/minecraft/world/level/levelgen/SurfaceRules$StoneDepthCheck$1StoneDepthCondition to metadata cache
[04Sep2026 01:47:15.101] [main/TRACE] [mixin/]: Added class metadata for net/minecraft/world/level/levelgen/SurfaceRules$VerticalGradientConditionSource$1VerticalGradientCondition to metadata cache
[04Sep2026 01:47:15.101] [main/TRACE] [mixin/]: Added class metadata for net/minecraft/world/level/levelgen/SurfaceRules$WaterConditionSource$1WaterCondition to metadata cache
[04Sep2026 01:47:15.101] [main/TRACE] [mixin/]: Added class metadata for net/minecraft/world/level/levelgen/SurfaceRules$YConditionSource$1YCondition to metadata cache
[04Sep2026 01:47:15.102] [main/DEBUG] [net.neoforged.accesstransformer.AccessTransformer/AXFORM]: Transforming net.minecraft.world.level.levelgen.SurfaceRules$SequenceRule CLASS to access PUBLIC and LEAVE
[04Sep2026 01:47:15.102] [main/DEBUG] [net.neoforged.accesstransformer.AccessTransformer/AXFORM]: Transforming net.minecraft.world.level.levelgen.SurfaceRules$SequenceRule METHOD <init>(Ljava/util/List;)V to access PUBLIC and LEAVE
[04Sep2026 01:47:15.102] [main/TRACE] [mixin/]: Added class metadata for net/minecraft/world/level/levelgen/SurfaceRules$SequenceRule to metadata cache
[04Sep2026 01:47:15.103] [main/TRACE] [mixin/]: Added class metadata for net/minecraft/world/level/levelgen/NoiseChunk to metadata cache
[04Sep2026 01:47:15.103] [main/TRACE] [mixin/]: Added class metadata for net/minecraft/world/level/levelgen/material/MaterialRuleList to metadata cache
[04Sep2026 01:47:15.118] [main/TRACE] [mixin/]: Added class metadata for net/minecraft/util/datafix/fixes/BlockStateData to metadata cache
[04Sep2026 01:47:15.119] [main/TRACE] [mixin/]: Added class metadata for net/minecraft/data/registries/VanillaRegistries to metadata cache
[04Sep2026 01:47:15.119] [main/DEBUG] [net.neoforged.accesstransformer.AccessTransformer/AXFORM]: Transforming net.minecraft.world.level.block.state.BlockBehaviour$BlockStateBase$Cache CLASS to access PUBLIC and LEAVE
[04Sep2026 01:47:15.119] [main/TRACE] [mixin/]: Added class metadata for net/minecraft/world/level/block/state/BlockBehaviour$BlockStateBase$Cache to metadata cache
[04Sep2026 01:47:15.120] [main/TRACE] [mixin/]: Added class metadata for net/minecraft/server/level/ChunkHolder to metadata cache
[04Sep2026 01:47:15.122] [main/DEBUG] [net.neoforged.accesstransformer.AccessTransformer/AXFORM]: Transforming net.minecraft.server.level.ChunkMap INNERCLASS DistanceManager to access PUBLIC and LEAVE
[04Sep2026 01:47:15.122] [main/DEBUG] [net.neoforged.accesstransformer.AccessTransformer/AXFORM]: Transforming net.minecraft.server.level.ChunkMap FIELD updatingChunkMap to access PUBLIC and LEAVE
[04Sep2026 01:47:15.122] [main/DEBUG] [net.neoforged.accesstransformer.AccessTransformer/AXFORM]: Transforming net.minecraft.server.level.ChunkMap FIELD visibleChunkMap to access PUBLIC and LEAVE
[04Sep2026 01:47:15.122] [main/DEBUG] [net.neoforged.accesstransformer.AccessTransformer/AXFORM]: Transforming net.minecraft.server.level.ChunkMap FIELD pendingUnloads to access PUBLIC and LEAVE
[04Sep2026 01:47:15.122] [main/DEBUG] [net.neoforged.accesstransformer.AccessTransformer/AXFORM]: Transforming net.minecraft.server.level.ChunkMap METHOD getVisibleChunkIfPresent(J)Lnet/minecraft/server/level/ChunkHolder; to access PUBLIC and LEAVE
[04Sep2026 01:47:15.122] [main/DEBUG] [net.neoforged.accesstransformer.AccessTransformer/AXFORM]: Transforming net.minecraft.server.level.ChunkMap METHOD getChunks()Ljava/lang/Iterable; to access PUBLIC and LEAVE
[04Sep2026 01:47:15.126] [main/TRACE] [mixin/]: Added class metadata for net/minecraft/server/level/ChunkMap to metadata cache
[04Sep2026 01:47:15.127] [main/TRACE] [mixin/]: Added class metadata for net/minecraft/world/entity/ai/attributes/AttributeSupplier$Builder to metadata cache
[04Sep2026 01:47:15.127] [main/TRACE] [mixin/]: Added class metadata for net/minecraft/world/entity/ai/attributes/AttributeSupplier to metadata cache
[04Sep2026 01:47:15.128] [main/TRACE] [mixin/]: Added class metadata for net/minecraft/world/item/crafting/RecipeManager to metadata cache
[04Sep2026 01:47:15.128] [main/TRACE] [mixin/]: Added class metadata for net/neoforged/neoforge/capabilities/RegisterCapabilitiesEvent to metadata cache
[04Sep2026 01:47:15.129] [main/TRACE] [mixin/]: Added class metadata for net/neoforged/neoforge/capabilities/CapabilityHooks to metadata cache
[04Sep2026 01:47:15.129] [main/DEBUG] [net.neoforged.accesstransformer.AccessTransformer/AXFORM]: Transforming net.minecraft.server.packs.FilePackResources$SharedZipFileAccess CLASS to access PUBLIC and LEAVE
[04Sep2026 01:47:15.129] [main/DEBUG] [net.neoforged.accesstransformer.AccessTransformer/AXFORM]: Transforming net.minecraft.server.packs.FilePackResources$SharedZipFileAccess METHOD <init>(Ljava/io/File;)V to access PUBLIC and LEAVE
[04Sep2026 01:47:15.129] [main/TRACE] [mixin/]: Added class metadata for net/minecraft/server/packs/FilePackResources$SharedZipFileAccess to metadata cache
[04Sep2026 01:47:15.130] [main/DEBUG] [net.neoforged.accesstransformer.AccessTransformer/AXFORM]: Transforming net.minecraft.world.level.block.state.StateDefinition METHOD appendPropertyCodec(Lcom/mojang/serialization/MapCodec;Ljava/util/function/Supplier;Ljava/lang/String;Lnet/minecraft/world/level/block/state/properties/Property;)Lcom/mojang/serialization/MapCodec; to access PUBLIC and LEAVE
[04Sep2026 01:47:15.130] [main/TRACE] [mixin/]: Added class metadata for net/minecraft/world/level/block/state/StateDefinition to metadata cache
[04Sep2026 01:47:15.131] [main/TRACE] [mixin/]: Added class metadata for net/minecraft/world/level/block/state/properties/Property to metadata cache
[04Sep2026 01:47:15.131] [main/TRACE] [mixin/]: Added class metadata for net/minecraft/world/level/block/state/properties/BooleanProperty to metadata cache
[04Sep2026 01:47:15.131] [main/TRACE] [mixin/]: Added class metadata for net/neoforged/neoforge/registries/NeoForgeRegistryCallbacks$BlockCallbacks to metadata cache
[04Sep2026 01:47:15.132] [main/DEBUG] [net.neoforged.accesstransformer.AccessTransformer/AXFORM]: Transforming net.minecraft.world.level.block.state.BlockBehaviour FIELD properties to access PUBLIC and LEAVE
[04Sep2026 01:47:15.132] [main/DEBUG] [net.neoforged.accesstransformer.AccessTransformer/AXFORM]: Transforming net.minecraft.world.level.block.state.BlockBehaviour METHOD propertiesCodec()Lcom/mojang/serialization/codecs/RecordCodecBuilder; to access PUBLIC and LEAVE
[04Sep2026 01:47:15.133] [main/TRACE] [mixin/]: Added class metadata for net/minecraft/world/level/block/state/BlockBehaviour to metadata cache
[04Sep2026 01:47:15.138] [main/DEBUG] [net.neoforged.accesstransformer.AccessTransformer/AXFORM]: Transforming net.minecraft.world.level.block.Blocks METHOD never(Lnet/minecraft/world/level/block/state/BlockState;Lnet/minecraft/world/level/BlockGetter;Lnet/minecraft/core/BlockPos;Lnet/minecraft/world/entity/EntityType;)Ljava/lang/Boolean; to access PUBLIC and LEAVE
[04Sep2026 01:47:15.138] [main/DEBUG] [net.neoforged.accesstransformer.AccessTransformer/AXFORM]: Transforming net.minecraft.world.level.block.Blocks METHOD always(Lnet/minecraft/world/level/block/state/BlockState;Lnet/minecraft/world/level/BlockGetter;Lnet/minecraft/core/BlockPos;Lnet/minecraft/world/entity/EntityType;)Ljava/lang/Boolean; to access PUBLIC and LEAVE
[04Sep2026 01:47:15.138] [main/DEBUG] [net.neoforged.accesstransformer.AccessTransformer/AXFORM]: Transforming net.minecraft.world.level.block.Blocks METHOD ocelotOrParrot(Lnet/minecraft/world/level/block/state/BlockState;Lnet/minecraft/world/level/BlockGetter;Lnet/minecraft/core/BlockPos;Lnet/minecraft/world/entity/EntityType;)Ljava/lang/Boolean; to access PUBLIC and LEAVE
[04Sep2026 01:47:15.149] [main/TRACE] [mixin/]: Added class metadata for net/minecraft/world/level/block/Blocks to metadata cache
[04Sep2026 01:47:15.150] [main/DEBUG] [net.neoforged.accesstransformer.AccessTransformer/AXFORM]: Transforming net.minecraft.Util METHOD makeExecutor(Ljava/lang/String;)Ljava/util/concurrent/ExecutorService; to access PUBLIC and LEAVE
[04Sep2026 01:47:15.153] [main/TRACE] [mixin/]: Added class metadata for net/minecraft/Util to metadata cache
[04Sep2026 01:47:15.153] [main/TRACE] [mixin/]: Added class metadata for net/minecraft/util/datafix/DataFixTypes to metadata cache
[04Sep2026 01:47:15.156] [main/TRACE] [mixin/]: Added class metadata for net/minecraft/util/datafix/DataFixers to metadata cache
[04Sep2026 01:47:15.157] [main/TRACE] [mixin/]: Added class metadata for net/minecraft/world/level/chunk/ChunkGeneratorStructureState to metadata cache
[04Sep2026 01:47:15.158] [main/TRACE] [mixin/]: Added class metadata for net/minecraft/world/level/block/WallBlock to metadata cache
[04Sep2026 01:47:15.159] [main/TRACE] [mixin/]: Added class metadata for net/minecraft/world/level/levelgen/structure/templatesystem/StructureTemplateManager to metadata cache
[04Sep2026 01:47:15.159] [main/DEBUG] [mixin/]: Preparing sophisticatedbackpacks.mixins.json (1)
[04Sep2026 01:47:15.159] [main/DEBUG] [mixin/]: Preparing architectury.mixins.json (11)
[04Sep2026 01:47:15.161] [main/DEBUG] [net.neoforged.accesstransformer.AccessTransformer/AXFORM]: Transforming net.minecraft.world.item.BucketItem FIELD content to access PUBLIC and LEAVE
[04Sep2026 01:47:15.161] [main/TRACE] [mixin/]: Added class metadata for net/minecraft/world/item/BucketItem to metadata cache
[04Sep2026 01:47:15.162] [main/DEBUG] [net.neoforged.accesstransformer.AccessTransformer/AXFORM]: Transforming net.minecraft.world.level.block.LiquidBlock FIELD fluid to access PUBLIC and LEAVE
[04Sep2026 01:47:15.162] [main/DEBUG] [net.neoforged.accesstransformer.AccessTransformer/AXFORM]: Transforming net.minecraft.world.level.block.LiquidBlock METHOD <init>(Lnet/minecraft/world/level/material/FlowingFluid;Lnet/minecraft/world/level/block/state/BlockBehaviour$Properties;)V to access PUBLIC and LEAVE
[04Sep2026 01:47:15.163] [main/TRACE] [mixin/]: Added class metadata for net/minecraft/world/level/block/LiquidBlock to metadata cache
[04Sep2026 01:47:15.164] [main/TRACE] [mixin/]: Added class metadata for net/minecraft/world/level/chunk/storage/ChunkSerializer to metadata cache
[04Sep2026 01:47:15.165] [main/TRACE] [mixin/]: Added class metadata for net/minecraft/world/entity/item/FallingBlockEntity to metadata cache
[04Sep2026 01:47:15.165] [main/TRACE] [mixin/]: Added class metadata for dev/architectury/extensions/ItemExtension to metadata cache
[04Sep2026 01:47:15.165] [main/TRACE] [mixin/]: Added class metadata for net/neoforged/neoforge/event/level/LevelEvent to metadata cache
[04Sep2026 01:47:15.165] [main/DEBUG] [mixin/]: Preparing architectury-common.mixins.json (9)
[04Sep2026 01:47:15.167] [main/TRACE] [mixin/]: Added class metadata for net/minecraft/world/level/material/Fluid to metadata cache
[04Sep2026 01:47:15.167] [main/TRACE] [mixin/]: Added class metadata for net/minecraft/world/food/FoodProperties$Builder to metadata cache
[04Sep2026 01:47:15.167] [main/TRACE] [mixin/]: Added class metadata for net/minecraft/world/item/Item$Properties to metadata cache
[04Sep2026 01:47:15.168] [main/TRACE] [mixin/]: Added class metadata for net/minecraft/world/entity/LightningBolt to metadata cache
[04Sep2026 01:47:15.168] [main/DEBUG] [mixin/]: Preparing ferritecore.predicates.mixin.json (3)
[04Sep2026 01:47:15.168] [main/DEBUG] [mixin/]: Preparing ferritecore.fastmap.mixin.json (1)
[04Sep2026 01:47:15.169] [main/TRACE] [mixin/]: Added class metadata for net/minecraft/world/level/block/state/StateHolder to metadata cache
[04Sep2026 01:47:15.169] [main/DEBUG] [mixin/]: Preparing ferritecore.mrl.mixin.json (1)
[04Sep2026 01:47:15.169] [main/DEBUG] [mixin/]: Preparing ferritecore.dedupmultipart.mixin.json (2)
[04Sep2026 01:47:15.169] [main/DEBUG] [mixin/]: Preparing ferritecore.blockstatecache.mixin.json (2)
[04Sep2026 01:47:15.169] [main/DEBUG] [mixin/]: @Mixin target net.minecraft.world.level.block.state.BlockBehaviour$BlockStateBase$Cache is public in ferritecore.blockstatecache.mixin.json:BlockStateCacheMixin from mod ferritecore and should be specified in value
[04Sep2026 01:47:15.169] [main/DEBUG] [mixin/]: Preparing ferritecore.dedupbakedquad.mixin.json (1)
[04Sep2026 01:47:15.169] [main/DEBUG] [mixin/]: Preparing ferritecore.threaddetec.mixin.json (1)
[04Sep2026 01:47:15.170] [main/DEBUG] [mixin/]: Preparing ferritecore.modelsides.mixin.json (1)
[04Sep2026 01:47:15.170] [main/DEBUG] [mixin/]: Preparing ferritecore.datacomponents.mixin.json (1)
[04Sep2026 01:47:15.170] [main/DEBUG] [net.neoforged.accesstransformer.AccessTransformer/AXFORM]: Transforming net.minecraft.core.component.PatchedDataComponentMap FIELD copyOnWrite to access PUBLIC and LEAVE
[04Sep2026 01:47:15.171] [main/TRACE] [mixin/]: Added class metadata for net/minecraft/core/component/PatchedDataComponentMap to metadata cache
[04Sep2026 01:47:15.171] [main/DEBUG] [mixin/]: Preparing ferritecore.accessors.mixin.json (7)
[04Sep2026 01:47:15.172] [main/TRACE] [mixin/]: Added class metadata for net/minecraft/world/phys/shapes/ArrayVoxelShape to metadata cache
[04Sep2026 01:47:15.173] [main/TRACE] [mixin/]: Added class metadata for net/minecraft/world/phys/shapes/BitSetDiscreteVoxelShape to metadata cache
[04Sep2026 01:47:15.173] [main/TRACE] [mixin/]: Added class metadata for net/minecraft/world/phys/shapes/DiscreteVoxelShape to metadata cache
[04Sep2026 01:47:15.173] [main/TRACE] [mixin/]: Added class metadata for net/minecraft/world/phys/shapes/SliceShape to metadata cache
[04Sep2026 01:47:15.174] [main/TRACE] [mixin/]: Added class metadata for net/minecraft/world/phys/shapes/SubShape to metadata cache
[04Sep2026 01:47:15.174] [main/DEBUG] [mixin/]: Preparing maid_storage_manager.mixins.json (13)
[04Sep2026 01:47:15.177] [main/TRACE] [mixin/]: Added class metadata for com/github/tartaricacid/touhoulittlemaid/crafting/AltarRecipe to metadata cache
[04Sep2026 01:47:15.177] [main/TRACE] [mixin/]: Added class metadata for net/minecraft/world/level/block/entity/ContainerOpenersCounter to metadata cache
[04Sep2026 01:47:15.178] [main/TRACE] [mixin/CATCHING]: Catching
java.lang.ClassNotFoundException: com.simibubi.create.content.logistics.stockTicker.StockKeeperCategoryMenu
	at cpw.mods.securejarhandler/cpw.mods.cl.ModuleClassLoader.getMaybeTransformedClassBytes(ModuleClassLoader.java:334) ~[securejarhandler-3.0.8.jar:?]
	at MC-BOOTSTRAP/cpw.mods.modlauncher@11.0.5/cpw.mods.modlauncher.TransformingClassLoader.buildTransformedClassNodeFor(TransformingClassLoader.java:65) ~[modlauncher-11.0.5.jar%2364!/:?]
	at MC-BOOTSTRAP/cpw.mods.modlauncher@11.0.5/cpw.mods.modlauncher.LaunchPluginHandler.lambda$announceLaunch$10(LaunchPluginHandler.java:106) ~[modlauncher-11.0.5.jar%2364!/:?]
	at MC-BOOTSTRAP/org.spongepowered.mixin/org.spongepowered.asm.launch.MixinLaunchPluginLegacy.getClassNode(MixinLaunchPluginLegacy.java:227) ~[sponge-mixin-0.15.2+mixin.0.8.7.jar%2373!/:0.15.2+mixin.0.8.7]
	at MC-BOOTSTRAP/org.spongepowered.mixin/org.spongepowered.asm.mixin.transformer.ClassInfo.forName(ClassInfo.java:2029) ~[sponge-mixin-0.15.2+mixin.0.8.7.jar%2373!/:0.15.2+mixin.0.8.7]
	at MC-BOOTSTRAP/org.spongepowered.mixin/org.spongepowered.asm.mixin.transformer.MixinInfo.getTargetClass(MixinInfo.java:1017) ~[sponge-mixin-0.15.2+mixin.0.8.7.jar%2373!/:0.15.2+mixin.0.8.7]
	at MC-BOOTSTRAP/org.spongepowered.mixin/org.spongepowered.asm.mixin.transformer.MixinInfo.readTargetClasses(MixinInfo.java:1007) ~[sponge-mixin-0.15.2+mixin.0.8.7.jar%2373!/:0.15.2+mixin.0.8.7]
	at MC-BOOTSTRAP/org.spongepowered.mixin/org.spongepowered.asm.mixin.transformer.MixinInfo.parseTargets(MixinInfo.java:895) ~[sponge-mixin-0.15.2+mixin.0.8.7.jar%2373!/:0.15.2+mixin.0.8.7]
	at MC-BOOTSTRAP/org.spongepowered.mixin/org.spongepowered.asm.mixin.transformer.MixinConfig.prepareMixins(MixinConfig.java:950) ~[sponge-mixin-0.15.2+mixin.0.8.7.jar%2373!/:0.15.2+mixin.0.8.7]
	at MC-BOOTSTRAP/org.spongepowered.mixin/org.spongepowered.asm.mixin.transformer.MixinConfig.prepare(MixinConfig.java:858) ~[sponge-mixin-0.15.2+mixin.0.8.7.jar%2373!/:0.15.2+mixin.0.8.7]
	at MC-BOOTSTRAP/org.spongepowered.mixin/org.spongepowered.asm.mixin.transformer.MixinProcessor.prepareConfigs(MixinProcessor.java:540) ~[sponge-mixin-0.15.2+mixin.0.8.7.jar%2373!/:0.15.2+mixin.0.8.7]
	at MC-BOOTSTRAP/org.spongepowered.mixin/org.spongepowered.asm.mixin.transformer.MixinProcessor.select(MixinProcessor.java:462) ~[sponge-mixin-0.15.2+mixin.0.8.7.jar%2373!/:0.15.2+mixin.0.8.7]
	at MC-BOOTSTRAP/org.spongepowered.mixin/org.spongepowered.asm.mixin.transformer.MixinProcessor.checkSelect(MixinProcessor.java:438) ~[sponge-mixin-0.15.2+mixin.0.8.7.jar%2373!/:0.15.2+mixin.0.8.7]
	at MC-BOOTSTRAP/org.spongepowered.mixin/org.spongepowered.asm.mixin.transformer.MixinProcessor.applyMixins(MixinProcessor.java:290) ~[sponge-mixin-0.15.2+mixin.0.8.7.jar%2373!/:0.15.2+mixin.0.8.7]
	at MC-BOOTSTRAP/org.spongepowered.mixin/org.spongepowered.asm.mixin.transformer.MixinTransformer.transformClass(MixinTransformer.java:250) ~[sponge-mixin-0.15.2+mixin.0.8.7.jar%2373!/:0.15.2+mixin.0.8.7]
	at MC-BOOTSTRAP/org.spongepowered.mixin/org.spongepowered.asm.service.modlauncher.MixinTransformationHandler.processClass(MixinTransformationHandler.java:131) ~[sponge-mixin-0.15.2+mixin.0.8.7.jar%2373!/:0.15.2+mixin.0.8.7]
	at MC-BOOTSTRAP/org.spongepowered.mixin/org.spongepowered.asm.launch.MixinLaunchPluginLegacy.processClass(MixinLaunchPluginLegacy.java:131) ~[sponge-mixin-0.15.2+mixin.0.8.7.jar%2373!/:0.15.2+mixin.0.8.7]
	at MC-BOOTSTRAP/cpw.mods.modlauncher@11.0.5/cpw.mods.modlauncher.serviceapi.ILaunchPluginService.processClassWithFlags(ILaunchPluginService.java:156) ~[modlauncher-11.0.5.jar%2364!/:11.0.5+main.901c6ea8]
	at MC-BOOTSTRAP/cpw.mods.modlauncher@11.0.5/cpw.mods.modlauncher.LaunchPluginHandler.offerClassNodeToPlugins(LaunchPluginHandler.java:94) ~[modlauncher-11.0.5.jar%2364!/:?]
	at MC-BOOTSTRAP/cpw.mods.modlauncher@11.0.5/cpw.mods.modlauncher.ClassTransformer.transform(ClassTransformer.java:120) ~[modlauncher-11.0.5.jar%2364!/:?]
	at MC-BOOTSTRAP/cpw.mods.modlauncher@11.0.5/cpw.mods.modlauncher.TransformingClassLoader.maybeTransformClassBytes(TransformingClassLoader.java:57) ~[modlauncher-11.0.5.jar%2364!/:?]
	at cpw.mods.securejarhandler/cpw.mods.cl.ModuleClassLoader.readerToClass(ModuleClassLoader.java:190) ~[securejarhandler-3.0.8.jar:?]
	at cpw.mods.securejarhandler/cpw.mods.cl.ModuleClassLoader.lambda$findClass$20(ModuleClassLoader.java:298) ~[securejarhandler-3.0.8.jar:?]
	at cpw.mods.securejarhandler/cpw.mods.cl.ModuleClassLoader.loadFromModule(ModuleClassLoader.java:311) ~[securejarhandler-3.0.8.jar:?]
	at cpw.mods.securejarhandler/cpw.mods.cl.ModuleClassLoader.findClass(ModuleClassLoader.java:298) ~[securejarhandler-3.0.8.jar:?]
	at java.base/java.lang.ClassLoader.loadClass(ClassLoader.java:638) ~[?:?]
	at java.base/java.lang.Class.forName(Class.java:627) ~[?:?]
	at java.base/java.lang.Class.forName(Class.java:602) ~[?:?]
	at MC-BOOTSTRAP/fml_loader@4.0.43/net.neoforged.fml.loading.ImmediateWindowHandler$DummyProvider.lambda$updateModuleReads$1(ImmediateWindowHandler.java:173) ~[loader-4.0.43.jar%2359!/:4.0]
	at java.base/java.util.Optional.map(Optional.java:260) [?:?]
	at MC-BOOTSTRAP/fml_loader@4.0.43/net.neoforged.fml.loading.ImmediateWindowHandler$DummyProvider.updateModuleReads(ImmediateWindowHandler.java:173) [loader-4.0.43.jar%2359!/:4.0]
	at MC-BOOTSTRAP/fml_loader@4.0.43/net.neoforged.fml.loading.ImmediateWindowHandler.acceptGameLayer(ImmediateWindowHandler.java:94) [loader-4.0.43.jar%2359!/:4.0]
	at MC-BOOTSTRAP/fml_loader@4.0.43/net.neoforged.fml.loading.FMLLoader.beforeStart(FMLLoader.java:166) [loader-4.0.43.jar%2359!/:4.0]
	at MC-BOOTSTRAP/fml_loader@4.0.43/net.neoforged.fml.loading.targets.CommonLaunchHandler.launchService(CommonLaunchHandler.java:115) [loader-4.0.43.jar%2359!/:4.0]
	at MC-BOOTSTRAP/cpw.mods.modlauncher@11.0.5/cpw.mods.modlauncher.LaunchServiceHandlerDecorator.launch(LaunchServiceHandlerDecorator.java:30) [modlauncher-11.0.5.jar%2364!/:?]
	at MC-BOOTSTRAP/cpw.mods.modlauncher@11.0.5/cpw.mods.modlauncher.LaunchServiceHandler.launch(LaunchServiceHandler.java:53) [modlauncher-11.0.5.jar%2364!/:?]
	at MC-BOOTSTRAP/cpw.mods.modlauncher@11.0.5/cpw.mods.modlauncher.LaunchServiceHandler.launch(LaunchServiceHandler.java:71) [modlauncher-11.0.5.jar%2364!/:?]
	at MC-BOOTSTRAP/cpw.mods.modlauncher@11.0.5/cpw.mods.modlauncher.Launcher.run(Launcher.java:103) [modlauncher-11.0.5.jar%2364!/:?]
	at MC-BOOTSTRAP/cpw.mods.modlauncher@11.0.5/cpw.mods.modlauncher.Launcher.main(Launcher.java:74) [modlauncher-11.0.5.jar%2364!/:?]
	at MC-BOOTSTRAP/cpw.mods.modlauncher@11.0.5/cpw.mods.modlauncher.BootstrapLaunchConsumer.accept(BootstrapLaunchConsumer.java:26) [modlauncher-11.0.5.jar%2364!/:?]
	at MC-BOOTSTRAP/cpw.mods.modlauncher@11.0.5/cpw.mods.modlauncher.BootstrapLaunchConsumer.accept(BootstrapLaunchConsumer.java:23) [modlauncher-11.0.5.jar%2364!/:?]
	at cpw.mods.bootstraplauncher@2.0.2/cpw.mods.bootstraplauncher.BootstrapLauncher.run(BootstrapLauncher.java:210) [bootstraplauncher-2.0.2.jar:?]
	at cpw.mods.bootstraplauncher@2.0.2/cpw.mods.bootstraplauncher.BootstrapLauncher.main(BootstrapLauncher.java:69) [bootstraplauncher-2.0.2.jar:?]
[04Sep2026 01:47:15.178] [main/WARN] [mixin/]: Error loading class: com/simibubi/create/content/logistics/stockTicker/StockKeeperCategoryMenu (java.lang.ClassNotFoundException: com.simibubi.create.content.logistics.stockTicker.StockKeeperCategoryMenu)
[04Sep2026 01:47:15.178] [main/TRACE] [mixin/]: Added class metadata for com/simibubi/create/content/logistics/stockTicker/StockKeeperCategoryMenu to metadata cache
[04Sep2026 01:47:15.178] [main/WARN] [mixin/]: @Mixin target com.simibubi.create.content.logistics.stockTicker.StockKeeperCategoryMenu was not found maid_storage_manager.mixins.json:CreateStockKeeperMenuMixin from mod maid_storage_manager
[04Sep2026 01:47:15.179] [main/TRACE] [mixin/]: Added class metadata for net/minecraft/world/entity/decoration/BlockAttachedEntity to metadata cache
[04Sep2026 01:47:15.179] [main/TRACE] [mixin/CATCHING]: Catching
java.lang.ClassNotFoundException: mezz.jei.gui.elements.GuiIconToggleButton
	at cpw.mods.securejarhandler/cpw.mods.cl.ModuleClassLoader.getMaybeTransformedClassBytes(ModuleClassLoader.java:334) ~[securejarhandler-3.0.8.jar:?]
	at MC-BOOTSTRAP/cpw.mods.modlauncher@11.0.5/cpw.mods.modlauncher.TransformingClassLoader.buildTransformedClassNodeFor(TransformingClassLoader.java:65) ~[modlauncher-11.0.5.jar%2364!/:?]
	at MC-BOOTSTRAP/cpw.mods.modlauncher@11.0.5/cpw.mods.modlauncher.LaunchPluginHandler.lambda$announceLaunch$10(LaunchPluginHandler.java:106) ~[modlauncher-11.0.5.jar%2364!/:?]
	at MC-BOOTSTRAP/org.spongepowered.mixin/org.spongepowered.asm.launch.MixinLaunchPluginLegacy.getClassNode(MixinLaunchPluginLegacy.java:227) ~[sponge-mixin-0.15.2+mixin.0.8.7.jar%2373!/:0.15.2+mixin.0.8.7]
	at MC-BOOTSTRAP/org.spongepowered.mixin/org.spongepowered.asm.mixin.transformer.ClassInfo.forName(ClassInfo.java:2029) ~[sponge-mixin-0.15.2+mixin.0.8.7.jar%2373!/:0.15.2+mixin.0.8.7]
	at MC-BOOTSTRAP/org.spongepowered.mixin/org.spongepowered.asm.mixin.transformer.MixinInfo.getTargetClass(MixinInfo.java:1017) ~[sponge-mixin-0.15.2+mixin.0.8.7.jar%2373!/:0.15.2+mixin.0.8.7]
	at MC-BOOTSTRAP/org.spongepowered.mixin/org.spongepowered.asm.mixin.transformer.MixinInfo.readTargetClasses(MixinInfo.java:1007) ~[sponge-mixin-0.15.2+mixin.0.8.7.jar%2373!/:0.15.2+mixin.0.8.7]
	at MC-BOOTSTRAP/org.spongepowered.mixin/org.spongepowered.asm.mixin.transformer.MixinInfo.parseTargets(MixinInfo.java:895) ~[sponge-mixin-0.15.2+mixin.0.8.7.jar%2373!/:0.15.2+mixin.0.8.7]
	at MC-BOOTSTRAP/org.spongepowered.mixin/org.spongepowered.asm.mixin.transformer.MixinConfig.prepareMixins(MixinConfig.java:950) ~[sponge-mixin-0.15.2+mixin.0.8.7.jar%2373!/:0.15.2+mixin.0.8.7]
	at MC-BOOTSTRAP/org.spongepowered.mixin/org.spongepowered.asm.mixin.transformer.MixinConfig.prepare(MixinConfig.java:858) ~[sponge-mixin-0.15.2+mixin.0.8.7.jar%2373!/:0.15.2+mixin.0.8.7]
	at MC-BOOTSTRAP/org.spongepowered.mixin/org.spongepowered.asm.mixin.transformer.MixinProcessor.prepareConfigs(MixinProcessor.java:540) ~[sponge-mixin-0.15.2+mixin.0.8.7.jar%2373!/:0.15.2+mixin.0.8.7]
	at MC-BOOTSTRAP/org.spongepowered.mixin/org.spongepowered.asm.mixin.transformer.MixinProcessor.select(MixinProcessor.java:462) ~[sponge-mixin-0.15.2+mixin.0.8.7.jar%2373!/:0.15.2+mixin.0.8.7]
	at MC-BOOTSTRAP/org.spongepowered.mixin/org.spongepowered.asm.mixin.transformer.MixinProcessor.checkSelect(MixinProcessor.java:438) ~[sponge-mixin-0.15.2+mixin.0.8.7.jar%2373!/:0.15.2+mixin.0.8.7]
	at MC-BOOTSTRAP/org.spongepowered.mixin/org.spongepowered.asm.mixin.transformer.MixinProcessor.applyMixins(MixinProcessor.java:290) ~[sponge-mixin-0.15.2+mixin.0.8.7.jar%2373!/:0.15.2+mixin.0.8.7]
	at MC-BOOTSTRAP/org.spongepowered.mixin/org.spongepowered.asm.mixin.transformer.MixinTransformer.transformClass(MixinTransformer.java:250) ~[sponge-mixin-0.15.2+mixin.0.8.7.jar%2373!/:0.15.2+mixin.0.8.7]
	at MC-BOOTSTRAP/org.spongepowered.mixin/org.spongepowered.asm.service.modlauncher.MixinTransformationHandler.processClass(MixinTransformationHandler.java:131) ~[sponge-mixin-0.15.2+mixin.0.8.7.jar%2373!/:0.15.2+mixin.0.8.7]
	at MC-BOOTSTRAP/org.spongepowered.mixin/org.spongepowered.asm.launch.MixinLaunchPluginLegacy.processClass(MixinLaunchPluginLegacy.java:131) ~[sponge-mixin-0.15.2+mixin.0.8.7.jar%2373!/:0.15.2+mixin.0.8.7]
	at MC-BOOTSTRAP/cpw.mods.modlauncher@11.0.5/cpw.mods.modlauncher.serviceapi.ILaunchPluginService.processClassWithFlags(ILaunchPluginService.java:156) ~[modlauncher-11.0.5.jar%2364!/:11.0.5+main.901c6ea8]
	at MC-BOOTSTRAP/cpw.mods.modlauncher@11.0.5/cpw.mods.modlauncher.LaunchPluginHandler.offerClassNodeToPlugins(LaunchPluginHandler.java:94) ~[modlauncher-11.0.5.jar%2364!/:?]
	at MC-BOOTSTRAP/cpw.mods.modlauncher@11.0.5/cpw.mods.modlauncher.ClassTransformer.transform(ClassTransformer.java:120) ~[modlauncher-11.0.5.jar%2364!/:?]
	at MC-BOOTSTRAP/cpw.mods.modlauncher@11.0.5/cpw.mods.modlauncher.TransformingClassLoader.maybeTransformClassBytes(TransformingClassLoader.java:57) ~[modlauncher-11.0.5.jar%2364!/:?]
	at cpw.mods.securejarhandler/cpw.mods.cl.ModuleClassLoader.readerToClass(ModuleClassLoader.java:190) ~[securejarhandler-3.0.8.jar:?]
	at cpw.mods.securejarhandler/cpw.mods.cl.ModuleClassLoader.lambda$findClass$20(ModuleClassLoader.java:298) ~[securejarhandler-3.0.8.jar:?]
	at cpw.mods.securejarhandler/cpw.mods.cl.ModuleClassLoader.loadFromModule(ModuleClassLoader.java:311) ~[securejarhandler-3.0.8.jar:?]
	at cpw.mods.securejarhandler/cpw.mods.cl.ModuleClassLoader.findClass(ModuleClassLoader.java:298) ~[securejarhandler-3.0.8.jar:?]
	at java.base/java.lang.ClassLoader.loadClass(ClassLoader.java:638) ~[?:?]
	at java.base/java.lang.Class.forName(Class.java:627) ~[?:?]
	at java.base/java.lang.Class.forName(Class.java:602) ~[?:?]
	at MC-BOOTSTRAP/fml_loader@4.0.43/net.neoforged.fml.loading.ImmediateWindowHandler$DummyProvider.lambda$updateModuleReads$1(ImmediateWindowHandler.java:173) ~[loader-4.0.43.jar%2359!/:4.0]
	at java.base/java.util.Optional.map(Optional.java:260) [?:?]
	at MC-BOOTSTRAP/fml_loader@4.0.43/net.neoforged.fml.loading.ImmediateWindowHandler$DummyProvider.updateModuleReads(ImmediateWindowHandler.java:173) [loader-4.0.43.jar%2359!/:4.0]
	at MC-BOOTSTRAP/fml_loader@4.0.43/net.neoforged.fml.loading.ImmediateWindowHandler.acceptGameLayer(ImmediateWindowHandler.java:94) [loader-4.0.43.jar%2359!/:4.0]
	at MC-BOOTSTRAP/fml_loader@4.0.43/net.neoforged.fml.loading.FMLLoader.beforeStart(FMLLoader.java:166) [loader-4.0.43.jar%2359!/:4.0]
	at MC-BOOTSTRAP/fml_loader@4.0.43/net.neoforged.fml.loading.targets.CommonLaunchHandler.launchService(CommonLaunchHandler.java:115) [loader-4.0.43.jar%2359!/:4.0]
	at MC-BOOTSTRAP/cpw.mods.modlauncher@11.0.5/cpw.mods.modlauncher.LaunchServiceHandlerDecorator.launch(LaunchServiceHandlerDecorator.java:30) [modlauncher-11.0.5.jar%2364!/:?]
	at MC-BOOTSTRAP/cpw.mods.modlauncher@11.0.5/cpw.mods.modlauncher.LaunchServiceHandler.launch(LaunchServiceHandler.java:53) [modlauncher-11.0.5.jar%2364!/:?]
	at MC-BOOTSTRAP/cpw.mods.modlauncher@11.0.5/cpw.mods.modlauncher.LaunchServiceHandler.launch(LaunchServiceHandler.java:71) [modlauncher-11.0.5.jar%2364!/:?]
	at MC-BOOTSTRAP/cpw.mods.modlauncher@11.0.5/cpw.mods.modlauncher.Launcher.run(Launcher.java:103) [modlauncher-11.0.5.jar%2364!/:?]
	at MC-BOOTSTRAP/cpw.mods.modlauncher@11.0.5/cpw.mods.modlauncher.Launcher.main(Launcher.java:74) [modlauncher-11.0.5.jar%2364!/:?]
	at MC-BOOTSTRAP/cpw.mods.modlauncher@11.0.5/cpw.mods.modlauncher.BootstrapLaunchConsumer.accept(BootstrapLaunchConsumer.java:26) [modlauncher-11.0.5.jar%2364!/:?]
	at MC-BOOTSTRAP/cpw.mods.modlauncher@11.0.5/cpw.mods.modlauncher.BootstrapLaunchConsumer.accept(BootstrapLaunchConsumer.java:23) [modlauncher-11.0.5.jar%2364!/:?]
	at cpw.mods.bootstraplauncher@2.0.2/cpw.mods.bootstraplauncher.BootstrapLauncher.run(BootstrapLauncher.java:210) [bootstraplauncher-2.0.2.jar:?]
	at cpw.mods.bootstraplauncher@2.0.2/cpw.mods.bootstraplauncher.BootstrapLauncher.main(BootstrapLauncher.java:69) [bootstraplauncher-2.0.2.jar:?]
[04Sep2026 01:47:15.180] [main/WARN] [mixin/]: Error loading class: mezz/jei/gui/elements/GuiIconToggleButton (java.lang.ClassNotFoundException: mezz.jei.gui.elements.GuiIconToggleButton)
[04Sep2026 01:47:15.180] [main/TRACE] [mixin/]: Added class metadata for mezz/jei/gui/elements/GuiIconToggleButton to metadata cache
[04Sep2026 01:47:15.180] [main/WARN] [mixin/]: @Mixin target mezz.jei.gui.elements.GuiIconToggleButton was not found maid_storage_manager.mixins.json:JeiGuiIconToggleButtonAccessor from mod maid_storage_manager
[04Sep2026 01:47:15.180] [main/TRACE] [mixin/CATCHING]: Catching
java.lang.ClassNotFoundException: mezz.jei.gui.recipes.RecipeTransferButton
	at cpw.mods.securejarhandler/cpw.mods.cl.ModuleClassLoader.getMaybeTransformedClassBytes(ModuleClassLoader.java:334) ~[securejarhandler-3.0.8.jar:?]
	at MC-BOOTSTRAP/cpw.mods.modlauncher@11.0.5/cpw.mods.modlauncher.TransformingClassLoader.buildTransformedClassNodeFor(TransformingClassLoader.java:65) ~[modlauncher-11.0.5.jar%2364!/:?]
	at MC-BOOTSTRAP/cpw.mods.modlauncher@11.0.5/cpw.mods.modlauncher.LaunchPluginHandler.lambda$announceLaunch$10(LaunchPluginHandler.java:106) ~[modlauncher-11.0.5.jar%2364!/:?]
	at MC-BOOTSTRAP/org.spongepowered.mixin/org.spongepowered.asm.launch.MixinLaunchPluginLegacy.getClassNode(MixinLaunchPluginLegacy.java:227) ~[sponge-mixin-0.15.2+mixin.0.8.7.jar%2373!/:0.15.2+mixin.0.8.7]
	at MC-BOOTSTRAP/org.spongepowered.mixin/org.spongepowered.asm.mixin.transformer.ClassInfo.forName(ClassInfo.java:2029) ~[sponge-mixin-0.15.2+mixin.0.8.7.jar%2373!/:0.15.2+mixin.0.8.7]
	at MC-BOOTSTRAP/org.spongepowered.mixin/org.spongepowered.asm.mixin.transformer.MixinInfo.getTargetClass(MixinInfo.java:1017) ~[sponge-mixin-0.15.2+mixin.0.8.7.jar%2373!/:0.15.2+mixin.0.8.7]
	at MC-BOOTSTRAP/org.spongepowered.mixin/org.spongepowered.asm.mixin.transformer.MixinInfo.readTargetClasses(MixinInfo.java:1007) ~[sponge-mixin-0.15.2+mixin.0.8.7.jar%2373!/:0.15.2+mixin.0.8.7]
	at MC-BOOTSTRAP/org.spongepowered.mixin/org.spongepowered.asm.mixin.transformer.MixinInfo.parseTargets(MixinInfo.java:895) ~[sponge-mixin-0.15.2+mixin.0.8.7.jar%2373!/:0.15.2+mixin.0.8.7]
	at MC-BOOTSTRAP/org.spongepowered.mixin/org.spongepowered.asm.mixin.transformer.MixinConfig.prepareMixins(MixinConfig.java:950) ~[sponge-mixin-0.15.2+mixin.0.8.7.jar%2373!/:0.15.2+mixin.0.8.7]
	at MC-BOOTSTRAP/org.spongepowered.mixin/org.spongepowered.asm.mixin.transformer.MixinConfig.prepare(MixinConfig.java:858) ~[sponge-mixin-0.15.2+mixin.0.8.7.jar%2373!/:0.15.2+mixin.0.8.7]
	at MC-BOOTSTRAP/org.spongepowered.mixin/org.spongepowered.asm.mixin.transformer.MixinProcessor.prepareConfigs(MixinProcessor.java:540) ~[sponge-mixin-0.15.2+mixin.0.8.7.jar%2373!/:0.15.2+mixin.0.8.7]
	at MC-BOOTSTRAP/org.spongepowered.mixin/org.spongepowered.asm.mixin.transformer.MixinProcessor.select(MixinProcessor.java:462) ~[sponge-mixin-0.15.2+mixin.0.8.7.jar%2373!/:0.15.2+mixin.0.8.7]
	at MC-BOOTSTRAP/org.spongepowered.mixin/org.spongepowered.asm.mixin.transformer.MixinProcessor.checkSelect(MixinProcessor.java:438) ~[sponge-mixin-0.15.2+mixin.0.8.7.jar%2373!/:0.15.2+mixin.0.8.7]
	at MC-BOOTSTRAP/org.spongepowered.mixin/org.spongepowered.asm.mixin.transformer.MixinProcessor.applyMixins(MixinProcessor.java:290) ~[sponge-mixin-0.15.2+mixin.0.8.7.jar%2373!/:0.15.2+mixin.0.8.7]
	at MC-BOOTSTRAP/org.spongepowered.mixin/org.spongepowered.asm.mixin.transformer.MixinTransformer.transformClass(MixinTransformer.java:250) ~[sponge-mixin-0.15.2+mixin.0.8.7.jar%2373!/:0.15.2+mixin.0.8.7]
	at MC-BOOTSTRAP/org.spongepowered.mixin/org.spongepowered.asm.service.modlauncher.MixinTransformationHandler.processClass(MixinTransformationHandler.java:131) ~[sponge-mixin-0.15.2+mixin.0.8.7.jar%2373!/:0.15.2+mixin.0.8.7]
	at MC-BOOTSTRAP/org.spongepowered.mixin/org.spongepowered.asm.launch.MixinLaunchPluginLegacy.processClass(MixinLaunchPluginLegacy.java:131) ~[sponge-mixin-0.15.2+mixin.0.8.7.jar%2373!/:0.15.2+mixin.0.8.7]
	at MC-BOOTSTRAP/cpw.mods.modlauncher@11.0.5/cpw.mods.modlauncher.serviceapi.ILaunchPluginService.processClassWithFlags(ILaunchPluginService.java:156) ~[modlauncher-11.0.5.jar%2364!/:11.0.5+main.901c6ea8]
	at MC-BOOTSTRAP/cpw.mods.modlauncher@11.0.5/cpw.mods.modlauncher.LaunchPluginHandler.offerClassNodeToPlugins(LaunchPluginHandler.java:94) ~[modlauncher-11.0.5.jar%2364!/:?]
	at MC-BOOTSTRAP/cpw.mods.modlauncher@11.0.5/cpw.mods.modlauncher.ClassTransformer.transform(ClassTransformer.java:120) ~[modlauncher-11.0.5.jar%2364!/:?]
	at MC-BOOTSTRAP/cpw.mods.modlauncher@11.0.5/cpw.mods.modlauncher.TransformingClassLoader.maybeTransformClassBytes(TransformingClassLoader.java:57) ~[modlauncher-11.0.5.jar%2364!/:?]
	at cpw.mods.securejarhandler/cpw.mods.cl.ModuleClassLoader.readerToClass(ModuleClassLoader.java:190) ~[securejarhandler-3.0.8.jar:?]
	at cpw.mods.securejarhandler/cpw.mods.cl.ModuleClassLoader.lambda$findClass$20(ModuleClassLoader.java:298) ~[securejarhandler-3.0.8.jar:?]
	at cpw.mods.securejarhandler/cpw.mods.cl.ModuleClassLoader.loadFromModule(ModuleClassLoader.java:311) ~[securejarhandler-3.0.8.jar:?]
	at cpw.mods.securejarhandler/cpw.mods.cl.ModuleClassLoader.findClass(ModuleClassLoader.java:298) ~[securejarhandler-3.0.8.jar:?]
	at java.base/java.lang.ClassLoader.loadClass(ClassLoader.java:638) ~[?:?]
	at java.base/java.lang.Class.forName(Class.java:627) ~[?:?]
	at java.base/java.lang.Class.forName(Class.java:602) ~[?:?]
	at MC-BOOTSTRAP/fml_loader@4.0.43/net.neoforged.fml.loading.ImmediateWindowHandler$DummyProvider.lambda$updateModuleReads$1(ImmediateWindowHandler.java:173) ~[loader-4.0.43.jar%2359!/:4.0]
	at java.base/java.util.Optional.map(Optional.java:260) [?:?]
	at MC-BOOTSTRAP/fml_loader@4.0.43/net.neoforged.fml.loading.ImmediateWindowHandler$DummyProvider.updateModuleReads(ImmediateWindowHandler.java:173) [loader-4.0.43.jar%2359!/:4.0]
	at MC-BOOTSTRAP/fml_loader@4.0.43/net.neoforged.fml.loading.ImmediateWindowHandler.acceptGameLayer(ImmediateWindowHandler.java:94) [loader-4.0.43.jar%2359!/:4.0]
	at MC-BOOTSTRAP/fml_loader@4.0.43/net.neoforged.fml.loading.FMLLoader.beforeStart(FMLLoader.java:166) [loader-4.0.43.jar%2359!/:4.0]
	at MC-BOOTSTRAP/fml_loader@4.0.43/net.neoforged.fml.loading.targets.CommonLaunchHandler.launchService(CommonLaunchHandler.java:115) [loader-4.0.43.jar%2359!/:4.0]
	at MC-BOOTSTRAP/cpw.mods.modlauncher@11.0.5/cpw.mods.modlauncher.LaunchServiceHandlerDecorator.launch(LaunchServiceHandlerDecorator.java:30) [modlauncher-11.0.5.jar%2364!/:?]
	at MC-BOOTSTRAP/cpw.mods.modlauncher@11.0.5/cpw.mods.modlauncher.LaunchServiceHandler.launch(LaunchServiceHandler.java:53) [modlauncher-11.0.5.jar%2364!/:?]
	at MC-BOOTSTRAP/cpw.mods.modlauncher@11.0.5/cpw.mods.modlauncher.LaunchServiceHandler.launch(LaunchServiceHandler.java:71) [modlauncher-11.0.5.jar%2364!/:?]
	at MC-BOOTSTRAP/cpw.mods.modlauncher@11.0.5/cpw.mods.modlauncher.Launcher.run(Launcher.java:103) [modlauncher-11.0.5.jar%2364!/:?]
	at MC-BOOTSTRAP/cpw.mods.modlauncher@11.0.5/cpw.mods.modlauncher.Launcher.main(Launcher.java:74) [modlauncher-11.0.5.jar%2364!/:?]
	at MC-BOOTSTRAP/cpw.mods.modlauncher@11.0.5/cpw.mods.modlauncher.BootstrapLaunchConsumer.accept(BootstrapLaunchConsumer.java:26) [modlauncher-11.0.5.jar%2364!/:?]
	at MC-BOOTSTRAP/cpw.mods.modlauncher@11.0.5/cpw.mods.modlauncher.BootstrapLaunchConsumer.accept(BootstrapLaunchConsumer.java:23) [modlauncher-11.0.5.jar%2364!/:?]
	at cpw.mods.bootstraplauncher@2.0.2/cpw.mods.bootstraplauncher.BootstrapLauncher.run(BootstrapLauncher.java:210) [bootstraplauncher-2.0.2.jar:?]
	at cpw.mods.bootstraplauncher@2.0.2/cpw.mods.bootstraplauncher.BootstrapLauncher.main(BootstrapLauncher.java:69) [bootstraplauncher-2.0.2.jar:?]
[04Sep2026 01:47:15.180] [main/WARN] [mixin/]: Error loading class: mezz/jei/gui/recipes/RecipeTransferButton (java.lang.ClassNotFoundException: mezz.jei.gui.recipes.RecipeTransferButton)
[04Sep2026 01:47:15.180] [main/TRACE] [mixin/]: Added class metadata for mezz/jei/gui/recipes/RecipeTransferButton to metadata cache
[04Sep2026 01:47:15.181] [main/WARN] [mixin/]: @Mixin target mezz.jei.gui.recipes.RecipeTransferButton was not found maid_storage_manager.mixins.json:JEIRecipeTransferHook from mod maid_storage_manager
[04Sep2026 01:47:15.181] [main/DEBUG] [mixin/]: Preparing playerrevive.mixins.json (6)
[04Sep2026 01:47:15.182] [main/DEBUG] [net.neoforged.accesstransformer.AccessTransformer/AXFORM]: Transforming net.minecraft.world.damagesource.CombatTracker FIELD INTENTIONAL_GAME_DESIGN_STYLE to access PUBLIC and LEAVE
[04Sep2026 01:47:15.182] [main/DEBUG] [net.neoforged.accesstransformer.AccessTransformer/AXFORM]: Transforming net.minecraft.world.damagesource.CombatTracker METHOD getFallMessage(Lnet/minecraft/world/damagesource/CombatEntry;Lnet/minecraft/world/entity/Entity;)Lnet/minecraft/network/chat/Component; to access PUBLIC and LEAVE
[04Sep2026 01:47:15.182] [main/DEBUG] [net.neoforged.accesstransformer.AccessTransformer/AXFORM]: Transforming net.minecraft.world.damagesource.CombatTracker METHOD getMostSignificantFall()Lnet/minecraft/world/damagesource/CombatEntry; to access PUBLIC and LEAVE
[04Sep2026 01:47:15.182] [main/TRACE] [mixin/]: Added class metadata for net/minecraft/world/damagesource/CombatTracker to metadata cache
[04Sep2026 01:47:15.183] [main/DEBUG] [mixin/]: Preparing maidmarriage.mixins.json (20)
[04Sep2026 01:47:15.184] [main/DEBUG] [net.neoforged.fml.common.asm.RuntimeDistCleaner/DISTXFORM]: Removing method: com/github/tartaricacid/touhoulittlemaid/inventory/container/MaidMainContainer$3.getNoItemIcon()Lcom/mojang/datafixers/util/Pair;
[04Sep2026 01:47:15.185] [main/TRACE] [mixin/]: Added class metadata for com/github/tartaricacid/touhoulittlemaid/inventory/container/MaidMainContainer$3 to metadata cache
[04Sep2026 01:47:15.186] [main/TRACE] [mixin/]: Added class metadata for com/github/tartaricacid/touhoulittlemaid/geckolib3/core/molang/builtin/QueryBinding to metadata cache
[04Sep2026 01:47:15.186] [main/TRACE] [mixin/CATCHING]: Catching
java.lang.ClassNotFoundException: com.elfmcys.yesstevemodel.Oo000O00O0OOoO00OOOO000O
	at cpw.mods.securejarhandler/cpw.mods.cl.ModuleClassLoader.getMaybeTransformedClassBytes(ModuleClassLoader.java:334) ~[securejarhandler-3.0.8.jar:?]
	at MC-BOOTSTRAP/cpw.mods.modlauncher@11.0.5/cpw.mods.modlauncher.TransformingClassLoader.buildTransformedClassNodeFor(TransformingClassLoader.java:65) ~[modlauncher-11.0.5.jar%2364!/:?]
	at MC-BOOTSTRAP/cpw.mods.modlauncher@11.0.5/cpw.mods.modlauncher.LaunchPluginHandler.lambda$announceLaunch$10(LaunchPluginHandler.java:106) ~[modlauncher-11.0.5.jar%2364!/:?]
	at MC-BOOTSTRAP/org.spongepowered.mixin/org.spongepowered.asm.launch.MixinLaunchPluginLegacy.getClassNode(MixinLaunchPluginLegacy.java:227) ~[sponge-mixin-0.15.2+mixin.0.8.7.jar%2373!/:0.15.2+mixin.0.8.7]
	at MC-BOOTSTRAP/org.spongepowered.mixin/org.spongepowered.asm.mixin.transformer.ClassInfo.forName(ClassInfo.java:2029) ~[sponge-mixin-0.15.2+mixin.0.8.7.jar%2373!/:0.15.2+mixin.0.8.7]
	at MC-BOOTSTRAP/org.spongepowered.mixin/org.spongepowered.asm.mixin.transformer.MixinInfo.getTargetClass(MixinInfo.java:1017) ~[sponge-mixin-0.15.2+mixin.0.8.7.jar%2373!/:0.15.2+mixin.0.8.7]
	at MC-BOOTSTRAP/org.spongepowered.mixin/org.spongepowered.asm.mixin.transformer.MixinInfo.readTargetClasses(MixinInfo.java:1007) ~[sponge-mixin-0.15.2+mixin.0.8.7.jar%2373!/:0.15.2+mixin.0.8.7]
	at MC-BOOTSTRAP/org.spongepowered.mixin/org.spongepowered.asm.mixin.transformer.MixinInfo.parseTargets(MixinInfo.java:895) ~[sponge-mixin-0.15.2+mixin.0.8.7.jar%2373!/:0.15.2+mixin.0.8.7]
	at MC-BOOTSTRAP/org.spongepowered.mixin/org.spongepowered.asm.mixin.transformer.MixinConfig.prepareMixins(MixinConfig.java:950) ~[sponge-mixin-0.15.2+mixin.0.8.7.jar%2373!/:0.15.2+mixin.0.8.7]
	at MC-BOOTSTRAP/org.spongepowered.mixin/org.spongepowered.asm.mixin.transformer.MixinConfig.prepare(MixinConfig.java:858) ~[sponge-mixin-0.15.2+mixin.0.8.7.jar%2373!/:0.15.2+mixin.0.8.7]
	at MC-BOOTSTRAP/org.spongepowered.mixin/org.spongepowered.asm.mixin.transformer.MixinProcessor.prepareConfigs(MixinProcessor.java:540) ~[sponge-mixin-0.15.2+mixin.0.8.7.jar%2373!/:0.15.2+mixin.0.8.7]
	at MC-BOOTSTRAP/org.spongepowered.mixin/org.spongepowered.asm.mixin.transformer.MixinProcessor.select(MixinProcessor.java:462) ~[sponge-mixin-0.15.2+mixin.0.8.7.jar%2373!/:0.15.2+mixin.0.8.7]
	at MC-BOOTSTRAP/org.spongepowered.mixin/org.spongepowered.asm.mixin.transformer.MixinProcessor.checkSelect(MixinProcessor.java:438) ~[sponge-mixin-0.15.2+mixin.0.8.7.jar%2373!/:0.15.2+mixin.0.8.7]
	at MC-BOOTSTRAP/org.spongepowered.mixin/org.spongepowered.asm.mixin.transformer.MixinProcessor.applyMixins(MixinProcessor.java:290) ~[sponge-mixin-0.15.2+mixin.0.8.7.jar%2373!/:0.15.2+mixin.0.8.7]
	at MC-BOOTSTRAP/org.spongepowered.mixin/org.spongepowered.asm.mixin.transformer.MixinTransformer.transformClass(MixinTransformer.java:250) ~[sponge-mixin-0.15.2+mixin.0.8.7.jar%2373!/:0.15.2+mixin.0.8.7]
	at MC-BOOTSTRAP/org.spongepowered.mixin/org.spongepowered.asm.service.modlauncher.MixinTransformationHandler.processClass(MixinTransformationHandler.java:131) ~[sponge-mixin-0.15.2+mixin.0.8.7.jar%2373!/:0.15.2+mixin.0.8.7]
	at MC-BOOTSTRAP/org.spongepowered.mixin/org.spongepowered.asm.launch.MixinLaunchPluginLegacy.processClass(MixinLaunchPluginLegacy.java:131) ~[sponge-mixin-0.15.2+mixin.0.8.7.jar%2373!/:0.15.2+mixin.0.8.7]
	at MC-BOOTSTRAP/cpw.mods.modlauncher@11.0.5/cpw.mods.modlauncher.serviceapi.ILaunchPluginService.processClassWithFlags(ILaunchPluginService.java:156) ~[modlauncher-11.0.5.jar%2364!/:11.0.5+main.901c6ea8]
	at MC-BOOTSTRAP/cpw.mods.modlauncher@11.0.5/cpw.mods.modlauncher.LaunchPluginHandler.offerClassNodeToPlugins(LaunchPluginHandler.java:94) ~[modlauncher-11.0.5.jar%2364!/:?]
	at MC-BOOTSTRAP/cpw.mods.modlauncher@11.0.5/cpw.mods.modlauncher.ClassTransformer.transform(ClassTransformer.java:120) ~[modlauncher-11.0.5.jar%2364!/:?]
	at MC-BOOTSTRAP/cpw.mods.modlauncher@11.0.5/cpw.mods.modlauncher.TransformingClassLoader.maybeTransformClassBytes(TransformingClassLoader.java:57) ~[modlauncher-11.0.5.jar%2364!/:?]
	at cpw.mods.securejarhandler/cpw.mods.cl.ModuleClassLoader.readerToClass(ModuleClassLoader.java:190) ~[securejarhandler-3.0.8.jar:?]
	at cpw.mods.securejarhandler/cpw.mods.cl.ModuleClassLoader.lambda$findClass$20(ModuleClassLoader.java:298) ~[securejarhandler-3.0.8.jar:?]
	at cpw.mods.securejarhandler/cpw.mods.cl.ModuleClassLoader.loadFromModule(ModuleClassLoader.java:311) ~[securejarhandler-3.0.8.jar:?]
	at cpw.mods.securejarhandler/cpw.mods.cl.ModuleClassLoader.findClass(ModuleClassLoader.java:298) ~[securejarhandler-3.0.8.jar:?]
	at java.base/java.lang.ClassLoader.loadClass(ClassLoader.java:638) ~[?:?]
	at java.base/java.lang.Class.forName(Class.java:627) ~[?:?]
	at java.base/java.lang.Class.forName(Class.java:602) ~[?:?]
	at MC-BOOTSTRAP/fml_loader@4.0.43/net.neoforged.fml.loading.ImmediateWindowHandler$DummyProvider.lambda$updateModuleReads$1(ImmediateWindowHandler.java:173) ~[loader-4.0.43.jar%2359!/:4.0]
	at java.base/java.util.Optional.map(Optional.java:260) [?:?]
	at MC-BOOTSTRAP/fml_loader@4.0.43/net.neoforged.fml.loading.ImmediateWindowHandler$DummyProvider.updateModuleReads(ImmediateWindowHandler.java:173) [loader-4.0.43.jar%2359!/:4.0]
	at MC-BOOTSTRAP/fml_loader@4.0.43/net.neoforged.fml.loading.ImmediateWindowHandler.acceptGameLayer(ImmediateWindowHandler.java:94) [loader-4.0.43.jar%2359!/:4.0]
	at MC-BOOTSTRAP/fml_loader@4.0.43/net.neoforged.fml.loading.FMLLoader.beforeStart(FMLLoader.java:166) [loader-4.0.43.jar%2359!/:4.0]
	at MC-BOOTSTRAP/fml_loader@4.0.43/net.neoforged.fml.loading.targets.CommonLaunchHandler.launchService(CommonLaunchHandler.java:115) [loader-4.0.43.jar%2359!/:4.0]
	at MC-BOOTSTRAP/cpw.mods.modlauncher@11.0.5/cpw.mods.modlauncher.LaunchServiceHandlerDecorator.launch(LaunchServiceHandlerDecorator.java:30) [modlauncher-11.0.5.jar%2364!/:?]
	at MC-BOOTSTRAP/cpw.mods.modlauncher@11.0.5/cpw.mods.modlauncher.LaunchServiceHandler.launch(LaunchServiceHandler.java:53) [modlauncher-11.0.5.jar%2364!/:?]
	at MC-BOOTSTRAP/cpw.mods.modlauncher@11.0.5/cpw.mods.modlauncher.LaunchServiceHandler.launch(LaunchServiceHandler.java:71) [modlauncher-11.0.5.jar%2364!/:?]
	at MC-BOOTSTRAP/cpw.mods.modlauncher@11.0.5/cpw.mods.modlauncher.Launcher.run(Launcher.java:103) [modlauncher-11.0.5.jar%2364!/:?]
	at MC-BOOTSTRAP/cpw.mods.modlauncher@11.0.5/cpw.mods.modlauncher.Launcher.main(Launcher.java:74) [modlauncher-11.0.5.jar%2364!/:?]
	at MC-BOOTSTRAP/cpw.mods.modlauncher@11.0.5/cpw.mods.modlauncher.BootstrapLaunchConsumer.accept(BootstrapLaunchConsumer.java:26) [modlauncher-11.0.5.jar%2364!/:?]
	at MC-BOOTSTRAP/cpw.mods.modlauncher@11.0.5/cpw.mods.modlauncher.BootstrapLaunchConsumer.accept(BootstrapLaunchConsumer.java:23) [modlauncher-11.0.5.jar%2364!/:?]
	at cpw.mods.bootstraplauncher@2.0.2/cpw.mods.bootstraplauncher.BootstrapLauncher.run(BootstrapLauncher.java:210) [bootstraplauncher-2.0.2.jar:?]
	at cpw.mods.bootstraplauncher@2.0.2/cpw.mods.bootstraplauncher.BootstrapLauncher.main(BootstrapLauncher.java:69) [bootstraplauncher-2.0.2.jar:?]
[04Sep2026 01:47:15.186] [main/WARN] [mixin/]: Error loading class: com/elfmcys/yesstevemodel/Oo000O00O0OOoO00OOOO000O (java.lang.ClassNotFoundException: com.elfmcys.yesstevemodel.Oo000O00O0OOoO00OOOO000O)
[04Sep2026 01:47:15.186] [main/TRACE] [mixin/]: Added class metadata for com/elfmcys/yesstevemodel/Oo000O00O0OOoO00OOOO000O to metadata cache
[04Sep2026 01:47:15.186] [main/DEBUG] [mixin/]: Skipping virtual target com.elfmcys.yesstevemodel.Oo000O00O0OOoO00OOOO000O for maidmarriage.mixins.json:YsmTlmMolangCompatMixin from mod maidmarriage
[04Sep2026 01:47:15.186] [main/DEBUG] [mixin/]: Preparing mixinextras.init.mixins.json (0)
[04Sep2026 01:47:15.190] [main/DEBUG] [net.neoforged.accesstransformer.AccessTransformer/AXFORM]: Transforming net.minecraft.util.datafix.fixes.ItemStackComponentizationFix$ItemStackData CLASS to access PUBLIC and LEAVE
[04Sep2026 01:47:15.190] [main/TRACE] [mixin/]: Added class metadata for net/minecraft/util/datafix/fixes/ItemStackComponentizationFix$ItemStackData to metadata cache
[04Sep2026 01:47:15.193] [main/TRACE] [mixin/]: Added class metadata for java/lang/invoke/MethodHandles$Lookup to metadata cache
[04Sep2026 01:47:15.193] [main/TRACE] [mixin/]: Added class metadata for net/minecraft/util/datafix/schemas/NamespacedSchema to metadata cache
[04Sep2026 01:47:15.194] [main/TRACE] [mixin/]: Added class metadata for com/mojang/datafixers/schemas/Schema to metadata cache
[04Sep2026 01:47:15.194] [main/TRACE] [mixin/]: Added class metadata for com/mojang/datafixers/DSL$TypeReference to metadata cache
[04Sep2026 01:47:15.195] [main/TRACE] [mixin/]: Added class metadata for vectorwing/farmersdelight/common/tag/ModTags$Blocks to metadata cache
[04Sep2026 01:47:15.197] [main/TRACE] [mixin/]: Added class metadata for net/minecraft/world/entity/animal/Animal to metadata cache
[04Sep2026 01:47:15.198] [main/TRACE] [mixin/]: Added class metadata for net/minecraft/world/entity/animal/AbstractGolem to metadata cache
[04Sep2026 01:47:15.198] [main/TRACE] [mixin/]: Added class metadata for net/minecraft/world/entity/PathfinderMob to metadata cache
[04Sep2026 01:47:15.198] [main/TRACE] [mixin/]: Added class metadata for net/conczin/mca/entity/PlayerDimensions$Scale to metadata cache
[04Sep2026 01:47:15.199] [main/TRACE] [mixin/]: Added class metadata for net/conczin/mca/entity/ai/Traits$Trait to metadata cache
[04Sep2026 01:47:15.201] [main/TRACE] [mixin/]: Added class metadata for net/minecraft/network/chat/ComponentContents$Type to metadata cache
[04Sep2026 01:47:15.202] [main/TRACE] [mixin/]: Added class metadata for net/minecraft/world/level/biome/Biome$Precipitation to metadata cache
[04Sep2026 01:47:15.202] [main/TRACE] [mixin/]: Added class metadata for com/teamtea/eclipticseasons/common/mixin/injector/DirectInject$Mode to metadata cache
[04Sep2026 01:47:15.203] [main/TRACE] [mixin/]: Added class metadata for com/teamtea/eclipticseasons/config/CommonConfig$Map to metadata cache
[04Sep2026 01:47:15.203] [main/TRACE] [mixin/]: Added class metadata for net/neoforged/neoforge/common/ModConfigSpec$BooleanValue to metadata cache
[04Sep2026 01:47:15.204] [main/DEBUG] [net.neoforged.accesstransformer.AccessTransformer/AXFORM]: Transforming net.minecraft.world.level.chunk.PalettedContainer$Data CLASS to access PUBLIC and LEAVE
[04Sep2026 01:47:15.204] [main/TRACE] [mixin/]: Added class metadata for net/minecraft/world/level/chunk/PalettedContainer$Data to metadata cache
[04Sep2026 01:47:15.204] [main/TRACE] [mixin/]: Added class metadata for net/minecraft/world/level/chunk/PalettedContainer$Strategy to metadata cache
[04Sep2026 01:47:15.206] [main/TRACE] [mixin/]: Added class metadata for net/minecraft/core/Holder$Reference to metadata cache
[04Sep2026 01:47:15.206] [main/TRACE] [mixin/]: Added class metadata for com/teamtea/eclipticseasons/common/core/biome/WeatherManager$BiomeWeather to metadata cache
[04Sep2026 01:47:15.207] [main/TRACE] [mixin/]: Added class metadata for com/teamtea/eclipticseasons/config/CommonConfig$Season to metadata cache
[04Sep2026 01:47:15.208] [main/TRACE] [mixin/]: Added class metadata for com/teamtea/eclipticseasons/config/CommonConfig$Weather to metadata cache
[04Sep2026 01:47:15.208] [main/TRACE] [mixin/]: Added class metadata for net/minecraft/world/level/GameRules$Key to metadata cache
[04Sep2026 01:47:15.208] [main/TRACE] [mixin/]: Added class metadata for com/teamtea/eclipticseasons/config/CommonConfig$Temperature to metadata cache
[04Sep2026 01:47:15.208] [main/DEBUG] [net.neoforged.accesstransformer.AccessTransformer/AXFORM]: Transforming net.minecraft.world.level.GameRules$BooleanValue METHOD create(ZLjava/util/function/BiConsumer;)Lnet/minecraft/world/level/GameRules$Type; to access PUBLIC and LEAVE
[04Sep2026 01:47:15.208] [main/DEBUG] [net.neoforged.accesstransformer.AccessTransformer/AXFORM]: Transforming net.minecraft.world.level.GameRules$BooleanValue METHOD create(Z)Lnet/minecraft/world/level/GameRules$Type; to access PUBLIC and LEAVE
[04Sep2026 01:47:15.209] [main/TRACE] [mixin/]: Added class metadata for net/minecraft/world/level/GameRules$BooleanValue to metadata cache
[04Sep2026 01:47:15.210] [main/TRACE] [mixin/]: Added class metadata for net/minecraft/core/BlockPos$MutableBlockPos to metadata cache
[04Sep2026 01:47:15.210] [main/TRACE] [mixin/]: Added class metadata for net/minecraft/world/level/biome/Climate$TargetPoint to metadata cache
[04Sep2026 01:47:15.210] [main/TRACE] [mixin/]: Added class metadata for net/minecraft/world/level/levelgen/SurfaceRules$RuleSource to metadata cache
[04Sep2026 01:47:15.210] [main/TRACE] [mixin/]: Added class metadata for org/spongepowered/asm/mixin/injection/At$Shift to metadata cache
[04Sep2026 01:47:15.211] [main/TRACE] [mixin/]: Added class metadata for net/minecraft/data/PackOutput$PathProvider to metadata cache
[04Sep2026 01:47:15.211] [main/TRACE] [mixin/]: Added class metadata for com/mojang/serialization/DataResult$Error to metadata cache
[04Sep2026 01:47:15.212] [main/TRACE] [mixin/]: Added class metadata for net/minecraft/world/entity/animal/WaterAnimal to metadata cache
[04Sep2026 01:47:15.213] [main/TRACE] [mixin/]: Added class metadata for net/minecraft/world/entity/ai/attributes/AttributeModifier$Operation to metadata cache
[04Sep2026 01:47:15.213] [main/TRACE] [mixin/]: Added class metadata for net/minecraft/world/entity/Entity$RemovalReason to metadata cache
[04Sep2026 01:47:15.214] [main/TRACE] [mixin/]: Added class metadata for net/minecraft/network/syncher/SynchedEntityData$Builder to metadata cache
[04Sep2026 01:47:15.215] [main/TRACE] [mixin/]: Added class metadata for net/minecraft/world/entity/TamableAnimal to metadata cache
[04Sep2026 01:47:15.216] [main/TRACE] [mixin/]: Added class metadata for com/tacz/guns/api/entity/ReloadState$StateType to metadata cache
[04Sep2026 01:47:15.217] [main/DEBUG] [net.neoforged.accesstransformer.AccessTransformer/AXFORM]: Transforming net.minecraft.world.entity.projectile.Projectile METHOD <init>(Lnet/minecraft/world/entity/EntityType;Lnet/minecraft/world/level/Level;)V to access PROTECTED and LEAVE
[04Sep2026 01:47:15.218] [main/TRACE] [mixin/]: Added class metadata for net/minecraft/world/entity/projectile/Projectile to metadata cache
[04Sep2026 01:47:15.219] [main/DEBUG] [net.neoforged.accesstransformer.AccessTransformer/AXFORM]: Transforming net.minecraft.world.level.block.state.BlockBehaviour$Properties FIELD hasCollision to access PUBLIC and REMOVEFINAL
[04Sep2026 01:47:15.219] [main/DEBUG] [net.neoforged.accesstransformer.AccessTransformer/AXFORM]: Transforming net.minecraft.world.level.block.state.BlockBehaviour$Properties FIELD soundType to access PUBLIC and REMOVEFINAL
[04Sep2026 01:47:15.219] [main/DEBUG] [net.neoforged.accesstransformer.AccessTransformer/AXFORM]: Transforming net.minecraft.world.level.block.state.BlockBehaviour$Properties FIELD lightEmission to access PUBLIC and REMOVEFINAL
[04Sep2026 01:47:15.219] [main/DEBUG] [net.neoforged.accesstransformer.AccessTransformer/AXFORM]: Transforming net.minecraft.world.level.block.state.BlockBehaviour$Properties FIELD explosionResistance to access PUBLIC and REMOVEFINAL
[04Sep2026 01:47:15.219] [main/DEBUG] [net.neoforged.accesstransformer.AccessTransformer/AXFORM]: Transforming net.minecraft.world.level.block.state.BlockBehaviour$Properties FIELD destroyTime to access PUBLIC and REMOVEFINAL
[04Sep2026 01:47:15.219] [main/DEBUG] [net.neoforged.accesstransformer.AccessTransformer/AXFORM]: Transforming net.minecraft.world.level.block.state.BlockBehaviour$Properties FIELD requiresCorrectToolForDrops to access PUBLIC and REMOVEFINAL
[04Sep2026 01:47:15.219] [main/DEBUG] [net.neoforged.accesstransformer.AccessTransformer/AXFORM]: Transforming net.minecraft.world.level.block.state.BlockBehaviour$Properties FIELD isRandomlyTicking to access PUBLIC and REMOVEFINAL
[04Sep2026 01:47:15.219] [main/DEBUG] [net.neoforged.accesstransformer.AccessTransformer/AXFORM]: Transforming net.minecraft.world.level.block.state.BlockBehaviour$Properties FIELD friction to access PUBLIC and REMOVEFINAL
[04Sep2026 01:47:15.219] [main/DEBUG] [net.neoforged.accesstransformer.AccessTransformer/AXFORM]: Transforming net.minecraft.world.level.block.state.BlockBehaviour$Properties FIELD speedFactor to access PUBLIC and REMOVEFINAL
[04Sep2026 01:47:15.219] [main/DEBUG] [net.neoforged.accesstransformer.AccessTransformer/AXFORM]: Transforming net.minecraft.world.level.block.state.BlockBehaviour$Properties FIELD jumpFactor to access PUBLIC and REMOVEFINAL
[04Sep2026 01:47:15.219] [main/DEBUG] [net.neoforged.accesstransformer.AccessTransformer/AXFORM]: Transforming net.minecraft.world.level.block.state.BlockBehaviour$Properties FIELD canOcclude to access PUBLIC and REMOVEFINAL
[04Sep2026 01:47:15.219] [main/DEBUG] [net.neoforged.accesstransformer.AccessTransformer/AXFORM]: Transforming net.minecraft.world.level.block.state.BlockBehaviour$Properties FIELD isAir to access PUBLIC and REMOVEFINAL
[04Sep2026 01:47:15.219] [main/DEBUG] [net.neoforged.accesstransformer.AccessTransformer/AXFORM]: Transforming net.minecraft.world.level.block.state.BlockBehaviour$Properties FIELD isValidSpawn to access PUBLIC and REMOVEFINAL
[04Sep2026 01:47:15.219] [main/DEBUG] [net.neoforged.accesstransformer.AccessTransformer/AXFORM]: Transforming net.minecraft.world.level.block.state.BlockBehaviour$Properties FIELD isRedstoneConductor to access PUBLIC and REMOVEFINAL
[04Sep2026 01:47:15.219] [main/DEBUG] [net.neoforged.accesstransformer.AccessTransformer/AXFORM]: Transforming net.minecraft.world.level.block.state.BlockBehaviour$Properties FIELD isSuffocating to access PUBLIC and REMOVEFINAL
[04Sep2026 01:47:15.219] [main/DEBUG] [net.neoforged.accesstransformer.AccessTransformer/AXFORM]: Transforming net.minecraft.world.level.block.state.BlockBehaviour$Properties FIELD isViewBlocking to access PUBLIC and REMOVEFINAL
[04Sep2026 01:47:15.219] [main/DEBUG] [net.neoforged.accesstransformer.AccessTransformer/AXFORM]: Transforming net.minecraft.world.level.block.state.BlockBehaviour$Properties FIELD hasPostProcess to access PUBLIC and REMOVEFINAL
[04Sep2026 01:47:15.219] [main/DEBUG] [net.neoforged.accesstransformer.AccessTransformer/AXFORM]: Transforming net.minecraft.world.level.block.state.BlockBehaviour$Properties FIELD emissiveRendering to access PUBLIC and REMOVEFINAL
[04Sep2026 01:47:15.219] [main/DEBUG] [net.neoforged.accesstransformer.AccessTransformer/AXFORM]: Transforming net.minecraft.world.level.block.state.BlockBehaviour$Properties FIELD dynamicShape to access PUBLIC and REMOVEFINAL
[04Sep2026 01:47:15.219] [main/DEBUG] [net.neoforged.accesstransformer.AccessTransformer/AXFORM]: Transforming net.minecraft.world.level.block.state.BlockBehaviour$Properties METHOD <init>()V to access PUBLIC and LEAVE
[04Sep2026 01:47:15.220] [main/TRACE] [mixin/]: Added class metadata for net/minecraft/world/level/block/state/BlockBehaviour$Properties to metadata cache
[04Sep2026 01:47:15.220] [main/TRACE] [mixin/]: Added class metadata for net/minecraft/world/entity/Entity$MoveFunction to metadata cache
[04Sep2026 01:47:15.221] [main/TRACE] [mixin/]: Added class metadata for net/neoforged/neoforge/common/ModConfigSpec$DoubleValue to metadata cache
[04Sep2026 01:47:15.223] [main/TRACE] [mixin/]: Added class metadata for top/theillusivec4/curios/common/util/EquipCurioTrigger$TriggerInstance to metadata cache
[04Sep2026 01:47:15.224] [main/TRACE] [mixin/]: Added class metadata for net/minecraft/advancements/critereon/ItemPredicate$Builder to metadata cache
[04Sep2026 01:47:15.224] [main/TRACE] [mixin/]: Added class metadata for net/minecraft/advancements/critereon/LocationPredicate$Builder to metadata cache
[04Sep2026 01:47:15.224] [main/TRACE] [mixin/]: Added class metadata for top/theillusivec4/curios/api/SlotPredicate$Builder to metadata cache
[04Sep2026 01:47:15.225] [main/DEBUG] [net.neoforged.accesstransformer.AccessTransformer/AXFORM]: Transforming net.minecraft.server.level.ServerChunkCache$MainThreadExecutor CLASS to access PUBLIC and LEAVE
[04Sep2026 01:47:15.225] [main/TRACE] [mixin/]: Added class metadata for net/minecraft/server/level/ServerChunkCache$MainThreadExecutor to metadata cache
[04Sep2026 01:47:15.226] [main/TRACE] [mixin/]: Added class metadata for java/util/AbstractSet to metadata cache
[04Sep2026 01:47:15.226] [main/DEBUG] [net.neoforged.accesstransformer.AccessTransformer/AXFORM]: Transforming net.minecraft.server.packs.resources.ProfiledReloadInstance$State FIELD preparationNanos to access PUBLIC and LEAVE
[04Sep2026 01:47:15.226] [main/DEBUG] [net.neoforged.accesstransformer.AccessTransformer/AXFORM]: Transforming net.minecraft.server.packs.resources.ProfiledReloadInstance$State FIELD reloadNanos to access PUBLIC and LEAVE
[04Sep2026 01:47:15.227] [main/TRACE] [mixin/]: Added class metadata for net/minecraft/server/packs/resources/ProfiledReloadInstance$State to metadata cache
[04Sep2026 01:47:15.227] [main/TRACE] [mixin/]: Added class metadata for java/util/Map$Entry to metadata cache
[04Sep2026 01:47:15.228] [main/TRACE] [mixin/]: Added class metadata for com/google/common/collect/ImmutableList$Builder to metadata cache
[04Sep2026 01:47:15.228] [main/TRACE] [mixin/]: Added class metadata for net/minecraft/world/item/CreativeModeTab$ItemDisplayParameters to metadata cache
[04Sep2026 01:47:15.229] [main/TRACE] [mixin/]: Added class metadata for net/minecraft/core/HolderLookup$Provider to metadata cache
[04Sep2026 01:47:15.229] [main/TRACE] [mixin/]: Added class metadata for net/minecraft/world/item/CreativeModeTab$Type to metadata cache
[04Sep2026 01:47:15.229] [main/TRACE] [mixin/]: Added class metadata for net/minecraft/util/thread/ReentrantBlockableEventLoop to metadata cache
[04Sep2026 01:47:15.230] [main/DEBUG] [net.neoforged.accesstransformer.AccessTransformer/AXFORM]: Transforming net.minecraft.util.thread.BlockableEventLoop METHOD submitAsync(Ljava/lang/Runnable;)Ljava/util/concurrent/CompletableFuture; to access PUBLIC and LEAVE
[04Sep2026 01:47:15.230] [main/TRACE] [mixin/]: Added class metadata for net/minecraft/util/thread/BlockableEventLoop to metadata cache
[04Sep2026 01:47:15.231] [main/TRACE] [mixin/]: Added class metadata for net/minecraft/world/level/biome/BiomeManager$NoiseBiomeSource to metadata cache
[04Sep2026 01:47:15.231] [main/DEBUG] [net.neoforged.accesstransformer.AccessTransformer/AXFORM]: Transforming net.minecraft.world.level.levelgen.SurfaceRules$Condition CLASS to access PUBLIC and LEAVE
[04Sep2026 01:47:15.231] [main/TRACE] [mixin/]: Added class metadata for net/minecraft/world/level/levelgen/SurfaceRules$Condition to metadata cache
[04Sep2026 01:47:15.232] [main/DEBUG] [net.neoforged.accesstransformer.AccessTransformer/AXFORM]: Transforming net.minecraft.world.item.crafting.Ingredient$Value CLASS to access PUBLIC and LEAVE
[04Sep2026 01:47:15.232] [main/TRACE] [mixin/]: Added class metadata for net/minecraft/world/item/crafting/Ingredient$Value to metadata cache
[04Sep2026 01:47:15.233] [main/DEBUG] [net.neoforged.accesstransformer.AccessTransformer/AXFORM]: Transforming net.minecraft.world.item.crafting.Ingredient$TagValue CLASS to access PUBLIC and LEAVE
[04Sep2026 01:47:15.233] [main/DEBUG] [net.neoforged.accesstransformer.AccessTransformer/AXFORM]: Transforming net.minecraft.world.item.crafting.Ingredient$TagValue METHOD <init>(Lnet/minecraft/tags/TagKey;)V to access PUBLIC and LEAVE
[04Sep2026 01:47:15.233] [main/TRACE] [mixin/]: Added class metadata for net/minecraft/world/item/crafting/Ingredient$TagValue to metadata cache
[04Sep2026 01:47:15.233] [main/TRACE] [mixin/]: Added class metadata for net/minecraft/core/HolderSet$Named to metadata cache
[04Sep2026 01:47:15.234] [main/TRACE] [mixin/]: Added class metadata for net/minecraft/network/protocol/common/custom/CustomPacketPayload$Type to metadata cache
[04Sep2026 01:47:15.235] [main/DEBUG] [net.neoforged.accesstransformer.AccessTransformer/AXFORM]: Transforming net.minecraft.world.item.crafting.Ingredient$ItemValue CLASS to access PUBLIC and LEAVE
[04Sep2026 01:47:15.235] [main/DEBUG] [net.neoforged.accesstransformer.AccessTransformer/AXFORM]: Transforming net.minecraft.world.item.crafting.Ingredient$ItemValue METHOD <init>(Lnet/minecraft/world/item/ItemStack;)V to access PUBLIC and LEAVE
[04Sep2026 01:47:15.235] [main/TRACE] [mixin/]: Added class metadata for net/minecraft/world/item/crafting/Ingredient$ItemValue to metadata cache
[04Sep2026 01:47:15.235] [main/TRACE] [mixin/]: Added class metadata for org/embeddedt/modernfix/common/mixin/perf/forge_registry_alloc/DebugLevelSourceMixin$1 to metadata cache
[04Sep2026 01:47:15.236] [main/DEBUG] [mixin/]: Inner class org/embeddedt/modernfix/common/mixin/perf/forge_registry_alloc/DebugLevelSourceMixin$1 in org/embeddedt/modernfix/common/mixin/perf/forge_registry_alloc/DebugLevelSourceMixin on net/minecraft/world/level/levelgen/DebugLevelSource gets unique name net/minecraft/world/level/levelgen/DebugLevelSource$Anonymous$a205bfb723e84a718f3e19c127820f55
[04Sep2026 01:47:15.236] [main/TRACE] [mixin/]: Added class metadata for net/minecraft/world/level/levelgen/SurfaceRules$LazyYCondition to metadata cache
[04Sep2026 01:47:15.237] [main/DEBUG] [net.neoforged.accesstransformer.AccessTransformer/AXFORM]: Transforming net.minecraft.world.level.levelgen.SurfaceRules$LazyCondition CLASS to access PUBLIC and LEAVE
[04Sep2026 01:47:15.237] [main/TRACE] [mixin/]: Added class metadata for net/minecraft/world/level/levelgen/SurfaceRules$LazyCondition to metadata cache
[04Sep2026 01:47:15.237] [main/DEBUG] [net.neoforged.accesstransformer.AccessTransformer/AXFORM]: Transforming net.minecraft.world.level.levelgen.SurfaceRules$SurfaceRule CLASS to access PUBLIC and LEAVE
[04Sep2026 01:47:15.237] [main/TRACE] [mixin/]: Added class metadata for net/minecraft/world/level/levelgen/SurfaceRules$SurfaceRule to metadata cache
[04Sep2026 01:47:15.238] [main/TRACE] [mixin/]: Added class metadata for net/minecraft/world/level/levelgen/NoiseChunk$BlockStateFiller to metadata cache
[04Sep2026 01:47:15.238] [main/TRACE] [mixin/]: Added class metadata for net/minecraft/world/level/levelgen/DensityFunction$FunctionContext to metadata cache
[04Sep2026 01:47:15.238] [main/TRACE] [mixin/]: Added class metadata for net/minecraft/core/Direction$Axis to metadata cache
[04Sep2026 01:47:15.239] [main/TRACE] [mixin/]: Added class metadata for net/minecraft/server/level/ChunkHolder$PlayerProvider to metadata cache
[04Sep2026 01:47:15.239] [main/DEBUG] [net.neoforged.accesstransformer.AccessTransformer/AXFORM]: Transforming net.minecraft.server.level.GenerationChunkHolder FIELD startedWork to access PROTECTED and LEAVE
[04Sep2026 01:47:15.239] [main/DEBUG] [net.neoforged.accesstransformer.AccessTransformer/AXFORM]: Transforming net.minecraft.server.level.GenerationChunkHolder FIELD futures to access PROTECTED and LEAVE
[04Sep2026 01:47:15.240] [main/TRACE] [mixin/]: Added class metadata for net/minecraft/server/level/GenerationChunkHolder to metadata cache
[04Sep2026 01:47:15.241] [main/TRACE] [mixin/]: Added class metadata for it/unimi/dsi/fastutil/longs/Long2IntMap$FastEntrySet to metadata cache
[04Sep2026 01:47:15.241] [main/TRACE] [mixin/]: Added class metadata for it/unimi/dsi/fastutil/longs/Long2IntMap$Entry to metadata cache
[04Sep2026 01:47:15.243] [main/TRACE] [mixin/]: Added class metadata for java/util/concurrent/ForkJoinPool$ForkJoinWorkerThreadFactory to metadata cache
[04Sep2026 01:47:15.243] [main/TRACE] [mixin/]: Added class metadata for com/mojang/datafixers/DataFixerBuilder$Result to metadata cache
[04Sep2026 01:47:15.244] [main/TRACE] [mixin/]: Added class metadata for net/minecraft/world/level/storage/LevelStorageSource$LevelStorageAccess to metadata cache
[04Sep2026 01:47:15.244] [main/TRACE] [mixin/]: Added class metadata for net/minecraft/core/RegistryAccess$Frozen to metadata cache
[04Sep2026 01:47:15.245] [main/TRACE] [mixin/]: Added class metadata for com/google/common/collect/ImmutableMap$Builder to metadata cache
[04Sep2026 01:47:15.246] [main/TRACE] [mixin/]: Added class metadata for dev/architectury/event/events/common/PlayerEvent$FillBucket to metadata cache
[04Sep2026 01:47:15.246] [main/TRACE] [mixin/]: Added class metadata for net/neoforged/neoforge/event/level/ChunkDataEvent$Load to metadata cache
[04Sep2026 01:47:15.246] [main/TRACE] [mixin/]: Added class metadata for dev/architectury/event/forge/EventHandlerImplCommon$LevelEventAttachment to metadata cache
[04Sep2026 01:47:15.246] [main/TRACE] [mixin/]: Added class metadata for dev/architectury/event/events/common/BlockEvent$FallingLand to metadata cache
[04Sep2026 01:47:15.247] [main/TRACE] [mixin/]: Added class metadata for dev/architectury/event/events/common/LightningEvent$Strike to metadata cache
[04Sep2026 01:47:15.248] [main/TRACE] [mixin/]: Added class metadata for net/minecraft/world/item/crafting/ShapelessRecipe to metadata cache
[04Sep2026 01:47:15.248] [main/TRACE] [mixin/]: Added class metadata for studio/fantasyit/maid_storage_manager/craft/work/ProgressData$ProgressMeta to metadata cache
[04Sep2026 01:47:15.249] [main/TRACE] [mixin/]: Added class metadata for studio/fantasyit/maid_storage_manager/items/ProgressPad$Style to metadata cache
[04Sep2026 01:47:15.249] [main/TRACE] [mixin/]: Added class metadata for studio/fantasyit/maid_storage_manager/items/ProgressPad$Viewing to metadata cache
[04Sep2026 01:47:15.249] [main/TRACE] [mixin/]: Added class metadata for studio/fantasyit/maid_storage_manager/items/ProgressPad$Merge to metadata cache
[04Sep2026 01:47:15.250] [main/TRACE] [mixin/]: Added class metadata for team/creative/playerrevive/PlayerReviveConfig$Bleeding to metadata cache
[04Sep2026 01:47:15.252] [main/DEBUG] [mixin/]: Prepared 257 mixins in 0.884 sec (3.4ms avg) (0ms load, 0ms transform, 0ms plugin)
[04Sep2026 01:47:15.315] [main/DEBUG] [io.netty.util.internal.logging.InternalLoggerFactory/]: Using SLF4J as the default logging framework
[04Sep2026 01:47:15.316] [main/DEBUG] [io.netty.util.ResourceLeakDetector/]: -Dio.netty.leakDetection.level: simple
[04Sep2026 01:47:15.317] [main/DEBUG] [io.netty.util.ResourceLeakDetector/]: -Dio.netty.leakDetection.targetRecords: 4
[04Sep2026 01:47:15.323] [main/INFO] [MixinExtras|Service/]: Initializing MixinExtras via com.llamalad7.mixinextras.service.MixinExtrasServiceImpl(version=0.5.3).
[04Sep2026 01:47:15.324] [main/DEBUG] [mixin/]: Registering new injector for @SugarWrapper with com.llamalad7.mixinextras.sugar.impl.SugarWrapperInjectionInfo
[04Sep2026 01:47:15.325] [main/DEBUG] [mixin/]: Registering new injector for @FactoryRedirectWrapper with com.llamalad7.mixinextras.wrapper.factory.FactoryRedirectWrapperInjectionInfo
[04Sep2026 01:47:15.325] [main/DEBUG] [mixin/]: Registering new injector for @ExpressionInjectorWrapper with com.llamalad7.mixinextras.expression.impl.wrapper.ExpressionInjectorWrapperInjectionInfo
[04Sep2026 01:47:15.333] [main/DEBUG] [mixin/]: Mixing MixinTranslatableContents from mca.mixins.json into net.minecraft.network.chat.contents.TranslatableContents
[04Sep2026 01:47:15.334] [main/DEBUG] [mixin/]: mca.mixins.json:MixinTranslatableContents from mod mca: Class version 65 required is higher than the class version supported by the current version of Mixin (JAVA_17 supports class version 61)
[04Sep2026 01:47:15.361] [main/DEBUG] [mixin/]: mca.mixins.json:MixinTranslatableContents from mod mca->@Inject::mca$updateTranslations(Lorg/spongepowered/asm/mixin/injection/callback/CallbackInfo;)V doesn't use it's CallbackInfo
[04Sep2026 01:47:15.361] [main/DEBUG] [mixin/]: mca.mixins.json:MixinTranslatableContents from mod mca->@Inject::mca$updateTranslations(Lorg/spongepowered/asm/mixin/injection/callback/CallbackInfo;)V has 0 override(s) in child classes
[04Sep2026 01:47:15.361] [main/DEBUG] [mixin/]: mca.mixins.json:MixinTranslatableContents from mod mca->@Inject::mca$updateTranslations(Lorg/spongepowered/asm/mixin/injection/callback/CallbackInfo;)V won't be passed a CallbackInfo as a result
[04Sep2026 01:47:15.401] [main/DEBUG] [mixin/]: Mixing perf.tag_id_caching.TagOrElementLocationMixin from modernfix-modernfix.mixins.json into net.minecraft.util.ExtraCodecs$TagOrElementLocation
[04Sep2026 01:47:15.425] [main/DEBUG] [mixin/]: Mixing ComponentSerializationMixin from creativecore.mixins.json into net.minecraft.network.chat.ComponentSerialization
[04Sep2026 01:47:15.485] [main/DEBUG] [oshi.util.FileUtil/]: No oshi.properties file found from ClassLoader cpw.mods.modlauncher.TransformingClassLoader@3cd59ef5
[04Sep2026 01:47:15.485] [main/DEBUG] [oshi.util.FileUtil/]: No oshi.properties file found from ClassLoader jdk.internal.loader.ClassLoaders$AppClassLoader@378fd1ac
[04Sep2026 01:47:15.516] [main/DEBUG] [oshi.util.FileUtil/]: Reading file /proc/self/auxv
[04Sep2026 01:47:15.516] [main/DEBUG] [oshi.util.FileUtil/]: Reading file /proc/self/auxv
[04Sep2026 01:47:15.518] [main/DEBUG] [oshi.util.FileUtil/]: Reading file /proc/stat
[04Sep2026 01:47:15.521] [main/DEBUG] [oshi.util.FileUtil/]: Reading file /sys/devices/system/cpu/cpu0/topology/core_id
[04Sep2026 01:47:15.521] [main/DEBUG] [oshi.util.FileUtil/]: Reading file /sys/devices/system/cpu/cpu0/topology/core_id
[04Sep2026 01:47:15.522] [main/DEBUG] [oshi.util.FileUtil/]: Reading file /sys/devices/system/cpu/cpu0/topology/physical_package_id
[04Sep2026 01:47:15.522] [main/DEBUG] [oshi.util.FileUtil/]: Reading file /sys/devices/system/cpu/cpu0/topology/physical_package_id
[04Sep2026 01:47:15.522] [main/DEBUG] [oshi.util.FileUtil/]: Reading file /sys/devices/system/cpu/cpu0/cpu_capacity
[04Sep2026 01:47:15.523] [main/DEBUG] [oshi.util.FileUtil/]: Reading file /sys/devices/system/cpu/cpu0/cache/index2/level
[04Sep2026 01:47:15.523] [main/DEBUG] [oshi.util.FileUtil/]: Reading file /sys/devices/system/cpu/cpu0/cache/index2/level
[04Sep2026 01:47:15.523] [main/DEBUG] [oshi.util.FileUtil/]: Reading file /sys/devices/system/cpu/cpu0/cache/index2/type
[04Sep2026 01:47:15.523] [main/DEBUG] [oshi.util.FileUtil/]: Reading file /sys/devices/system/cpu/cpu0/cache/index2/type
[04Sep2026 01:47:15.523] [main/DEBUG] [oshi.util.FileUtil/]: Reading file /sys/devices/system/cpu/cpu0/cache/index2/ways_of_associativity
[04Sep2026 01:47:15.523] [main/DEBUG] [oshi.util.FileUtil/]: Reading file /sys/devices/system/cpu/cpu0/cache/index2/ways_of_associativity
[04Sep2026 01:47:15.523] [main/DEBUG] [oshi.util.FileUtil/]: Reading file /sys/devices/system/cpu/cpu0/cache/index2/coherency_line_size
[04Sep2026 01:47:15.523] [main/DEBUG] [oshi.util.FileUtil/]: Reading file /sys/devices/system/cpu/cpu0/cache/index2/coherency_line_size
[04Sep2026 01:47:15.523] [main/DEBUG] [oshi.util.FileUtil/]: Reading file /sys/devices/system/cpu/cpu0/cache/index2/size
[04Sep2026 01:47:15.523] [main/DEBUG] [oshi.util.FileUtil/]: Reading file /sys/devices/system/cpu/cpu0/cache/index2/size
[04Sep2026 01:47:15.524] [main/DEBUG] [oshi.util.FileUtil/]: Reading file /sys/devices/system/cpu/cpu0/cache/index0/level
[04Sep2026 01:47:15.524] [main/DEBUG] [oshi.util.FileUtil/]: Reading file /sys/devices/system/cpu/cpu0/cache/index0/level
[04Sep2026 01:47:15.524] [main/DEBUG] [oshi.util.FileUtil/]: Reading file /sys/devices/system/cpu/cpu0/cache/index0/type
[04Sep2026 01:47:15.524] [main/DEBUG] [oshi.util.FileUtil/]: Reading file /sys/devices/system/cpu/cpu0/cache/index0/type
[04Sep2026 01:47:15.524] [main/DEBUG] [oshi.util.FileUtil/]: Reading file /sys/devices/system/cpu/cpu0/cache/index0/ways_of_associativity
[04Sep2026 01:47:15.524] [main/DEBUG] [oshi.util.FileUtil/]: Reading file /sys/devices/system/cpu/cpu0/cache/index0/ways_of_associativity
[04Sep2026 01:47:15.524] [main/DEBUG] [oshi.util.FileUtil/]: Reading file /sys/devices/system/cpu/cpu0/cache/index0/coherency_line_size
[04Sep2026 01:47:15.524] [main/DEBUG] [oshi.util.FileUtil/]: Reading file /sys/devices/system/cpu/cpu0/cache/index0/coherency_line_size
[04Sep2026 01:47:15.524] [main/DEBUG] [oshi.util.FileUtil/]: Reading file /sys/devices/system/cpu/cpu0/cache/index0/size
[04Sep2026 01:47:15.524] [main/DEBUG] [oshi.util.FileUtil/]: Reading file /sys/devices/system/cpu/cpu0/cache/index0/size
[04Sep2026 01:47:15.524] [main/DEBUG] [oshi.util.FileUtil/]: Reading file /sys/devices/system/cpu/cpu0/cache/index3/level
[04Sep2026 01:47:15.524] [main/DEBUG] [oshi.util.FileUtil/]: Reading file /sys/devices/system/cpu/cpu0/cache/index3/level
[04Sep2026 01:47:15.524] [main/DEBUG] [oshi.util.FileUtil/]: Reading file /sys/devices/system/cpu/cpu0/cache/index3/type
[04Sep2026 01:47:15.524] [main/DEBUG] [oshi.util.FileUtil/]: Reading file /sys/devices/system/cpu/cpu0/cache/index3/type
[04Sep2026 01:47:15.524] [main/DEBUG] [oshi.util.FileUtil/]: Reading file /sys/devices/system/cpu/cpu0/cache/index3/ways_of_associativity
[04Sep2026 01:47:15.524] [main/DEBUG] [oshi.util.FileUtil/]: Reading file /sys/devices/system/cpu/cpu0/cache/index3/ways_of_associativity
[04Sep2026 01:47:15.524] [main/DEBUG] [oshi.util.FileUtil/]: Reading file /sys/devices/system/cpu/cpu0/cache/index3/coherency_line_size
[04Sep2026 01:47:15.524] [main/DEBUG] [oshi.util.FileUtil/]: Reading file /sys/devices/system/cpu/cpu0/cache/index3/coherency_line_size
[04Sep2026 01:47:15.525] [main/DEBUG] [oshi.util.FileUtil/]: Reading file /sys/devices/system/cpu/cpu0/cache/index3/size
[04Sep2026 01:47:15.525] [main/DEBUG] [oshi.util.FileUtil/]: Reading file /sys/devices/system/cpu/cpu0/cache/index3/size
[04Sep2026 01:47:15.525] [main/DEBUG] [oshi.util.FileUtil/]: Reading file /sys/devices/system/cpu/cpu0/cache/index1/level
[04Sep2026 01:47:15.525] [main/DEBUG] [oshi.util.FileUtil/]: Reading file /sys/devices/system/cpu/cpu0/cache/index1/level
[04Sep2026 01:47:15.525] [main/DEBUG] [oshi.util.FileUtil/]: Reading file /sys/devices/system/cpu/cpu0/cache/index1/type
[04Sep2026 01:47:15.525] [main/DEBUG] [oshi.util.FileUtil/]: Reading file /sys/devices/system/cpu/cpu0/cache/index1/type
[04Sep2026 01:47:15.525] [main/DEBUG] [oshi.util.FileUtil/]: Reading file /sys/devices/system/cpu/cpu0/cache/index1/ways_of_associativity
[04Sep2026 01:47:15.525] [main/DEBUG] [oshi.util.FileUtil/]: Reading file /sys/devices/system/cpu/cpu0/cache/index1/ways_of_associativity
[04Sep2026 01:47:15.525] [main/DEBUG] [oshi.util.FileUtil/]: Reading file /sys/devices/system/cpu/cpu0/cache/index1/coherency_line_size
[04Sep2026 01:47:15.525] [main/DEBUG] [oshi.util.FileUtil/]: Reading file /sys/devices/system/cpu/cpu0/cache/index1/coherency_line_size
[04Sep2026 01:47:15.525] [main/DEBUG] [oshi.util.FileUtil/]: Reading file /sys/devices/system/cpu/cpu0/cache/index1/size
[04Sep2026 01:47:15.525] [main/DEBUG] [oshi.util.FileUtil/]: Reading file /sys/devices/system/cpu/cpu0/cache/index1/size
[04Sep2026 01:47:15.526] [main/DEBUG] [oshi.util.FileUtil/]: Reading file /sys/devices/system/cpu/cpu1/topology/core_id
[04Sep2026 01:47:15.526] [main/DEBUG] [oshi.util.FileUtil/]: Reading file /sys/devices/system/cpu/cpu1/topology/core_id
[04Sep2026 01:47:15.526] [main/DEBUG] [oshi.util.FileUtil/]: Reading file /sys/devices/system/cpu/cpu1/topology/physical_package_id
[04Sep2026 01:47:15.526] [main/DEBUG] [oshi.util.FileUtil/]: Reading file /sys/devices/system/cpu/cpu1/topology/physical_package_id
[04Sep2026 01:47:15.526] [main/DEBUG] [oshi.util.FileUtil/]: Reading file /sys/devices/system/cpu/cpu1/cpu_capacity
[04Sep2026 01:47:15.526] [main/DEBUG] [oshi.util.FileUtil/]: Reading file /sys/devices/system/cpu/cpu1/cache/index2/level
[04Sep2026 01:47:15.526] [main/DEBUG] [oshi.util.FileUtil/]: Reading file /sys/devices/system/cpu/cpu1/cache/index2/level
[04Sep2026 01:47:15.526] [main/DEBUG] [oshi.util.FileUtil/]: Reading file /sys/devices/system/cpu/cpu1/cache/index2/type
[04Sep2026 01:47:15.526] [main/DEBUG] [oshi.util.FileUtil/]: Reading file /sys/devices/system/cpu/cpu1/cache/index2/type
[04Sep2026 01:47:15.526] [main/DEBUG] [oshi.util.FileUtil/]: Reading file /sys/devices/system/cpu/cpu1/cache/index2/ways_of_associativity
[04Sep2026 01:47:15.526] [main/DEBUG] [oshi.util.FileUtil/]: Reading file /sys/devices/system/cpu/cpu1/cache/index2/ways_of_associativity
[04Sep2026 01:47:15.526] [main/DEBUG] [oshi.util.FileUtil/]: Reading file /sys/devices/system/cpu/cpu1/cache/index2/coherency_line_size
[04Sep2026 01:47:15.526] [main/DEBUG] [oshi.util.FileUtil/]: Reading file /sys/devices/system/cpu/cpu1/cache/index2/coherency_line_size
[04Sep2026 01:47:15.526] [main/DEBUG] [oshi.util.FileUtil/]: Reading file /sys/devices/system/cpu/cpu1/cache/index2/size
[04Sep2026 01:47:15.526] [main/DEBUG] [oshi.util.FileUtil/]: Reading file /sys/devices/system/cpu/cpu1/cache/index2/size
[04Sep2026 01:47:15.526] [main/DEBUG] [oshi.util.FileUtil/]: Reading file /sys/devices/system/cpu/cpu1/cache/index0/level
[04Sep2026 01:47:15.526] [main/DEBUG] [oshi.util.FileUtil/]: Reading file /sys/devices/system/cpu/cpu1/cache/index0/level
[04Sep2026 01:47:15.526] [main/DEBUG] [oshi.util.FileUtil/]: Reading file /sys/devices/system/cpu/cpu1/cache/index0/type
[04Sep2026 01:47:15.526] [main/DEBUG] [oshi.util.FileUtil/]: Reading file /sys/devices/system/cpu/cpu1/cache/index0/type
[04Sep2026 01:47:15.527] [main/DEBUG] [oshi.util.FileUtil/]: Reading file /sys/devices/system/cpu/cpu1/cache/index0/ways_of_associativity
[04Sep2026 01:47:15.527] [main/DEBUG] [oshi.util.FileUtil/]: Reading file /sys/devices/system/cpu/cpu1/cache/index0/ways_of_associativity
[04Sep2026 01:47:15.527] [main/DEBUG] [oshi.util.FileUtil/]: Reading file /sys/devices/system/cpu/cpu1/cache/index0/coherency_line_size
[04Sep2026 01:47:15.527] [main/DEBUG] [oshi.util.FileUtil/]: Reading file /sys/devices/system/cpu/cpu1/cache/index0/coherency_line_size
[04Sep2026 01:47:15.527] [main/DEBUG] [oshi.util.FileUtil/]: Reading file /sys/devices/system/cpu/cpu1/cache/index0/size
[04Sep2026 01:47:15.527] [main/DEBUG] [oshi.util.FileUtil/]: Reading file /sys/devices/system/cpu/cpu1/cache/index0/size
[04Sep2026 01:47:15.527] [main/DEBUG] [oshi.util.FileUtil/]: Reading file /sys/devices/system/cpu/cpu1/cache/index3/level
[04Sep2026 01:47:15.527] [main/DEBUG] [oshi.util.FileUtil/]: Reading file /sys/devices/system/cpu/cpu1/cache/index3/level
[04Sep2026 01:47:15.527] [main/DEBUG] [oshi.util.FileUtil/]: Reading file /sys/devices/system/cpu/cpu1/cache/index3/type
[04Sep2026 01:47:15.527] [main/DEBUG] [oshi.util.FileUtil/]: Reading file /sys/devices/system/cpu/cpu1/cache/index3/type
[04Sep2026 01:47:15.527] [main/DEBUG] [oshi.util.FileUtil/]: Reading file /sys/devices/system/cpu/cpu1/cache/index3/ways_of_associativity
[04Sep2026 01:47:15.527] [main/DEBUG] [oshi.util.FileUtil/]: Reading file /sys/devices/system/cpu/cpu1/cache/index3/ways_of_associativity
[04Sep2026 01:47:15.527] [main/DEBUG] [oshi.util.FileUtil/]: Reading file /sys/devices/system/cpu/cpu1/cache/index3/coherency_line_size
[04Sep2026 01:47:15.527] [main/DEBUG] [oshi.util.FileUtil/]: Reading file /sys/devices/system/cpu/cpu1/cache/index3/coherency_line_size
[04Sep2026 01:47:15.527] [main/DEBUG] [oshi.util.FileUtil/]: Reading file /sys/devices/system/cpu/cpu1/cache/index3/size
[04Sep2026 01:47:15.527] [main/DEBUG] [oshi.util.FileUtil/]: Reading file /sys/devices/system/cpu/cpu1/cache/index3/size
[04Sep2026 01:47:15.527] [main/DEBUG] [oshi.util.FileUtil/]: Reading file /sys/devices/system/cpu/cpu1/cache/index1/level
[04Sep2026 01:47:15.527] [main/DEBUG] [oshi.util.FileUtil/]: Reading file /sys/devices/system/cpu/cpu1/cache/index1/level
[04Sep2026 01:47:15.527] [main/DEBUG] [oshi.util.FileUtil/]: Reading file /sys/devices/system/cpu/cpu1/cache/index1/type
[04Sep2026 01:47:15.527] [main/DEBUG] [oshi.util.FileUtil/]: Reading file /sys/devices/system/cpu/cpu1/cache/index1/type
[04Sep2026 01:47:15.527] [main/DEBUG] [oshi.util.FileUtil/]: Reading file /sys/devices/system/cpu/cpu1/cache/index1/ways_of_associativity
[04Sep2026 01:47:15.527] [main/DEBUG] [oshi.util.FileUtil/]: Reading file /sys/devices/system/cpu/cpu1/cache/index1/ways_of_associativity
[04Sep2026 01:47:15.527] [main/DEBUG] [oshi.util.FileUtil/]: Reading file /sys/devices/system/cpu/cpu1/cache/index1/coherency_line_size
[04Sep2026 01:47:15.527] [main/DEBUG] [oshi.util.FileUtil/]: Reading file /sys/devices/system/cpu/cpu1/cache/index1/coherency_line_size
[04Sep2026 01:47:15.527] [main/DEBUG] [oshi.util.FileUtil/]: Reading file /sys/devices/system/cpu/cpu1/cache/index1/size
[04Sep2026 01:47:15.527] [main/DEBUG] [oshi.util.FileUtil/]: Reading file /sys/devices/system/cpu/cpu1/cache/index1/size
[04Sep2026 01:47:15.528] [main/DEBUG] [oshi.util.FileUtil/]: Reading file /sys/devices/system/cpu/cpu2/topology/core_id
[04Sep2026 01:47:15.528] [main/DEBUG] [oshi.util.FileUtil/]: Reading file /sys/devices/system/cpu/cpu2/topology/core_id
[04Sep2026 01:47:15.528] [main/DEBUG] [oshi.util.FileUtil/]: Reading file /sys/devices/system/cpu/cpu2/topology/physical_package_id
[04Sep2026 01:47:15.528] [main/DEBUG] [oshi.util.FileUtil/]: Reading file /sys/devices/system/cpu/cpu2/topology/physical_package_id
[04Sep2026 01:47:15.528] [main/DEBUG] [oshi.util.FileUtil/]: Reading file /sys/devices/system/cpu/cpu2/cpu_capacity
[04Sep2026 01:47:15.528] [main/DEBUG] [oshi.util.FileUtil/]: Reading file /sys/devices/system/cpu/cpu2/cache/index2/level
[04Sep2026 01:47:15.528] [main/DEBUG] [oshi.util.FileUtil/]: Reading file /sys/devices/system/cpu/cpu2/cache/index2/level
[04Sep2026 01:47:15.528] [main/DEBUG] [oshi.util.FileUtil/]: Reading file /sys/devices/system/cpu/cpu2/cache/index2/type
[04Sep2026 01:47:15.528] [main/DEBUG] [oshi.util.FileUtil/]: Reading file /sys/devices/system/cpu/cpu2/cache/index2/type
[04Sep2026 01:47:15.528] [main/DEBUG] [oshi.util.FileUtil/]: Reading file /sys/devices/system/cpu/cpu2/cache/index2/ways_of_associativity
[04Sep2026 01:47:15.528] [main/DEBUG] [oshi.util.FileUtil/]: Reading file /sys/devices/system/cpu/cpu2/cache/index2/ways_of_associativity
[04Sep2026 01:47:15.528] [main/DEBUG] [oshi.util.FileUtil/]: Reading file /sys/devices/system/cpu/cpu2/cache/index2/coherency_line_size
[04Sep2026 01:47:15.528] [main/DEBUG] [oshi.util.FileUtil/]: Reading file /sys/devices/system/cpu/cpu2/cache/index2/coherency_line_size
[04Sep2026 01:47:15.528] [main/DEBUG] [oshi.util.FileUtil/]: Reading file /sys/devices/system/cpu/cpu2/cache/index2/size
[04Sep2026 01:47:15.528] [main/DEBUG] [oshi.util.FileUtil/]: Reading file /sys/devices/system/cpu/cpu2/cache/index2/size
[04Sep2026 01:47:15.528] [main/DEBUG] [oshi.util.FileUtil/]: Reading file /sys/devices/system/cpu/cpu2/cache/index0/level
[04Sep2026 01:47:15.528] [main/DEBUG] [oshi.util.FileUtil/]: Reading file /sys/devices/system/cpu/cpu2/cache/index0/level
[04Sep2026 01:47:15.528] [main/DEBUG] [oshi.util.FileUtil/]: Reading file /sys/devices/system/cpu/cpu2/cache/index0/type
[04Sep2026 01:47:15.529] [main/DEBUG] [oshi.util.FileUtil/]: Reading file /sys/devices/system/cpu/cpu2/cache/index0/type
[04Sep2026 01:47:15.529] [main/DEBUG] [oshi.util.FileUtil/]: Reading file /sys/devices/system/cpu/cpu2/cache/index0/ways_of_associativity
[04Sep2026 01:47:15.529] [main/DEBUG] [oshi.util.FileUtil/]: Reading file /sys/devices/system/cpu/cpu2/cache/index0/ways_of_associativity
[04Sep2026 01:47:15.529] [main/DEBUG] [oshi.util.FileUtil/]: Reading file /sys/devices/system/cpu/cpu2/cache/index0/coherency_line_size
[04Sep2026 01:47:15.529] [main/DEBUG] [oshi.util.FileUtil/]: Reading file /sys/devices/system/cpu/cpu2/cache/index0/coherency_line_size
[04Sep2026 01:47:15.529] [main/DEBUG] [oshi.util.FileUtil/]: Reading file /sys/devices/system/cpu/cpu2/cache/index0/size
[04Sep2026 01:47:15.529] [main/DEBUG] [oshi.util.FileUtil/]: Reading file /sys/devices/system/cpu/cpu2/cache/index0/size
[04Sep2026 01:47:15.529] [main/DEBUG] [oshi.util.FileUtil/]: Reading file /sys/devices/system/cpu/cpu2/cache/index3/level
[04Sep2026 01:47:15.529] [main/DEBUG] [oshi.util.FileUtil/]: Reading file /sys/devices/system/cpu/cpu2/cache/index3/level
[04Sep2026 01:47:15.529] [main/DEBUG] [oshi.util.FileUtil/]: Reading file /sys/devices/system/cpu/cpu2/cache/index3/type
[04Sep2026 01:47:15.529] [main/DEBUG] [oshi.util.FileUtil/]: Reading file /sys/devices/system/cpu/cpu2/cache/index3/type
[04Sep2026 01:47:15.529] [main/DEBUG] [oshi.util.FileUtil/]: Reading file /sys/devices/system/cpu/cpu2/cache/index3/ways_of_associativity
[04Sep2026 01:47:15.529] [main/DEBUG] [oshi.util.FileUtil/]: Reading file /sys/devices/system/cpu/cpu2/cache/index3/ways_of_associativity
[04Sep2026 01:47:15.529] [main/DEBUG] [oshi.util.FileUtil/]: Reading file /sys/devices/system/cpu/cpu2/cache/index3/coherency_line_size
[04Sep2026 01:47:15.529] [main/DEBUG] [oshi.util.FileUtil/]: Reading file /sys/devices/system/cpu/cpu2/cache/index3/coherency_line_size
[04Sep2026 01:47:15.529] [main/DEBUG] [oshi.util.FileUtil/]: Reading file /sys/devices/system/cpu/cpu2/cache/index3/size
[04Sep2026 01:47:15.529] [main/DEBUG] [oshi.util.FileUtil/]: Reading file /sys/devices/system/cpu/cpu2/cache/index3/size
[04Sep2026 01:47:15.529] [main/DEBUG] [oshi.util.FileUtil/]: Reading file /sys/devices/system/cpu/cpu2/cache/index1/level
[04Sep2026 01:47:15.529] [main/DEBUG] [oshi.util.FileUtil/]: Reading file /sys/devices/system/cpu/cpu2/cache/index1/level
[04Sep2026 01:47:15.529] [main/DEBUG] [oshi.util.FileUtil/]: Reading file /sys/devices/system/cpu/cpu2/cache/index1/type
[04Sep2026 01:47:15.529] [main/DEBUG] [oshi.util.FileUtil/]: Reading file /sys/devices/system/cpu/cpu2/cache/index1/type
[04Sep2026 01:47:15.529] [main/DEBUG] [oshi.util.FileUtil/]: Reading file /sys/devices/system/cpu/cpu2/cache/index1/ways_of_associativity
[04Sep2026 01:47:15.529] [main/DEBUG] [oshi.util.FileUtil/]: Reading file /sys/devices/system/cpu/cpu2/cache/index1/ways_of_associativity
[04Sep2026 01:47:15.529] [main/DEBUG] [oshi.util.FileUtil/]: Reading file /sys/devices/system/cpu/cpu2/cache/index1/coherency_line_size
[04Sep2026 01:47:15.529] [main/DEBUG] [oshi.util.FileUtil/]: Reading file /sys/devices/system/cpu/cpu2/cache/index1/coherency_line_size
[04Sep2026 01:47:15.529] [main/DEBUG] [oshi.util.FileUtil/]: Reading file /sys/devices/system/cpu/cpu2/cache/index1/size
[04Sep2026 01:47:15.529] [main/DEBUG] [oshi.util.FileUtil/]: Reading file /sys/devices/system/cpu/cpu2/cache/index1/size
[04Sep2026 01:47:15.530] [main/DEBUG] [oshi.util.FileUtil/]: Reading file /sys/devices/system/cpu/cpu3/topology/core_id
[04Sep2026 01:47:15.530] [main/DEBUG] [oshi.util.FileUtil/]: Reading file /sys/devices/system/cpu/cpu3/topology/core_id
[04Sep2026 01:47:15.530] [main/DEBUG] [oshi.util.FileUtil/]: Reading file /sys/devices/system/cpu/cpu3/topology/physical_package_id
[04Sep2026 01:47:15.530] [main/DEBUG] [oshi.util.FileUtil/]: Reading file /sys/devices/system/cpu/cpu3/topology/physical_package_id
[04Sep2026 01:47:15.530] [main/DEBUG] [oshi.util.FileUtil/]: Reading file /sys/devices/system/cpu/cpu3/cpu_capacity
[04Sep2026 01:47:15.530] [main/DEBUG] [oshi.util.FileUtil/]: Reading file /sys/devices/system/cpu/cpu3/cache/index2/level
[04Sep2026 01:47:15.530] [main/DEBUG] [oshi.util.FileUtil/]: Reading file /sys/devices/system/cpu/cpu3/cache/index2/level
[04Sep2026 01:47:15.530] [main/DEBUG] [oshi.util.FileUtil/]: Reading file /sys/devices/system/cpu/cpu3/cache/index2/type
[04Sep2026 01:47:15.530] [main/DEBUG] [oshi.util.FileUtil/]: Reading file /sys/devices/system/cpu/cpu3/cache/index2/type
[04Sep2026 01:47:15.530] [main/DEBUG] [oshi.util.FileUtil/]: Reading file /sys/devices/system/cpu/cpu3/cache/index2/ways_of_associativity
[04Sep2026 01:47:15.530] [main/DEBUG] [oshi.util.FileUtil/]: Reading file /sys/devices/system/cpu/cpu3/cache/index2/ways_of_associativity
[04Sep2026 01:47:15.530] [main/DEBUG] [oshi.util.FileUtil/]: Reading file /sys/devices/system/cpu/cpu3/cache/index2/coherency_line_size
[04Sep2026 01:47:15.530] [main/DEBUG] [oshi.util.FileUtil/]: Reading file /sys/devices/system/cpu/cpu3/cache/index2/coherency_line_size
[04Sep2026 01:47:15.530] [main/DEBUG] [oshi.util.FileUtil/]: Reading file /sys/devices/system/cpu/cpu3/cache/index2/size
[04Sep2026 01:47:15.530] [main/DEBUG] [oshi.util.FileUtil/]: Reading file /sys/devices/system/cpu/cpu3/cache/index2/size
[04Sep2026 01:47:15.530] [main/DEBUG] [oshi.util.FileUtil/]: Reading file /sys/devices/system/cpu/cpu3/cache/index0/level
[04Sep2026 01:47:15.530] [main/DEBUG] [oshi.util.FileUtil/]: Reading file /sys/devices/system/cpu/cpu3/cache/index0/level
[04Sep2026 01:47:15.530] [main/DEBUG] [oshi.util.FileUtil/]: Reading file /sys/devices/system/cpu/cpu3/cache/index0/type
[04Sep2026 01:47:15.530] [main/DEBUG] [oshi.util.FileUtil/]: Reading file /sys/devices/system/cpu/cpu3/cache/index0/type
[04Sep2026 01:47:15.531] [main/DEBUG] [oshi.util.FileUtil/]: Reading file /sys/devices/system/cpu/cpu3/cache/index0/ways_of_associativity
[04Sep2026 01:47:15.531] [main/DEBUG] [oshi.util.FileUtil/]: Reading file /sys/devices/system/cpu/cpu3/cache/index0/ways_of_associativity
[04Sep2026 01:47:15.531] [main/DEBUG] [oshi.util.FileUtil/]: Reading file /sys/devices/system/cpu/cpu3/cache/index0/coherency_line_size
[04Sep2026 01:47:15.531] [main/DEBUG] [oshi.util.FileUtil/]: Reading file /sys/devices/system/cpu/cpu3/cache/index0/coherency_line_size
[04Sep2026 01:47:15.531] [main/DEBUG] [oshi.util.FileUtil/]: Reading file /sys/devices/system/cpu/cpu3/cache/index0/size
[04Sep2026 01:47:15.531] [main/DEBUG] [oshi.util.FileUtil/]: Reading file /sys/devices/system/cpu/cpu3/cache/index0/size
[04Sep2026 01:47:15.531] [main/DEBUG] [oshi.util.FileUtil/]: Reading file /sys/devices/system/cpu/cpu3/cache/index3/level
[04Sep2026 01:47:15.531] [main/DEBUG] [oshi.util.FileUtil/]: Reading file /sys/devices/system/cpu/cpu3/cache/index3/level
[04Sep2026 01:47:15.531] [main/DEBUG] [oshi.util.FileUtil/]: Reading file /sys/devices/system/cpu/cpu3/cache/index3/type
[04Sep2026 01:47:15.531] [main/DEBUG] [oshi.util.FileUtil/]: Reading file /sys/devices/system/cpu/cpu3/cache/index3/type
[04Sep2026 01:47:15.531] [main/DEBUG] [oshi.util.FileUtil/]: Reading file /sys/devices/system/cpu/cpu3/cache/index3/ways_of_associativity
[04Sep2026 01:47:15.531] [main/DEBUG] [oshi.util.FileUtil/]: Reading file /sys/devices/system/cpu/cpu3/cache/index3/ways_of_associativity
[04Sep2026 01:47:15.531] [main/DEBUG] [oshi.util.FileUtil/]: Reading file /sys/devices/system/cpu/cpu3/cache/index3/coherency_line_size
[04Sep2026 01:47:15.531] [main/DEBUG] [oshi.util.FileUtil/]: Reading file /sys/devices/system/cpu/cpu3/cache/index3/coherency_line_size
[04Sep2026 01:47:15.531] [main/DEBUG] [oshi.util.FileUtil/]: Reading file /sys/devices/system/cpu/cpu3/cache/index3/size
[04Sep2026 01:47:15.531] [main/DEBUG] [oshi.util.FileUtil/]: Reading file /sys/devices/system/cpu/cpu3/cache/index3/size
[04Sep2026 01:47:15.531] [main/DEBUG] [oshi.util.FileUtil/]: Reading file /sys/devices/system/cpu/cpu3/cache/index1/level
[04Sep2026 01:47:15.531] [main/DEBUG] [oshi.util.FileUtil/]: Reading file /sys/devices/system/cpu/cpu3/cache/index1/level
[04Sep2026 01:47:15.531] [main/DEBUG] [oshi.util.FileUtil/]: Reading file /sys/devices/system/cpu/cpu3/cache/index1/type
[04Sep2026 01:47:15.531] [main/DEBUG] [oshi.util.FileUtil/]: Reading file /sys/devices/system/cpu/cpu3/cache/index1/type
[04Sep2026 01:47:15.531] [main/DEBUG] [oshi.util.FileUtil/]: Reading file /sys/devices/system/cpu/cpu3/cache/index1/ways_of_associativity
[04Sep2026 01:47:15.531] [main/DEBUG] [oshi.util.FileUtil/]: Reading file /sys/devices/system/cpu/cpu3/cache/index1/ways_of_associativity
[04Sep2026 01:47:15.531] [main/DEBUG] [oshi.util.FileUtil/]: Reading file /sys/devices/system/cpu/cpu3/cache/index1/coherency_line_size
[04Sep2026 01:47:15.531] [main/DEBUG] [oshi.util.FileUtil/]: Reading file /sys/devices/system/cpu/cpu3/cache/index1/coherency_line_size
[04Sep2026 01:47:15.531] [main/DEBUG] [oshi.util.FileUtil/]: Reading file /sys/devices/system/cpu/cpu3/cache/index1/size
[04Sep2026 01:47:15.531] [main/DEBUG] [oshi.util.FileUtil/]: Reading file /sys/devices/system/cpu/cpu3/cache/index1/size
[04Sep2026 01:47:15.532] [main/DEBUG] [oshi.util.FileUtil/]: Reading file /sys/devices/system/cpu/cpu4/topology/core_id
[04Sep2026 01:47:15.532] [main/DEBUG] [oshi.util.FileUtil/]: Reading file /sys/devices/system/cpu/cpu4/topology/core_id
[04Sep2026 01:47:15.532] [main/DEBUG] [oshi.util.FileUtil/]: Reading file /sys/devices/system/cpu/cpu4/topology/physical_package_id
[04Sep2026 01:47:15.532] [main/DEBUG] [oshi.util.FileUtil/]: Reading file /sys/devices/system/cpu/cpu4/topology/physical_package_id
[04Sep2026 01:47:15.532] [main/DEBUG] [oshi.util.FileUtil/]: Reading file /sys/devices/system/cpu/cpu4/cpu_capacity
[04Sep2026 01:47:15.532] [main/DEBUG] [oshi.util.FileUtil/]: Reading file /sys/devices/system/cpu/cpu4/cache/index2/level
[04Sep2026 01:47:15.532] [main/DEBUG] [oshi.util.FileUtil/]: Reading file /sys/devices/system/cpu/cpu4/cache/index2/level
[04Sep2026 01:47:15.532] [main/DEBUG] [oshi.util.FileUtil/]: Reading file /sys/devices/system/cpu/cpu4/cache/index2/type
[04Sep2026 01:47:15.532] [main/DEBUG] [oshi.util.FileUtil/]: Reading file /sys/devices/system/cpu/cpu4/cache/index2/type
[04Sep2026 01:47:15.532] [main/DEBUG] [oshi.util.FileUtil/]: Reading file /sys/devices/system/cpu/cpu4/cache/index2/ways_of_associativity
[04Sep2026 01:47:15.532] [main/DEBUG] [oshi.util.FileUtil/]: Reading file /sys/devices/system/cpu/cpu4/cache/index2/ways_of_associativity
[04Sep2026 01:47:15.532] [main/DEBUG] [oshi.util.FileUtil/]: Reading file /sys/devices/system/cpu/cpu4/cache/index2/coherency_line_size
[04Sep2026 01:47:15.532] [main/DEBUG] [oshi.util.FileUtil/]: Reading file /sys/devices/system/cpu/cpu4/cache/index2/coherency_line_size
[04Sep2026 01:47:15.532] [main/DEBUG] [oshi.util.FileUtil/]: Reading file /sys/devices/system/cpu/cpu4/cache/index2/size
[04Sep2026 01:47:15.532] [main/DEBUG] [oshi.util.FileUtil/]: Reading file /sys/devices/system/cpu/cpu4/cache/index2/size
[04Sep2026 01:47:15.532] [main/DEBUG] [oshi.util.FileUtil/]: Reading file /sys/devices/system/cpu/cpu4/cache/index0/level
[04Sep2026 01:47:15.532] [main/DEBUG] [oshi.util.FileUtil/]: Reading file /sys/devices/system/cpu/cpu4/cache/index0/level
[04Sep2026 01:47:15.532] [main/DEBUG] [oshi.util.FileUtil/]: Reading file /sys/devices/system/cpu/cpu4/cache/index0/type
[04Sep2026 01:47:15.532] [main/DEBUG] [oshi.util.FileUtil/]: Reading file /sys/devices/system/cpu/cpu4/cache/index0/type
[04Sep2026 01:47:15.533] [main/DEBUG] [oshi.util.FileUtil/]: Reading file /sys/devices/system/cpu/cpu4/cache/index0/ways_of_associativity
[04Sep2026 01:47:15.533] [main/DEBUG] [oshi.util.FileUtil/]: Reading file /sys/devices/system/cpu/cpu4/cache/index0/ways_of_associativity
[04Sep2026 01:47:15.533] [main/DEBUG] [oshi.util.FileUtil/]: Reading file /sys/devices/system/cpu/cpu4/cache/index0/coherency_line_size
[04Sep2026 01:47:15.533] [main/DEBUG] [oshi.util.FileUtil/]: Reading file /sys/devices/system/cpu/cpu4/cache/index0/coherency_line_size
[04Sep2026 01:47:15.533] [main/DEBUG] [oshi.util.FileUtil/]: Reading file /sys/devices/system/cpu/cpu4/cache/index0/size
[04Sep2026 01:47:15.533] [main/DEBUG] [oshi.util.FileUtil/]: Reading file /sys/devices/system/cpu/cpu4/cache/index0/size
[04Sep2026 01:47:15.533] [main/DEBUG] [oshi.util.FileUtil/]: Reading file /sys/devices/system/cpu/cpu4/cache/index3/level
[04Sep2026 01:47:15.533] [main/DEBUG] [oshi.util.FileUtil/]: Reading file /sys/devices/system/cpu/cpu4/cache/index3/level
[04Sep2026 01:47:15.533] [main/DEBUG] [oshi.util.FileUtil/]: Reading file /sys/devices/system/cpu/cpu4/cache/index3/type
[04Sep2026 01:47:15.533] [main/DEBUG] [oshi.util.FileUtil/]: Reading file /sys/devices/system/cpu/cpu4/cache/index3/type
[04Sep2026 01:47:15.533] [main/DEBUG] [oshi.util.FileUtil/]: Reading file /sys/devices/system/cpu/cpu4/cache/index3/ways_of_associativity
[04Sep2026 01:47:15.533] [main/DEBUG] [oshi.util.FileUtil/]: Reading file /sys/devices/system/cpu/cpu4/cache/index3/ways_of_associativity
[04Sep2026 01:47:15.533] [main/DEBUG] [oshi.util.FileUtil/]: Reading file /sys/devices/system/cpu/cpu4/cache/index3/coherency_line_size
[04Sep2026 01:47:15.533] [main/DEBUG] [oshi.util.FileUtil/]: Reading file /sys/devices/system/cpu/cpu4/cache/index3/coherency_line_size
[04Sep2026 01:47:15.533] [main/DEBUG] [oshi.util.FileUtil/]: Reading file /sys/devices/system/cpu/cpu4/cache/index3/size
[04Sep2026 01:47:15.533] [main/DEBUG] [oshi.util.FileUtil/]: Reading file /sys/devices/system/cpu/cpu4/cache/index3/size
[04Sep2026 01:47:15.533] [main/DEBUG] [oshi.util.FileUtil/]: Reading file /sys/devices/system/cpu/cpu4/cache/index1/level
[04Sep2026 01:47:15.533] [main/DEBUG] [oshi.util.FileUtil/]: Reading file /sys/devices/system/cpu/cpu4/cache/index1/level
[04Sep2026 01:47:15.533] [main/DEBUG] [oshi.util.FileUtil/]: Reading file /sys/devices/system/cpu/cpu4/cache/index1/type
[04Sep2026 01:47:15.533] [main/DEBUG] [oshi.util.FileUtil/]: Reading file /sys/devices/system/cpu/cpu4/cache/index1/type
[04Sep2026 01:47:15.533] [main/DEBUG] [oshi.util.FileUtil/]: Reading file /sys/devices/system/cpu/cpu4/cache/index1/ways_of_associativity
[04Sep2026 01:47:15.533] [main/DEBUG] [oshi.util.FileUtil/]: Reading file /sys/devices/system/cpu/cpu4/cache/index1/ways_of_associativity
[04Sep2026 01:47:15.533] [main/DEBUG] [oshi.util.FileUtil/]: Reading file /sys/devices/system/cpu/cpu4/cache/index1/coherency_line_size
[04Sep2026 01:47:15.533] [main/DEBUG] [oshi.util.FileUtil/]: Reading file /sys/devices/system/cpu/cpu4/cache/index1/coherency_line_size
[04Sep2026 01:47:15.533] [main/DEBUG] [oshi.util.FileUtil/]: Reading file /sys/devices/system/cpu/cpu4/cache/index1/size
[04Sep2026 01:47:15.533] [main/DEBUG] [oshi.util.FileUtil/]: Reading file /sys/devices/system/cpu/cpu4/cache/index1/size
[04Sep2026 01:47:15.534] [main/DEBUG] [oshi.util.FileUtil/]: Reading file /sys/devices/system/cpu/cpu5/topology/core_id
[04Sep2026 01:47:15.534] [main/DEBUG] [oshi.util.FileUtil/]: Reading file /sys/devices/system/cpu/cpu5/topology/core_id
[04Sep2026 01:47:15.534] [main/DEBUG] [oshi.util.FileUtil/]: Reading file /sys/devices/system/cpu/cpu5/topology/physical_package_id
[04Sep2026 01:47:15.534] [main/DEBUG] [oshi.util.FileUtil/]: Reading file /sys/devices/system/cpu/cpu5/topology/physical_package_id
[04Sep2026 01:47:15.534] [main/DEBUG] [oshi.util.FileUtil/]: Reading file /sys/devices/system/cpu/cpu5/cpu_capacity
[04Sep2026 01:47:15.534] [main/DEBUG] [oshi.util.FileUtil/]: Reading file /sys/devices/system/cpu/cpu5/cache/index2/level
[04Sep2026 01:47:15.534] [main/DEBUG] [oshi.util.FileUtil/]: Reading file /sys/devices/system/cpu/cpu5/cache/index2/level
[04Sep2026 01:47:15.534] [main/DEBUG] [oshi.util.FileUtil/]: Reading file /sys/devices/system/cpu/cpu5/cache/index2/type
[04Sep2026 01:47:15.534] [main/DEBUG] [oshi.util.FileUtil/]: Reading file /sys/devices/system/cpu/cpu5/cache/index2/type
[04Sep2026 01:47:15.534] [main/DEBUG] [oshi.util.FileUtil/]: Reading file /sys/devices/system/cpu/cpu5/cache/index2/ways_of_associativity
[04Sep2026 01:47:15.534] [main/DEBUG] [oshi.util.FileUtil/]: Reading file /sys/devices/system/cpu/cpu5/cache/index2/ways_of_associativity
[04Sep2026 01:47:15.534] [main/DEBUG] [oshi.util.FileUtil/]: Reading file /sys/devices/system/cpu/cpu5/cache/index2/coherency_line_size
[04Sep2026 01:47:15.534] [main/DEBUG] [oshi.util.FileUtil/]: Reading file /sys/devices/system/cpu/cpu5/cache/index2/coherency_line_size
[04Sep2026 01:47:15.534] [main/DEBUG] [oshi.util.FileUtil/]: Reading file /sys/devices/system/cpu/cpu5/cache/index2/size
[04Sep2026 01:47:15.534] [main/DEBUG] [oshi.util.FileUtil/]: Reading file /sys/devices/system/cpu/cpu5/cache/index2/size
[04Sep2026 01:47:15.534] [main/DEBUG] [oshi.util.FileUtil/]: Reading file /sys/devices/system/cpu/cpu5/cache/index0/level
[04Sep2026 01:47:15.534] [main/DEBUG] [oshi.util.FileUtil/]: Reading file /sys/devices/system/cpu/cpu5/cache/index0/level
[04Sep2026 01:47:15.534] [main/DEBUG] [oshi.util.FileUtil/]: Reading file /sys/devices/system/cpu/cpu5/cache/index0/type
[04Sep2026 01:47:15.535] [main/DEBUG] [oshi.util.FileUtil/]: Reading file /sys/devices/system/cpu/cpu5/cache/index0/type
[04Sep2026 01:47:15.535] [main/DEBUG] [oshi.util.FileUtil/]: Reading file /sys/devices/system/cpu/cpu5/cache/index0/ways_of_associativity
[04Sep2026 01:47:15.535] [main/DEBUG] [oshi.util.FileUtil/]: Reading file /sys/devices/system/cpu/cpu5/cache/index0/ways_of_associativity
[04Sep2026 01:47:15.535] [main/DEBUG] [oshi.util.FileUtil/]: Reading file /sys/devices/system/cpu/cpu5/cache/index0/coherency_line_size
[04Sep2026 01:47:15.535] [main/DEBUG] [oshi.util.FileUtil/]: Reading file /sys/devices/system/cpu/cpu5/cache/index0/coherency_line_size
[04Sep2026 01:47:15.535] [main/DEBUG] [oshi.util.FileUtil/]: Reading file /sys/devices/system/cpu/cpu5/cache/index0/size
[04Sep2026 01:47:15.535] [main/DEBUG] [oshi.util.FileUtil/]: Reading file /sys/devices/system/cpu/cpu5/cache/index0/size
[04Sep2026 01:47:15.535] [main/DEBUG] [oshi.util.FileUtil/]: Reading file /sys/devices/system/cpu/cpu5/cache/index3/level
[04Sep2026 01:47:15.535] [main/DEBUG] [oshi.util.FileUtil/]: Reading file /sys/devices/system/cpu/cpu5/cache/index3/level
[04Sep2026 01:47:15.535] [main/DEBUG] [oshi.util.FileUtil/]: Reading file /sys/devices/system/cpu/cpu5/cache/index3/type
[04Sep2026 01:47:15.535] [main/DEBUG] [oshi.util.FileUtil/]: Reading file /sys/devices/system/cpu/cpu5/cache/index3/type
[04Sep2026 01:47:15.535] [main/DEBUG] [oshi.util.FileUtil/]: Reading file /sys/devices/system/cpu/cpu5/cache/index3/ways_of_associativity
[04Sep2026 01:47:15.535] [main/DEBUG] [oshi.util.FileUtil/]: Reading file /sys/devices/system/cpu/cpu5/cache/index3/ways_of_associativity
[04Sep2026 01:47:15.535] [main/DEBUG] [oshi.util.FileUtil/]: Reading file /sys/devices/system/cpu/cpu5/cache/index3/coherency_line_size
[04Sep2026 01:47:15.535] [main/DEBUG] [oshi.util.FileUtil/]: Reading file /sys/devices/system/cpu/cpu5/cache/index3/coherency_line_size
[04Sep2026 01:47:15.535] [main/DEBUG] [oshi.util.FileUtil/]: Reading file /sys/devices/system/cpu/cpu5/cache/index3/size
[04Sep2026 01:47:15.535] [main/DEBUG] [oshi.util.FileUtil/]: Reading file /sys/devices/system/cpu/cpu5/cache/index3/size
[04Sep2026 01:47:15.535] [main/DEBUG] [oshi.util.FileUtil/]: Reading file /sys/devices/system/cpu/cpu5/cache/index1/level
[04Sep2026 01:47:15.535] [main/DEBUG] [oshi.util.FileUtil/]: Reading file /sys/devices/system/cpu/cpu5/cache/index1/level
[04Sep2026 01:47:15.535] [main/DEBUG] [oshi.util.FileUtil/]: Reading file /sys/devices/system/cpu/cpu5/cache/index1/type
[04Sep2026 01:47:15.535] [main/DEBUG] [oshi.util.FileUtil/]: Reading file /sys/devices/system/cpu/cpu5/cache/index1/type
[04Sep2026 01:47:15.535] [main/DEBUG] [oshi.util.FileUtil/]: Reading file /sys/devices/system/cpu/cpu5/cache/index1/ways_of_associativity
[04Sep2026 01:47:15.535] [main/DEBUG] [oshi.util.FileUtil/]: Reading file /sys/devices/system/cpu/cpu5/cache/index1/ways_of_associativity
[04Sep2026 01:47:15.535] [main/DEBUG] [oshi.util.FileUtil/]: Reading file /sys/devices/system/cpu/cpu5/cache/index1/coherency_line_size
[04Sep2026 01:47:15.535] [main/DEBUG] [oshi.util.FileUtil/]: Reading file /sys/devices/system/cpu/cpu5/cache/index1/coherency_line_size
[04Sep2026 01:47:15.535] [main/DEBUG] [oshi.util.FileUtil/]: Reading file /sys/devices/system/cpu/cpu5/cache/index1/size
[04Sep2026 01:47:15.535] [main/DEBUG] [oshi.util.FileUtil/]: Reading file /sys/devices/system/cpu/cpu5/cache/index1/size
[04Sep2026 01:47:15.537] [main/DEBUG] [oshi.util.FileUtil/]: Reading file /proc/cpuinfo
[04Sep2026 01:47:15.541] [main/DEBUG] [oshi.util.FileUtil/]: Reading file /proc/self/auxv
[04Sep2026 01:47:15.542] [main/DEBUG] [oshi.util.FileUtil/]: No oshi.architecture.properties file found from ClassLoader cpw.mods.modlauncher.TransformingClassLoader@3cd59ef5
[04Sep2026 01:47:15.542] [main/DEBUG] [oshi.util.FileUtil/]: No oshi.architecture.properties file found from ClassLoader jdk.internal.loader.ClassLoaders$AppClassLoader@378fd1ac
[04Sep2026 01:47:15.571] [main/DEBUG] [oshi.util.FileUtil/]: Reading file /proc/meminfo
[04Sep2026 01:47:15.571] [main/DEBUG] [oshi.util.FileUtil/]: Reading file /proc/meminfo
[04Sep2026 01:47:15.575] [main/DEBUG] [mixin/]: Mixing perf.thread_priorities.UtilMixin from modernfix-modernfix.mixins.json into net.minecraft.Util
[04Sep2026 01:47:15.575] [main/DEBUG] [mixin/]: Renaming synthetic method lambda$adjustPriorityOfThreadFactory$0(Ljava/util/concurrent/ForkJoinPool$ForkJoinWorkerThreadFactory;Ljava/util/concurrent/ForkJoinPool;)Ljava/util/concurrent/ForkJoinWorkerThread; to mddff919$modernfix$lambda$adjustPriorityOfThreadFactory$0$0 in modernfix-modernfix.mixins.json:perf.thread_priorities.UtilMixin from mod modernfix
[04Sep2026 01:47:15.611] [main/DEBUG] [mixin/]: Mixing feature.measure_time.BootstrapMixin from modernfix-modernfix.mixins.json into net.minecraft.server.Bootstrap
[04Sep2026 01:47:15.615] [main/DEBUG] [mixin/]: Mixing core.BootstrapMixin from modernfix-modernfix.mixins.json into net.minecraft.server.Bootstrap
[04Sep2026 01:47:15.630] [main/DEBUG] [mixin/]: modernfix-modernfix.mixins.json:feature.measure_time.BootstrapMixin from mod modernfix->@Inject::recordStartTime(Lorg/spongepowered/asm/mixin/injection/callback/CallbackInfo;)V doesn't use it's CallbackInfo
[04Sep2026 01:47:15.631] [main/DEBUG] [mixin/]: modernfix-modernfix.mixins.json:feature.measure_time.BootstrapMixin from mod modernfix->@Inject::printStartTime(Lorg/spongepowered/asm/mixin/injection/callback/CallbackInfo;)V doesn't use it's CallbackInfo
[04Sep2026 01:47:15.631] [main/DEBUG] [mixin/]: modernfix-modernfix.mixins.json:core.BootstrapMixin from mod modernfix->@Inject::doModernFixBootstrap(Lorg/spongepowered/asm/mixin/injection/callback/CallbackInfo;)V doesn't use it's CallbackInfo
[04Sep2026 01:47:15.633] [main/INFO] [net.minecraft.server.Bootstrap/]: ModernFix reached bootstrap stage (3.699 s after launch)
[04Sep2026 01:47:15.640] [main/DEBUG] [mixin/]: Mixing MappedRegistryAccessor from neoforge.mixins.json into net.minecraft.core.MappedRegistry
[04Sep2026 01:47:15.643] [main/DEBUG] [mixin/]: Mixing perf.compact_mojang_registries.MappedRegistryMixin from modernfix-modernfix.mixins.json into net.minecraft.core.MappedRegistry
[04Sep2026 01:47:15.654] [main/DEBUG] [mixin/]: modernfix-modernfix.mixins.json:perf.compact_mojang_registries.MappedRegistryMixin from mod modernfix->@Inject::replaceStorage(Lorg/spongepowered/asm/mixin/injection/callback/CallbackInfo;)V doesn't use it's CallbackInfo
[04Sep2026 01:47:15.654] [main/DEBUG] [mixin/]: modernfix-modernfix.mixins.json:perf.compact_mojang_registries.MappedRegistryMixin from mod modernfix->@Inject::replaceStorage(Lorg/spongepowered/asm/mixin/injection/callback/CallbackInfo;)V has 0 override(s) in child classes
[04Sep2026 01:47:15.654] [main/DEBUG] [mixin/]: modernfix-modernfix.mixins.json:perf.compact_mojang_registries.MappedRegistryMixin from mod modernfix->@Inject::replaceStorage(Lorg/spongepowered/asm/mixin/injection/callback/CallbackInfo;)V won't be passed a CallbackInfo as a result
[04Sep2026 01:47:15.689] [main/DEBUG] [mixin/]: Mixing perf.model_optimizations.PropertyMixin from modernfix-modernfix.mixins.json into net.minecraft.world.level.block.state.properties.Property
[04Sep2026 01:47:15.712] [main/DEBUG] [mixin/]: Mixing perf.memoize_creative_tab_build.CreativeModeTabMixin from modernfix-modernfix.mixins.json into net.minecraft.world.item.CreativeModeTab
[04Sep2026 01:47:15.731] [main/DEBUG] [mixin/]: Mixing perf.encoder_cache_leak.DataComponentsAccessor from modernfix-modernfix.mixins.json into net.minecraft.core.component.DataComponents
[04Sep2026 01:47:15.731] [main/DEBUG] [mixin/]: Renaming @Accessor method mfix$getCache()Lnet/minecraft/util/EncoderCache; to mfix$getCache$modernfix_$md$dff919$0 in modernfix-modernfix.mixins.json:perf.encoder_cache_leak.DataComponentsAccessor from mod modernfix
[04Sep2026 01:47:15.742] [main/DEBUG] [mixin/]: Mixing BlockBurningCache from touhou_little_maid.mixins.json into net.minecraft.world.level.block.Block
[04Sep2026 01:47:15.743] [main/DEBUG] [mixin/]: touhou_little_maid.mixins.json:BlockBurningCache from mod touhou_little_maid: Class version 65 required is higher than the class version supported by the current version of Mixin (JAVA_17 supports class version 61)
[04Sep2026 01:47:15.745] [main/DEBUG] [mixin/]: Mixing inject.MixinBlock from architectury-common.mixins.json into net.minecraft.world.level.block.Block
[04Sep2026 01:47:15.746] [main/DEBUG] [mixin/]: architectury-common.mixins.json:inject.MixinBlock from mod architectury: Class version 65 required is higher than the class version supported by the current version of Mixin (JAVA_16 supports class version 60)
[04Sep2026 01:47:15.752] [main/DEBUG] [mixin/]: Mixing common.block.MixinIBlockExtension from eclipticseasons.mixins.json into net.neoforged.neoforge.common.extensions.IBlockExtension
[04Sep2026 01:47:15.761] [main/DEBUG] [mixin/]: Mixing perf.reduce_blockstate_cache_rebuilds.BlockBehaviourInvoker from modernfix-modernfix.mixins.json into net.minecraft.world.level.block.state.BlockBehaviour
[04Sep2026 01:47:15.767] [main/DEBUG] [mixin/]: Mixing common.block.MixinBlockStateBase from eclipticseasons.mixins.json into net.minecraft.world.level.block.state.BlockBehaviour$BlockStateBase
[04Sep2026 01:47:15.780] [main/DEBUG] [mixin/]: Mixing perf.reduce_blockstate_cache_rebuilds.BlockStateBaseMixin from modernfix-modernfix.mixins.json into net.minecraft.world.level.block.state.BlockBehaviour$BlockStateBase
[04Sep2026 01:47:15.789] [main/DEBUG] [mixin/]: Mixing BlockStateBaseMixin from ferritecore.blockstatecache.mixin.json into net.minecraft.world.level.block.state.BlockBehaviour$BlockStateBase
[04Sep2026 01:47:15.789] [main/DEBUG] [mixin/]: ferritecore.blockstatecache.mixin.json:BlockStateBaseMixin from mod ferritecore: Class version 65 required is higher than the class version supported by the current version of Mixin (JAVA_17 supports class version 61)
[04Sep2026 01:47:15.815] [main/DEBUG] [mixin/]: eclipticseasons.mixins.json:common.block.MixinBlockStateBase from mod eclipticseasons->@Inject::eclipticseasons$initCache(Lorg/spongepowered/asm/mixin/injection/callback/CallbackInfo;)V doesn't use it's CallbackInfo
[04Sep2026 01:47:15.815] [main/DEBUG] [mixin/]: eclipticseasons.mixins.json:common.block.MixinBlockStateBase from mod eclipticseasons->@Inject::eclipticseasons$initCache(Lorg/spongepowered/asm/mixin/injection/callback/CallbackInfo;)V has 0 override(s) in child classes
[04Sep2026 01:47:15.815] [main/DEBUG] [mixin/]: eclipticseasons.mixins.json:common.block.MixinBlockStateBase from mod eclipticseasons->@Inject::eclipticseasons$initCache(Lorg/spongepowered/asm/mixin/injection/callback/CallbackInfo;)V won't be passed a CallbackInfo as a result
[04Sep2026 01:47:15.815] [main/DEBUG] [mixin/]: ferritecore.blockstatecache.mixin.json:BlockStateBaseMixin from mod ferritecore->@Inject::cacheStateHead(Lorg/spongepowered/asm/mixin/injection/callback/CallbackInfo;)V doesn't use it's CallbackInfo
[04Sep2026 01:47:15.815] [main/DEBUG] [mixin/]: ferritecore.blockstatecache.mixin.json:BlockStateBaseMixin from mod ferritecore->@Inject::cacheStateHead(Lorg/spongepowered/asm/mixin/injection/callback/CallbackInfo;)V has 0 override(s) in child classes
[04Sep2026 01:47:15.815] [main/DEBUG] [mixin/]: ferritecore.blockstatecache.mixin.json:BlockStateBaseMixin from mod ferritecore->@Inject::cacheStateHead(Lorg/spongepowered/asm/mixin/injection/callback/CallbackInfo;)V won't be passed a CallbackInfo as a result
[04Sep2026 01:47:15.815] [main/DEBUG] [mixin/]: ferritecore.blockstatecache.mixin.json:BlockStateBaseMixin from mod ferritecore->@Inject::cacheStateTail(Lorg/spongepowered/asm/mixin/injection/callback/CallbackInfo;)V doesn't use it's CallbackInfo
[04Sep2026 01:47:15.815] [main/DEBUG] [mixin/]: ferritecore.blockstatecache.mixin.json:BlockStateBaseMixin from mod ferritecore->@Inject::cacheStateTail(Lorg/spongepowered/asm/mixin/injection/callback/CallbackInfo;)V has 0 override(s) in child classes
[04Sep2026 01:47:15.815] [main/DEBUG] [mixin/]: ferritecore.blockstatecache.mixin.json:BlockStateBaseMixin from mod ferritecore->@Inject::cacheStateTail(Lorg/spongepowered/asm/mixin/injection/callback/CallbackInfo;)V won't be passed a CallbackInfo as a result
[04Sep2026 01:47:15.817] [main/INFO] [ModernFix/]: Injecting BlockStateBase cache population hook into redirect$zjp000$modernfix$genCacheBeforeGettingTicking from org.embeddedt.modernfix.common.mixin.perf.reduce_blockstate_cache_rebuilds.BlockStateBaseMixin
[04Sep2026 01:47:15.821] [main/DEBUG] [mixin/]: Mixing FastMapStateHolderMixin from ferritecore.fastmap.mixin.json into net.minecraft.world.level.block.state.StateHolder
[04Sep2026 01:47:15.821] [main/DEBUG] [mixin/]: ferritecore.fastmap.mixin.json:FastMapStateHolderMixin from mod ferritecore: Class version 65 required is higher than the class version supported by the current version of Mixin (JAVA_17 supports class version 61)
[04Sep2026 01:47:15.831] [main/DEBUG] [mixin/]: Mixing common.block.MixinBlockState from eclipticseasons.mixins.json into net.minecraft.world.level.block.state.BlockState
[04Sep2026 01:47:15.840] [main/DEBUG] [mixin/]: Mixing perf.model_optimizations.BooleanPropertyMixin from modernfix-modernfix.mixins.json into net.minecraft.world.level.block.state.properties.BooleanProperty
[04Sep2026 01:47:15.847] [main/DEBUG] [mixin/]: Mixing common.level.MixinLevelTimeAccess from eclipticseasons.mixins.json into net.minecraft.world.level.LevelTimeAccess
[04Sep2026 01:47:15.868] [main/DEBUG] [mixin/]: Mixing EntityAccess from jade.mixins.json into net.minecraft.world.entity.Entity
[04Sep2026 01:47:15.869] [main/DEBUG] [mixin/]: jade.mixins.json:EntityAccess from mod jade: Class version 65 required is higher than the class version supported by the current version of Mixin (JAVA_16 supports class version 60)
[04Sep2026 01:47:15.869] [main/DEBUG] [mixin/]: Mixing common.entity.MixinEntity from eclipticseasons.mixins.json into net.minecraft.world.entity.Entity
[04Sep2026 01:47:15.874] [main/DEBUG] [mixin/]: Mixing EntityMixin from touhou_little_maid.mixins.json into net.minecraft.world.entity.Entity
[04Sep2026 01:47:15.874] [main/DEBUG] [mixin/]: touhou_little_maid.mixins.json:EntityMixin from mod touhou_little_maid: Class version 65 required is higher than the class version supported by the current version of Mixin (JAVA_17 supports class version 61)
[04Sep2026 01:47:15.893] [main/DEBUG] [mixin/]: Mixing accessor.EntityAccessor from touhou_little_maid.mixins.json into net.minecraft.world.entity.Entity
[04Sep2026 01:47:15.893] [main/DEBUG] [mixin/]: touhou_little_maid.mixins.json:accessor.EntityAccessor from mod touhou_little_maid: Class version 65 required is higher than the class version supported by the current version of Mixin (JAVA_17 supports class version 61)
[04Sep2026 01:47:15.893] [main/DEBUG] [mixin/]: Mixing AccessorEntity from curios.mixins.json into net.minecraft.world.entity.Entity
[04Sep2026 01:47:15.893] [main/DEBUG] [mixin/]: Mixing bugfix.chunk_deadlock.EntityMixin from modernfix-modernfix.mixins.json into net.minecraft.world.entity.Entity
[04Sep2026 01:47:15.897] [main/DEBUG] [mixin/]: Mixing EntityLapPillowPoseServerGuardMixin from maidmarriage.mixins.json into net.minecraft.world.entity.Entity
[04Sep2026 01:47:15.898] [main/DEBUG] [mixin/]: maidmarriage.mixins.json:EntityLapPillowPoseServerGuardMixin from mod maidmarriage: Class version 65 required is higher than the class version supported by the current version of Mixin (JAVA_17 supports class version 61)
[04Sep2026 01:47:15.939] [main/DEBUG] [mixin/]: eclipticseasons.mixins.json:common.entity.MixinEntity from mod eclipticseasons->@Inject::eclipticseasons$move_stepOn(Lnet/minecraft/world/entity/MoverType;Lnet/minecraft/world/phys/Vec3;Lorg/spongepowered/asm/mixin/injection/callback/CallbackInfo;)V doesn't use it's CallbackInfo
[04Sep2026 01:47:15.939] [main/DEBUG] [mixin/]: eclipticseasons.mixins.json:common.entity.MixinEntity from mod eclipticseasons->@Inject::eclipticseasons$move_stepOn(Lnet/minecraft/world/entity/MoverType;Lnet/minecraft/world/phys/Vec3;Lorg/spongepowered/asm/mixin/injection/callback/CallbackInfo;)V has 0 override(s) in child classes
[04Sep2026 01:47:15.939] [main/DEBUG] [mixin/]: eclipticseasons.mixins.json:common.entity.MixinEntity from mod eclipticseasons->@Inject::eclipticseasons$move_stepOn(Lnet/minecraft/world/entity/MoverType;Lnet/minecraft/world/phys/Vec3;Lorg/spongepowered/asm/mixin/injection/callback/CallbackInfo;)V won't be passed a CallbackInfo as a result
[04Sep2026 01:47:15.939] [main/DEBUG] [mixin/]: touhou_little_maid.mixins.json:EntityMixin from mod touhou_little_maid->@Inject::positionRider(Lnet/minecraft/world/entity/Entity;Lnet/minecraft/world/entity/Entity$MoveFunction;Lorg/spongepowered/asm/mixin/injection/callback/CallbackInfo;)V does use it's CallbackInfo
[04Sep2026 01:47:15.939] [main/DEBUG] [mixin/]: touhou_little_maid.mixins.json:EntityMixin from mod touhou_little_maid->@Inject::beforeCollide(Lnet/minecraft/world/entity/MoverType;Lnet/minecraft/world/phys/Vec3;Lorg/spongepowered/asm/mixin/injection/callback/CallbackInfo;)V doesn't use it's CallbackInfo
[04Sep2026 01:47:15.939] [main/DEBUG] [mixin/]: touhou_little_maid.mixins.json:EntityMixin from mod touhou_little_maid->@Inject::beforeCollide(Lnet/minecraft/world/entity/MoverType;Lnet/minecraft/world/phys/Vec3;Lorg/spongepowered/asm/mixin/injection/callback/CallbackInfo;)V has 0 override(s) in child classes
[04Sep2026 01:47:15.940] [main/DEBUG] [mixin/]: touhou_little_maid.mixins.json:EntityMixin from mod touhou_little_maid->@Inject::beforeCollide(Lnet/minecraft/world/entity/MoverType;Lnet/minecraft/world/phys/Vec3;Lorg/spongepowered/asm/mixin/injection/callback/CallbackInfo;)V won't be passed a CallbackInfo as a result
[04Sep2026 01:47:15.940] [main/DEBUG] [mixin/]: touhou_little_maid.mixins.json:EntityMixin from mod touhou_little_maid->@Inject::afterCollide(Lnet/minecraft/world/entity/MoverType;Lnet/minecraft/world/phys/Vec3;Lorg/spongepowered/asm/mixin/injection/callback/CallbackInfo;)V doesn't use it's CallbackInfo
[04Sep2026 01:47:15.940] [main/DEBUG] [mixin/]: touhou_little_maid.mixins.json:EntityMixin from mod touhou_little_maid->@Inject::afterCollide(Lnet/minecraft/world/entity/MoverType;Lnet/minecraft/world/phys/Vec3;Lorg/spongepowered/asm/mixin/injection/callback/CallbackInfo;)V has 0 override(s) in child classes
[04Sep2026 01:47:15.940] [main/DEBUG] [mixin/]: touhou_little_maid.mixins.json:EntityMixin from mod touhou_little_maid->@Inject::afterCollide(Lnet/minecraft/world/entity/MoverType;Lnet/minecraft/world/phys/Vec3;Lorg/spongepowered/asm/mixin/injection/callback/CallbackInfo;)V won't be passed a CallbackInfo as a result
[04Sep2026 01:47:15.940] [main/DEBUG] [mixin/]: touhou_little_maid.mixins.json:EntityMixin from mod touhou_little_maid->@Inject::onGetBoundingBox(Lorg/spongepowered/asm/mixin/injection/callback/CallbackInfoReturnable;)V does use it's CallbackInfoReturnable
[04Sep2026 01:47:15.940] [main/DEBUG] [mixin/]: maidmarriage.mixins.json:EntityLapPillowPoseServerGuardMixin from mod maidmarriage->@Inject::maidmarriage$guardServerPose(Lnet/minecraft/world/entity/Pose;Lorg/spongepowered/asm/mixin/injection/callback/CallbackInfo;)V does use it's CallbackInfo
[04Sep2026 01:47:15.971] [main/DEBUG] [mixin/]: Mixing NourishmentAlwaysEatMixin from farmersdelight.mixins.json into net.minecraft.world.entity.player.Player
[04Sep2026 01:47:15.972] [main/DEBUG] [mixin/]: Mixing MixinPlayer from mca.mixins.json into net.minecraft.world.entity.player.Player
[04Sep2026 01:47:15.972] [main/DEBUG] [mixin/]: mca.mixins.json:MixinPlayer from mod mca: Class version 65 required is higher than the class version supported by the current version of Mixin (JAVA_17 supports class version 61)
[04Sep2026 01:47:15.974] [main/DEBUG] [mixin/]: Mixing PlayerMixin from naturalist.mixins.json into net.minecraft.world.entity.player.Player
[04Sep2026 01:47:15.976] [main/DEBUG] [mixin/]: Mixing PlayerMixin from touhou_little_maid.mixins.json into net.minecraft.world.entity.player.Player
[04Sep2026 01:47:15.977] [main/DEBUG] [mixin/]: touhou_little_maid.mixins.json:PlayerMixin from mod touhou_little_maid: Class version 65 required is higher than the class version supported by the current version of Mixin (JAVA_17 supports class version 61)
[04Sep2026 01:47:15.978] [main/DEBUG] [mixin/]: Mixing PlayerMixin from playerrevive.mixins.json into net.minecraft.world.entity.player.Player
[04Sep2026 01:47:15.979] [main/DEBUG] [mixin/]: playerrevive.mixins.json:PlayerMixin from mod playerrevive: Class version 65 required is higher than the class version supported by the current version of Mixin (JAVA_17 supports class version 61)
[04Sep2026 01:47:15.991] [main/DEBUG] [mixin/]: farmersdelight.mixins.json:NourishmentAlwaysEatMixin from mod farmersdelight->@Inject::alwaysEatUnderNourishmentEffect(ZLorg/spongepowered/asm/mixin/injection/callback/CallbackInfoReturnable;)V does use it's CallbackInfoReturnable
[04Sep2026 01:47:15.991] [main/DEBUG] [mixin/]: mca.mixins.json:MixinPlayer from mod mca->@Inject::onDropItem(Lnet/minecraft/world/item/ItemStack;ZZLorg/spongepowered/asm/mixin/injection/callback/CallbackInfoReturnable;)V does use it's CallbackInfoReturnable
[04Sep2026 01:47:15.991] [main/DEBUG] [mixin/]: naturalist.mixins.json:PlayerMixin from mod naturalist->@Inject::naturalist$keepShoulderParrotsWhileFalling(Lorg/spongepowered/asm/mixin/injection/callback/CallbackInfo;)V does use it's CallbackInfo
[04Sep2026 01:47:15.991] [main/DEBUG] [mixin/]: naturalist.mixins.json:PlayerMixin from mod naturalist->@Inject::naturalist$dropShoulderParrotsWhenCrouching(Lorg/spongepowered/asm/mixin/injection/callback/CallbackInfo;)V doesn't use it's CallbackInfo
[04Sep2026 01:47:15.991] [main/DEBUG] [mixin/]: naturalist.mixins.json:PlayerMixin from mod naturalist->@Inject::naturalist$dropShoulderParrotsWhenCrouching(Lorg/spongepowered/asm/mixin/injection/callback/CallbackInfo;)V has 0 override(s) in child classes
[04Sep2026 01:47:15.991] [main/DEBUG] [mixin/]: naturalist.mixins.json:PlayerMixin from mod naturalist->@Inject::naturalist$dropShoulderParrotsWhenCrouching(Lorg/spongepowered/asm/mixin/injection/callback/CallbackInfo;)V won't be passed a CallbackInfo as a result
[04Sep2026 01:47:15.991] [main/DEBUG] [mixin/]: touhou_little_maid.mixins.json:PlayerMixin from mod touhou_little_maid->@Inject::tlmRemoveVehicle(Lorg/spongepowered/asm/mixin/injection/callback/CallbackInfo;)V doesn't use it's CallbackInfo
[04Sep2026 01:47:15.991] [main/DEBUG] [mixin/]: touhou_little_maid.mixins.json:PlayerMixin from mod touhou_little_maid->@Inject::tlmRemoveVehicle(Lorg/spongepowered/asm/mixin/injection/callback/CallbackInfo;)V has 0 override(s) in child classes
[04Sep2026 01:47:15.991] [main/DEBUG] [mixin/]: touhou_little_maid.mixins.json:PlayerMixin from mod touhou_little_maid->@Inject::tlmRemoveVehicle(Lorg/spongepowered/asm/mixin/injection/callback/CallbackInfo;)V won't be passed a CallbackInfo as a result
[04Sep2026 01:47:15.991] [main/DEBUG] [mixin/]: touhou_little_maid.mixins.json:PlayerMixin from mod touhou_little_maid->@Inject::tlmWantsToStopRiding(Lorg/spongepowered/asm/mixin/injection/callback/CallbackInfoReturnable;)V does use it's CallbackInfoReturnable
[04Sep2026 01:47:15.991] [main/DEBUG] [mixin/]: playerrevive.mixins.json:PlayerMixin from mod playerrevive->@Inject::isBleeding(Lorg/spongepowered/asm/mixin/injection/callback/CallbackInfoReturnable;)V does use it's CallbackInfoReturnable
[04Sep2026 01:47:16.021] [main/DEBUG] [mixin/]: Mixing MixinLivingEntity from mca.mixins.json into net.minecraft.world.entity.LivingEntity
[04Sep2026 01:47:16.021] [main/DEBUG] [mixin/]: mca.mixins.json:MixinLivingEntity from mod mca: Class version 65 required is higher than the class version supported by the current version of Mixin (JAVA_17 supports class version 61)
[04Sep2026 01:47:16.022] [main/DEBUG] [mixin/]: Renaming synthetic method lambda$mca$scalePlayerDimensions$0(Lnet/minecraft/world/entity/EntityDimensions;Lnet/minecraft/world/entity/player/Player;Lnet/conczin/mca/entity/PlayerDimensions$Scale;)Lnet/minecraft/world/entity/EntityDimensions; to mddff919$mca$lambda$mca$scalePlayerDimensions$0$0 in mca.mixins.json:MixinLivingEntity from mod mca
[04Sep2026 01:47:16.026] [main/DEBUG] [mixin/]: Mixing common.LivingEntityMixin from geckolib.mixins.json into net.minecraft.world.entity.LivingEntity
[04Sep2026 01:47:16.026] [main/DEBUG] [mixin/]: geckolib.mixins.json:common.LivingEntityMixin from mod geckolib: Class version 65 required is higher than the class version supported by the current version of Mixin (JAVA_17 supports class version 61)
[04Sep2026 01:47:16.031] [main/DEBUG] [mixin/]: Mixing common.entity.MixinLivingEntity from eclipticseasons.mixins.json into net.minecraft.world.entity.LivingEntity
[04Sep2026 01:47:16.033] [main/DEBUG] [mixin/]: Mixing common.LivingEntityMixin from tacz.mixins.json into net.minecraft.world.entity.LivingEntity
[04Sep2026 01:47:16.033] [main/DEBUG] [mixin/]: tacz.mixins.json:common.LivingEntityMixin from mod tacz: Class version 65 required is higher than the class version supported by the current version of Mixin (JAVA_17 supports class version 61)
[04Sep2026 01:47:16.044] [main/DEBUG] [mixin/]: Renaming synthetic method lambda$initialData$0()Lnet/minecraft/world/item/ItemStack; to mddff919$tacz$lambda$initialData$0$1 in tacz.mixins.json:common.LivingEntityMixin from mod tacz
[04Sep2026 01:47:16.074] [main/DEBUG] [mixin/]: Mixing accessor.LivingEntityAccessor from touhou_little_maid.mixins.json into net.minecraft.world.entity.LivingEntity
[04Sep2026 01:47:16.074] [main/DEBUG] [mixin/]: touhou_little_maid.mixins.json:accessor.LivingEntityAccessor from mod touhou_little_maid: Class version 65 required is higher than the class version supported by the current version of Mixin (JAVA_17 supports class version 61)
[04Sep2026 01:47:16.074] [main/DEBUG] [mixin/]: Mixing MixinLivingEntity from curios.neoforge.mixins.json into net.minecraft.world.entity.LivingEntity
[04Sep2026 01:47:16.076] [main/DEBUG] [mixin/]: Mixing LivingEntityBrainSerializeWrapper from maid_storage_manager.mixins.json into net.minecraft.world.entity.LivingEntity
[04Sep2026 01:47:16.076] [main/DEBUG] [mixin/]: maid_storage_manager.mixins.json:LivingEntityBrainSerializeWrapper from mod maid_storage_manager: Class version 65 required is higher than the class version supported by the current version of Mixin (JAVA_8 supports class version 52)
[04Sep2026 01:47:16.117] [main/DEBUG] [mixin/]: tacz.mixins.json:common.LivingEntityMixin from mod tacz->@Inject::onTickServerSide(Lorg/spongepowered/asm/mixin/injection/callback/CallbackInfo;)V doesn't use it's CallbackInfo
[04Sep2026 01:47:16.117] [main/DEBUG] [mixin/]: tacz.mixins.json:common.LivingEntityMixin from mod tacz->@Inject::onTickServerSide(Lorg/spongepowered/asm/mixin/injection/callback/CallbackInfo;)V has 0 override(s) in child classes
[04Sep2026 01:47:16.117] [main/DEBUG] [mixin/]: tacz.mixins.json:common.LivingEntityMixin from mod tacz->@Inject::onTickServerSide(Lorg/spongepowered/asm/mixin/injection/callback/CallbackInfo;)V won't be passed a CallbackInfo as a result
[04Sep2026 01:47:16.117] [main/DEBUG] [mixin/]: curios.neoforge.mixins.json:MixinLivingEntity from mod curios->@Inject::curio$canFreeze(Lorg/spongepowered/asm/mixin/injection/callback/CallbackInfoReturnable;)V does use it's CallbackInfoReturnable
[04Sep2026 01:47:16.145] [main/DEBUG] [mixin/]: Mixing common.level.MixinLevel from eclipticseasons.mixins.json into net.minecraft.world.level.Level
[04Sep2026 01:47:16.153] [main/DEBUG] [mixin/]: Mixing LevelMixin from naturalist.mixins.json into net.minecraft.world.level.Level
[04Sep2026 01:47:16.163] [main/DEBUG] [mixin/]: naturalist.mixins.json:LevelMixin from mod naturalist->@Inject::naturalist$includeMobParts(Lnet/minecraft/world/entity/Entity;Lnet/minecraft/world/phys/AABB;Ljava/util/function/Predicate;Lorg/spongepowered/asm/mixin/injection/callback/CallbackInfoReturnable;)V does use it's CallbackInfoReturnable
[04Sep2026 01:47:16.170] [main/DEBUG] [mixin/]: Mixing MixinServerWorld from mca.mixins.json into net.minecraft.server.level.ServerLevel
[04Sep2026 01:47:16.170] [main/DEBUG] [mixin/]: mca.mixins.json:MixinServerWorld from mod mca: Class version 65 required is higher than the class version supported by the current version of Mixin (JAVA_17 supports class version 61)
[04Sep2026 01:47:16.171] [main/DEBUG] [mixin/]: Mixing common.level.MixinServerLevel from eclipticseasons.mixins.json into net.minecraft.server.level.ServerLevel
[04Sep2026 01:47:16.178] [main/DEBUG] [mixin/]: Mixing ServerLevelMixin from naturalist.mixins.json into net.minecraft.server.level.ServerLevel
[04Sep2026 01:47:16.179] [main/DEBUG] [mixin/]: Mixing perf.cache_strongholds.ServerLevelMixin from modernfix-modernfix.mixins.json into net.minecraft.server.level.ServerLevel
[04Sep2026 01:47:16.190] [main/DEBUG] [mixin/]: mca.mixins.json:MixinServerWorld from mod mca->@Inject::onAddEntity(Lnet/minecraft/world/entity/Entity;Lorg/spongepowered/asm/mixin/injection/callback/CallbackInfoReturnable;)V does use it's CallbackInfoReturnable
[04Sep2026 01:47:16.191] [main/DEBUG] [mixin/]: eclipticseasons.mixins.json:common.level.MixinServerLevel from mod eclipticseasons->@Inject::eclipticseasons$setWeatherParameters(IIZZLorg/spongepowered/asm/mixin/injection/callback/CallbackInfo;)V doesn't use it's CallbackInfo
[04Sep2026 01:47:16.191] [main/DEBUG] [mixin/]: eclipticseasons.mixins.json:common.level.MixinServerLevel from mod eclipticseasons->@Inject::eclipticseasons$setWeatherParameters(IIZZLorg/spongepowered/asm/mixin/injection/callback/CallbackInfo;)V has 0 override(s) in child classes
[04Sep2026 01:47:16.191] [main/DEBUG] [mixin/]: eclipticseasons.mixins.json:common.level.MixinServerLevel from mod eclipticseasons->@Inject::eclipticseasons$setWeatherParameters(IIZZLorg/spongepowered/asm/mixin/injection/callback/CallbackInfo;)V won't be passed a CallbackInfo as a result
[04Sep2026 01:47:16.191] [main/DEBUG] [mixin/]: eclipticseasons.mixins.json:common.level.MixinServerLevel from mod eclipticseasons->@Inject::eclipticseasons$resetWeatherCycle(Lorg/spongepowered/asm/mixin/injection/callback/CallbackInfo;)V does use it's CallbackInfo
[04Sep2026 01:47:16.191] [main/DEBUG] [mixin/]: eclipticseasons.mixins.json:common.level.MixinServerLevel from mod eclipticseasons->@Inject::eclipticseasons$advanceWeatherCycle(Lorg/spongepowered/asm/mixin/injection/callback/CallbackInfo;)V doesn't use it's CallbackInfo
[04Sep2026 01:47:16.191] [main/DEBUG] [mixin/]: eclipticseasons.mixins.json:common.level.MixinServerLevel from mod eclipticseasons->@Inject::eclipticseasons$advanceWeatherCycle(Lorg/spongepowered/asm/mixin/injection/callback/CallbackInfo;)V has 0 override(s) in child classes
[04Sep2026 01:47:16.191] [main/DEBUG] [mixin/]: eclipticseasons.mixins.json:common.level.MixinServerLevel from mod eclipticseasons->@Inject::eclipticseasons$advanceWeatherCycle(Lorg/spongepowered/asm/mixin/injection/callback/CallbackInfo;)V won't be passed a CallbackInfo as a result
[04Sep2026 01:47:16.191] [main/DEBUG] [mixin/]: eclipticseasons.mixins.json:common.level.MixinServerLevel from mod eclipticseasons->@Inject::eclipticseasons$tickChunk_end(Lnet/minecraft/world/level/chunk/LevelChunk;ILorg/spongepowered/asm/mixin/injection/callback/CallbackInfo;)V doesn't use it's CallbackInfo
[04Sep2026 01:47:16.191] [main/DEBUG] [mixin/]: eclipticseasons.mixins.json:common.level.MixinServerLevel from mod eclipticseasons->@Inject::eclipticseasons$tickChunk_end(Lnet/minecraft/world/level/chunk/LevelChunk;ILorg/spongepowered/asm/mixin/injection/callback/CallbackInfo;)V has 0 override(s) in child classes
[04Sep2026 01:47:16.191] [main/DEBUG] [mixin/]: eclipticseasons.mixins.json:common.level.MixinServerLevel from mod eclipticseasons->@Inject::eclipticseasons$tickChunk_end(Lnet/minecraft/world/level/chunk/LevelChunk;ILorg/spongepowered/asm/mixin/injection/callback/CallbackInfo;)V won't be passed a CallbackInfo as a result
[04Sep2026 01:47:16.191] [main/DEBUG] [mixin/]: eclipticseasons.mixins.json:common.level.MixinServerLevel from mod eclipticseasons->@Inject::eclipticseasons$tickPrecipitation_setBiome_before(Lnet/minecraft/core/BlockPos;Lorg/spongepowered/asm/mixin/injection/callback/CallbackInfo;)V doesn't use it's CallbackInfo
[04Sep2026 01:47:16.191] [main/DEBUG] [mixin/]: eclipticseasons.mixins.json:common.level.MixinServerLevel from mod eclipticseasons->@Inject::eclipticseasons$tickPrecipitation_setBiome_before(Lnet/minecraft/core/BlockPos;Lorg/spongepowered/asm/mixin/injection/callback/CallbackInfo;)V has 0 override(s) in child classes
[04Sep2026 01:47:16.191] [main/DEBUG] [mixin/]: eclipticseasons.mixins.json:common.level.MixinServerLevel from mod eclipticseasons->@Inject::eclipticseasons$tickPrecipitation_setBiome_before(Lnet/minecraft/core/BlockPos;Lorg/spongepowered/asm/mixin/injection/callback/CallbackInfo;)V won't be passed a CallbackInfo as a result
[04Sep2026 01:47:16.193] [main/DEBUG] [mixin/]: eclipticseasons.mixins.json:common.level.MixinServerLevel from mod eclipticseasons->@Inject::eclipticseasons$tickPrecipitation_melt(Lnet/minecraft/core/BlockPos;Lorg/spongepowered/asm/mixin/injection/callback/CallbackInfo;)V doesn't use it's CallbackInfo
[04Sep2026 01:47:16.193] [main/DEBUG] [mixin/]: eclipticseasons.mixins.json:common.level.MixinServerLevel from mod eclipticseasons->@Inject::eclipticseasons$tickPrecipitation_melt(Lnet/minecraft/core/BlockPos;Lorg/spongepowered/asm/mixin/injection/callback/CallbackInfo;)V has 0 override(s) in child classes
[04Sep2026 01:47:16.193] [main/DEBUG] [mixin/]: eclipticseasons.mixins.json:common.level.MixinServerLevel from mod eclipticseasons->@Inject::eclipticseasons$tickPrecipitation_melt(Lnet/minecraft/core/BlockPos;Lorg/spongepowered/asm/mixin/injection/callback/CallbackInfo;)V won't be passed a CallbackInfo as a result
[04Sep2026 01:47:16.193] [main/DEBUG] [mixin/]: eclipticseasons.mixins.json:common.level.MixinServerLevel from mod eclipticseasons->@Inject::eclipticseasons$tickChunk_prepare(Lnet/minecraft/world/level/chunk/LevelChunk;ILorg/spongepowered/asm/mixin/injection/callback/CallbackInfo;)V doesn't use it's CallbackInfo
[04Sep2026 01:47:16.193] [main/DEBUG] [mixin/]: eclipticseasons.mixins.json:common.level.MixinServerLevel from mod eclipticseasons->@Inject::eclipticseasons$tickChunk_prepare(Lnet/minecraft/world/level/chunk/LevelChunk;ILorg/spongepowered/asm/mixin/injection/callback/CallbackInfo;)V has 0 override(s) in child classes
[04Sep2026 01:47:16.193] [main/DEBUG] [mixin/]: eclipticseasons.mixins.json:common.level.MixinServerLevel from mod eclipticseasons->@Inject::eclipticseasons$tickChunk_prepare(Lnet/minecraft/world/level/chunk/LevelChunk;ILorg/spongepowered/asm/mixin/injection/callback/CallbackInfo;)V won't be passed a CallbackInfo as a result
[04Sep2026 01:47:16.193] [main/DEBUG] [mixin/]: eclipticseasons.mixins.json:common.level.MixinServerLevel from mod eclipticseasons->@Inject::eclipticseasons$tickChunk_sync(Lnet/minecraft/world/level/chunk/LevelChunk;ILorg/spongepowered/asm/mixin/injection/callback/CallbackInfo;)V doesn't use it's CallbackInfo
[04Sep2026 01:47:16.193] [main/DEBUG] [mixin/]: eclipticseasons.mixins.json:common.level.MixinServerLevel from mod eclipticseasons->@Inject::eclipticseasons$tickChunk_sync(Lnet/minecraft/world/level/chunk/LevelChunk;ILorg/spongepowered/asm/mixin/injection/callback/CallbackInfo;)V has 0 override(s) in child classes
[04Sep2026 01:47:16.193] [main/DEBUG] [mixin/]: eclipticseasons.mixins.json:common.level.MixinServerLevel from mod eclipticseasons->@Inject::eclipticseasons$tickChunk_sync(Lnet/minecraft/world/level/chunk/LevelChunk;ILorg/spongepowered/asm/mixin/injection/callback/CallbackInfo;)V won't be passed a CallbackInfo as a result
[04Sep2026 01:47:16.194] [main/DEBUG] [mixin/]: naturalist.mixins.json:ServerLevelMixin from mod naturalist->@Inject::naturalist$resolveMobPart(ILorg/spongepowered/asm/mixin/injection/callback/CallbackInfoReturnable;)V does use it's CallbackInfoReturnable
[04Sep2026 01:47:16.217] [main/DEBUG] [mixin/]: Mixing core.GameDataMixin from modernfix-modernfix.mixins.json into net.neoforged.neoforge.registries.GameData
[04Sep2026 01:47:16.218] [main/DEBUG] [mixin/]: modernfix-modernfix.mixins.json:core.GameDataMixin from mod modernfix->@Inject::markPosted(Lorg/spongepowered/asm/mixin/injection/callback/CallbackInfo;)V doesn't use it's CallbackInfo
[04Sep2026 01:47:16.221] [main/DEBUG] [mixin/]: Mixing perf.reduce_blockstate_cache_rebuilds.BlockCallbacksMixin from modernfix-modernfix.mixins.json into net.neoforged.neoforge.registries.NeoForgeRegistryCallbacks$BlockCallbacks
[04Sep2026 01:47:16.223] [main/DEBUG] [mixin/]: modernfix-modernfix.mixins.json:perf.reduce_blockstate_cache_rebuilds.BlockCallbacksMixin from mod modernfix->@Inject::computeCaches(Lnet/minecraft/core/Registry;Lorg/spongepowered/asm/mixin/injection/callback/CallbackInfo;)V doesn't use it's CallbackInfo
[04Sep2026 01:47:16.223] [main/DEBUG] [mixin/]: modernfix-modernfix.mixins.json:perf.reduce_blockstate_cache_rebuilds.BlockCallbacksMixin from mod modernfix->@Inject::computeCaches(Lnet/minecraft/core/Registry;Lorg/spongepowered/asm/mixin/injection/callback/CallbackInfo;)V has 0 override(s) in child classes
[04Sep2026 01:47:16.223] [main/DEBUG] [mixin/]: modernfix-modernfix.mixins.json:perf.reduce_blockstate_cache_rebuilds.BlockCallbacksMixin from mod modernfix->@Inject::computeCaches(Lnet/minecraft/core/Registry;Lorg/spongepowered/asm/mixin/injection/callback/CallbackInfo;)V won't be passed a CallbackInfo as a result
[04Sep2026 01:47:16.233] [main/DEBUG] [mixin/]: Mixing ShapesMixin from creativecore.mixins.json into net.minecraft.world.phys.shapes.Shapes
[04Sep2026 01:47:16.253] [main/DEBUG] [mixin/]: creativecore.mixins.json:ShapesMixin from mod creativecore->@Inject::joinUnoptimized(Lnet/minecraft/world/phys/shapes/VoxelShape;Lnet/minecraft/world/phys/shapes/VoxelShape;Lnet/minecraft/world/phys/shapes/BooleanOp;Lorg/spongepowered/asm/mixin/injection/callback/CallbackInfoReturnable;)V does use it's CallbackInfoReturnable
[04Sep2026 01:47:16.253] [main/DEBUG] [mixin/]: creativecore.mixins.json:ShapesMixin from mod creativecore->@Inject::joinUnoptimized(Lnet/minecraft/world/phys/shapes/VoxelShape;Lnet/minecraft/world/phys/shapes/VoxelShape;Lnet/minecraft/world/phys/shapes/BooleanOp;Lorg/spongepowered/asm/mixin/injection/callback/CallbackInfoReturnable;)V does use it's CallbackInfoReturnable
[04Sep2026 01:47:16.253] [main/DEBUG] [mixin/]: creativecore.mixins.json:ShapesMixin from mod creativecore->@Inject::joinUnoptimized(Lnet/minecraft/world/phys/shapes/VoxelShape;Lnet/minecraft/world/phys/shapes/VoxelShape;Lnet/minecraft/world/phys/shapes/BooleanOp;Lorg/spongepowered/asm/mixin/injection/callback/CallbackInfoReturnable;)V does use it's CallbackInfoReturnable
[04Sep2026 01:47:16.253] [main/DEBUG] [mixin/]: creativecore.mixins.json:ShapesMixin from mod creativecore->@Inject::joinIsNotEmpty(Lnet/minecraft/world/phys/shapes/VoxelShape;Lnet/minecraft/world/phys/shapes/VoxelShape;Lnet/minecraft/world/phys/shapes/BooleanOp;Lorg/spongepowered/asm/mixin/injection/callback/CallbackInfoReturnable;)V does use it's CallbackInfoReturnable
[04Sep2026 01:47:16.253] [main/DEBUG] [mixin/]: creativecore.mixins.json:ShapesMixin from mod creativecore->@Inject::joinIsNotEmpty(Lnet/minecraft/world/phys/shapes/VoxelShape;Lnet/minecraft/world/phys/shapes/VoxelShape;Lnet/minecraft/world/phys/shapes/BooleanOp;Lorg/spongepowered/asm/mixin/injection/callback/CallbackInfoReturnable;)V does use it's CallbackInfoReturnable
[04Sep2026 01:47:16.254] [main/DEBUG] [mixin/]: creativecore.mixins.json:ShapesMixin from mod creativecore->@Inject::joinIsNotEmpty(Lnet/minecraft/world/phys/shapes/VoxelShape;Lnet/minecraft/world/phys/shapes/VoxelShape;Lnet/minecraft/world/phys/shapes/BooleanOp;Lorg/spongepowered/asm/mixin/injection/callback/CallbackInfoReturnable;)V does use it's CallbackInfoReturnable
[04Sep2026 01:47:16.256] [main/DEBUG] [mixin/]: Mixing DiscreteVSAccess from ferritecore.accessors.mixin.json into net.minecraft.world.phys.shapes.DiscreteVoxelShape
[04Sep2026 01:47:16.256] [main/DEBUG] [mixin/]: ferritecore.accessors.mixin.json:DiscreteVSAccess from mod ferritecore: Class version 65 required is higher than the class version supported by the current version of Mixin (JAVA_17 supports class version 61)
[04Sep2026 01:47:16.258] [main/DEBUG] [mixin/]: Mixing BitSetDVSAccess from ferritecore.accessors.mixin.json into net.minecraft.world.phys.shapes.BitSetDiscreteVoxelShape
[04Sep2026 01:47:16.258] [main/DEBUG] [mixin/]: ferritecore.accessors.mixin.json:BitSetDVSAccess from mod ferritecore: Class version 65 required is higher than the class version supported by the current version of Mixin (JAVA_17 supports class version 61)
[04Sep2026 01:47:16.260] [main/DEBUG] [mixin/]: Mixing VoxelShapeAccessor from creativecore.mixins.json into net.minecraft.world.phys.shapes.VoxelShape
[04Sep2026 01:47:16.260] [main/DEBUG] [mixin/]: Mixing VoxelShapeAccess from ferritecore.accessors.mixin.json into net.minecraft.world.phys.shapes.VoxelShape
[04Sep2026 01:47:16.260] [main/DEBUG] [mixin/]: ferritecore.accessors.mixin.json:VoxelShapeAccess from mod ferritecore: Class version 65 required is higher than the class version supported by the current version of Mixin (JAVA_17 supports class version 61)
[04Sep2026 01:47:16.261] [main/DEBUG] [mixin/]: Unexpected: Registered method setShape(Lnet/minecraft/world/phys/shapes/DiscreteVoxelShape;)V in net.minecraft.world.phys.shapes.VoxelShape was not merged
[04Sep2026 01:47:16.262] [main/DEBUG] [mixin/]: Mixing ArrayVSAccess from ferritecore.accessors.mixin.json into net.minecraft.world.phys.shapes.ArrayVoxelShape
[04Sep2026 01:47:16.262] [main/DEBUG] [mixin/]: ferritecore.accessors.mixin.json:ArrayVSAccess from mod ferritecore: Class version 65 required is higher than the class version supported by the current version of Mixin (JAVA_17 supports class version 61)
[04Sep2026 01:47:16.263] [main/DEBUG] [mixin/]: Mixing SliceShapeAccess from ferritecore.accessors.mixin.json into net.minecraft.world.phys.shapes.SliceShape
[04Sep2026 01:47:16.263] [main/DEBUG] [mixin/]: ferritecore.accessors.mixin.json:SliceShapeAccess from mod ferritecore: Class version 65 required is higher than the class version supported by the current version of Mixin (JAVA_17 supports class version 61)
[04Sep2026 01:47:16.337] [main/DEBUG] [mixin/]: Mixing perf.reduce_blockstate_cache_rebuilds.BlocksMixin from modernfix-modernfix.mixins.json into net.minecraft.world.level.block.Blocks
[04Sep2026 01:47:16.337] [main/DEBUG] [mixin/]: Renaming synthetic method lambda$getEmptyConsumer$0(Ljava/lang/Object;)V to mddff919$modernfix$lambda$getEmptyConsumer$0$0 in modernfix-modernfix.mixins.json:perf.reduce_blockstate_cache_rebuilds.BlocksMixin from mod modernfix
[04Sep2026 01:47:16.358] [main/DEBUG] [mixin/]: Mixing neoforge.LiquidBlockAccessor from architectury.mixins.json into net.minecraft.world.level.block.LiquidBlock
[04Sep2026 01:47:16.358] [main/DEBUG] [mixin/]: architectury.mixins.json:neoforge.LiquidBlockAccessor from mod architectury: Class version 65 required is higher than the class version supported by the current version of Mixin (JAVA_16 supports class version 60)
[04Sep2026 01:47:16.358] [main/DEBUG] [mixin/]: Mixing inject.MixinLiquidBlock from architectury-common.mixins.json into net.minecraft.world.level.block.LiquidBlock
[04Sep2026 01:47:16.359] [main/DEBUG] [mixin/]: architectury-common.mixins.json:inject.MixinLiquidBlock from mod architectury: Class version 65 required is higher than the class version supported by the current version of Mixin (JAVA_16 supports class version 60)
[04Sep2026 01:47:16.367] [main/DEBUG] [mixin/]: Mixing CuttingBoardDispenserMixin from farmersdelight.mixins.json into net.minecraft.world.level.block.DispenserBlock
[04Sep2026 01:47:16.373] [main/DEBUG] [mixin/]: farmersdelight.mixins.json:CuttingBoardDispenserMixin from mod farmersdelight->@Inject::onCuttingBoardDispenseFromInject(Lnet/minecraft/server/level/ServerLevel;Lnet/minecraft/world/level/block/state/BlockState;Lnet/minecraft/core/BlockPos;Lorg/spongepowered/asm/mixin/injection/callback/CallbackInfo;Lnet/minecraft/world/level/block/entity/DispenserBlockEntity;Lnet/minecraft/core/dispenser/BlockSource;ILnet/minecraft/world/item/ItemStack;)V does use it's CallbackInfo
[04Sep2026 01:47:16.388] [main/DEBUG] [mixin/]: Mixing CropBlockMixin from naturalist.mixins.json into net.minecraft.world.level.block.CropBlock
[04Sep2026 01:47:16.389] [main/DEBUG] [mixin/]: Mixing accessor.CropBlockAccessor from touhou_little_maid.mixins.json into net.minecraft.world.level.block.CropBlock
[04Sep2026 01:47:16.389] [main/DEBUG] [mixin/]: touhou_little_maid.mixins.json:accessor.CropBlockAccessor from mod touhou_little_maid: Class version 65 required is higher than the class version supported by the current version of Mixin (JAVA_17 supports class version 61)
[04Sep2026 01:47:16.391] [main/DEBUG] [mixin/]: naturalist.mixins.json:CropBlockMixin from mod naturalist->@Inject::naturalist$onRandomTick(Lnet/minecraft/world/level/block/state/BlockState;Lnet/minecraft/server/level/ServerLevel;Lnet/minecraft/core/BlockPos;Lnet/minecraft/util/RandomSource;Lorg/spongepowered/asm/mixin/injection/callback/CallbackInfo;)V does use it's CallbackInfo
[04Sep2026 01:47:16.392] [main/DEBUG] [mixin/]: Mixing KeepRichSoilUntrampledMixin from farmersdelight.mixins.json into net.minecraft.world.level.block.FarmBlock
[04Sep2026 01:47:16.393] [main/DEBUG] [mixin/]: farmersdelight.mixins.json:KeepRichSoilUntrampledMixin from mod farmersdelight->@Inject::turnToDirt(Lnet/minecraft/world/entity/Entity;Lnet/minecraft/world/level/block/state/BlockState;Lnet/minecraft/world/level/Level;Lnet/minecraft/core/BlockPos;Lorg/spongepowered/asm/mixin/injection/callback/CallbackInfo;)V does use it's CallbackInfo
[04Sep2026 01:47:16.408] [main/DEBUG] [mixin/]: Mixing RopeFenceConnectionMixin from farmersdelight.mixins.json into net.minecraft.world.level.block.FenceBlock
[04Sep2026 01:47:16.410] [main/DEBUG] [mixin/]: farmersdelight.mixins.json:RopeFenceConnectionMixin from mod farmersdelight->@Inject::denyConnectionToRopeFenceGate(Lnet/minecraft/world/level/block/state/BlockState;ZLnet/minecraft/core/Direction;Lorg/spongepowered/asm/mixin/injection/callback/CallbackInfoReturnable;)V does use it's CallbackInfoReturnable
[04Sep2026 01:47:16.410] [main/DEBUG] [mixin/]: farmersdelight.mixins.json:RopeFenceConnectionMixin from mod farmersdelight->@Inject::denyConnectionToRopeFence(Lnet/minecraft/world/level/block/state/BlockState;Lorg/spongepowered/asm/mixin/injection/callback/CallbackInfoReturnable;)V does use it's CallbackInfoReturnable
[04Sep2026 01:47:16.423] [main/DEBUG] [mixin/]: Mixing accessor.FenceGateBlockAccessor from touhou_little_maid.mixins.json into net.minecraft.world.level.block.FenceGateBlock
[04Sep2026 01:47:16.423] [main/DEBUG] [mixin/]: touhou_little_maid.mixins.json:accessor.FenceGateBlockAccessor from mod touhou_little_maid: Class version 65 required is higher than the class version supported by the current version of Mixin (JAVA_17 supports class version 61)
[04Sep2026 01:47:16.428] [main/DEBUG] [mixin/]: Mixing common.block.MixinLayeredCauldronBlock from eclipticseasons.mixins.json into net.minecraft.world.level.block.LayeredCauldronBlock
[04Sep2026 01:47:16.436] [main/DEBUG] [mixin/]: Mixing perf.deduplicate_wall_shapes.WallBlockMixin from modernfix-modernfix.mixins.json into net.minecraft.world.level.block.WallBlock
[04Sep2026 01:47:16.442] [main/DEBUG] [mixin/]: modernfix-modernfix.mixins.json:perf.deduplicate_wall_shapes.WallBlockMixin from mod modernfix->@Inject::useCachedShapeMap(FFFFFFLorg/spongepowered/asm/mixin/injection/callback/CallbackInfoReturnable;)V does use it's CallbackInfoReturnable
[04Sep2026 01:47:16.442] [main/DEBUG] [mixin/]: modernfix-modernfix.mixins.json:perf.deduplicate_wall_shapes.WallBlockMixin from mod modernfix->@Inject::storeCachedShapesByProperty(FFFFFFLorg/spongepowered/asm/mixin/injection/callback/CallbackInfoReturnable;)V does use it's CallbackInfoReturnable
[04Sep2026 01:47:16.447] [main/DEBUG] [mixin/]: Mixing common.block.MixinFallingBlock from eclipticseasons.mixins.json into net.minecraft.world.level.block.AnvilBlock
[04Sep2026 01:47:16.463] [main/DEBUG] [mixin/]: Mixing common.block.MixinFallingBlock from eclipticseasons.mixins.json into net.minecraft.world.level.block.ConcretePowderBlock
[04Sep2026 01:47:16.474] [main/DEBUG] [mixin/]: Mixing common.block.MixinBubbleColumnBlock from eclipticseasons.mixins.json into net.minecraft.world.level.block.BubbleColumnBlock
[04Sep2026 01:47:16.475] [main/DEBUG] [mixin/]: eclipticseasons.mixins.json:common.block.MixinBubbleColumnBlock from mod eclipticseasons->@Inject::eclipticseasons$updateColumn(Lnet/minecraft/world/level/LevelAccessor;Lnet/minecraft/core/BlockPos;Lnet/minecraft/world/level/block/state/BlockState;Lnet/minecraft/world/level/block/state/BlockState;Lorg/spongepowered/asm/mixin/injection/callback/CallbackInfo;)V doesn't use it's CallbackInfo
[04Sep2026 01:47:16.483] [main/DEBUG] [mixin/]: Mixing CampfireBaleMixin from farmersdelight.mixins.json into net.minecraft.world.level.block.CampfireBlock
[04Sep2026 01:47:16.484] [main/DEBUG] [mixin/]: farmersdelight.mixins.json:CampfireBaleMixin from mod farmersdelight->@Inject::isFDSmokeSource(Lnet/minecraft/world/level/block/state/BlockState;Lorg/spongepowered/asm/mixin/injection/callback/CallbackInfoReturnable;)V does use it's CallbackInfoReturnable
[04Sep2026 01:47:16.486] [main/DEBUG] [mixin/]: Mixing SweetBerryBushBlockMixin from touhou_little_maid.mixins.json into net.minecraft.world.level.block.SweetBerryBushBlock
[04Sep2026 01:47:16.487] [main/DEBUG] [mixin/]: touhou_little_maid.mixins.json:SweetBerryBushBlockMixin from mod touhou_little_maid: Class version 65 required is higher than the class version supported by the current version of Mixin (JAVA_17 supports class version 61)
[04Sep2026 01:47:16.487] [main/DEBUG] [mixin/]: touhou_little_maid.mixins.json:SweetBerryBushBlockMixin from mod touhou_little_maid->@Inject::tlmEntityInside(Lnet/minecraft/world/level/block/state/BlockState;Lnet/minecraft/world/level/Level;Lnet/minecraft/core/BlockPos;Lnet/minecraft/world/entity/Entity;Lorg/spongepowered/asm/mixin/injection/callback/CallbackInfo;)V does use it's CallbackInfo
[04Sep2026 01:47:16.499] [main/DEBUG] [mixin/]: Mixing MixinPowderSnowBlock from curios.neoforge.mixins.json into net.minecraft.world.level.block.PowderSnowBlock
[04Sep2026 01:47:16.499] [main/DEBUG] [mixin/]: curios.neoforge.mixins.json:MixinPowderSnowBlock from mod curios->@Inject::curios$canEntityWalkOnPowderSnow(Lnet/minecraft/world/entity/Entity;Lorg/spongepowered/asm/mixin/injection/callback/CallbackInfoReturnable;)V does use it's CallbackInfoReturnable
[04Sep2026 01:47:16.500] [main/DEBUG] [mixin/]: curios.neoforge.mixins.json:MixinPowderSnowBlock from mod curios->@Inject::curios$canEntityWalkOnPowderSnow(Lnet/minecraft/world/entity/Entity;Lorg/spongepowered/asm/mixin/injection/callback/CallbackInfoReturnable;)V does use it's CallbackInfoReturnable
[04Sep2026 01:47:16.538] [main/DEBUG] [mixin/]: Mixing MixinEntityType from mca.mixins.json into net.minecraft.world.entity.EntityType
[04Sep2026 01:47:16.538] [main/DEBUG] [mixin/]: mca.mixins.json:MixinEntityType from mod mca: Class version 65 required is higher than the class version supported by the current version of Mixin (JAVA_17 supports class version 61)
[04Sep2026 01:47:16.540] [main/DEBUG] [mixin/]: Mixing EntityTypeMixin from naturalist.mixins.json into net.minecraft.world.entity.EntityType
[04Sep2026 01:47:16.540] [main/DEBUG] [mixin/]: Mixing inject.MixinEntityType from architectury-common.mixins.json into net.minecraft.world.entity.EntityType
[04Sep2026 01:47:16.540] [main/DEBUG] [mixin/]: architectury-common.mixins.json:inject.MixinEntityType from mod architectury: Class version 65 required is higher than the class version supported by the current version of Mixin (JAVA_16 supports class version 60)
[04Sep2026 01:47:16.543] [main/DEBUG] [mixin/]: naturalist.mixins.json:EntityTypeMixin from mod naturalist->@Inject::naturalist$remapLegacyMobs(Lnet/minecraft/nbt/CompoundTag;Lorg/spongepowered/asm/mixin/injection/callback/CallbackInfoReturnable;)V doesn't use it's CallbackInfoReturnable
[04Sep2026 01:47:16.554] [main/DEBUG] [mixin/]: Mixing perf.state_definition_construct.StateDefinitionMixin from modernfix-modernfix.mixins.json into net.minecraft.world.level.block.state.StateDefinition
[04Sep2026 01:47:16.566] [main/DEBUG] [mixin/]: Mixing inject.MixinFluid from architectury-common.mixins.json into net.minecraft.world.level.material.Fluid
[04Sep2026 01:47:16.566] [main/DEBUG] [mixin/]: architectury-common.mixins.json:inject.MixinFluid from mod architectury: Class version 65 required is higher than the class version supported by the current version of Mixin (JAVA_16 supports class version 60)
[04Sep2026 01:47:16.593] [main/DEBUG] [mixin/]: Mixing KeepRichSoilTreeMixin from farmersdelight.mixins.json into net.minecraft.world.level.levelgen.feature.trunkplacers.TrunkPlacer
[04Sep2026 01:47:16.593] [main/DEBUG] [mixin/]: Renaming synthetic method lambda$cancelSetDirtIfRichSoil$0(Lnet/minecraft/world/level/block/state/BlockState;)Z to mddff919$farmersdelight$lambda$cancelSetDirtIfRichSoil$0$0 in farmersdelight.mixins.json:KeepRichSoilTreeMixin from mod farmersdelight
[04Sep2026 01:47:16.595] [main/DEBUG] [mixin/]: farmersdelight.mixins.json:KeepRichSoilTreeMixin from mod farmersdelight->@Inject::cancelSetDirtIfRichSoil(Lnet/minecraft/world/level/LevelSimulatedReader;Ljava/util/function/BiConsumer;Lnet/minecraft/util/RandomSource;Lnet/minecraft/core/BlockPos;Lnet/minecraft/world/level/levelgen/feature/configurations/TreeConfiguration;Lorg/spongepowered/asm/mixin/injection/callback/CallbackInfo;)V does use it's CallbackInfo
[04Sep2026 01:47:16.609] [main/DEBUG] [mixin/]: Mixing MixinFallingBlockEntity from architectury.mixins.json into net.minecraft.world.entity.item.FallingBlockEntity
[04Sep2026 01:47:16.609] [main/DEBUG] [mixin/]: architectury.mixins.json:MixinFallingBlockEntity from mod architectury: Class version 65 required is higher than the class version supported by the current version of Mixin (JAVA_16 supports class version 60)
[04Sep2026 01:47:16.615] [main/DEBUG] [mixin/]: architectury.mixins.json:MixinFallingBlockEntity from mod architectury->@Inject::handleLand(Lorg/spongepowered/asm/mixin/injection/callback/CallbackInfo;Lnet/minecraft/world/level/block/Block;Lnet/minecraft/core/BlockPos;ZZDLnet/minecraft/world/level/block/state/BlockState;)V doesn't use it's CallbackInfo
[04Sep2026 01:47:16.616] [main/DEBUG] [mixin/]: architectury.mixins.json:MixinFallingBlockEntity from mod architectury->@Inject::handleLand(Lorg/spongepowered/asm/mixin/injection/callback/CallbackInfo;Lnet/minecraft/world/level/block/Block;Lnet/minecraft/core/BlockPos;ZZDLnet/minecraft/world/level/block/state/BlockState;)V has 0 override(s) in child classes
[04Sep2026 01:47:16.616] [main/DEBUG] [mixin/]: architectury.mixins.json:MixinFallingBlockEntity from mod architectury->@Inject::handleLand(Lorg/spongepowered/asm/mixin/injection/callback/CallbackInfo;Lnet/minecraft/world/level/block/Block;Lnet/minecraft/core/BlockPos;ZZDLnet/minecraft/world/level/block/state/BlockState;)V won't be passed a CallbackInfo as a result
[04Sep2026 01:47:16.691] [main/DEBUG] [mixin/]: Mixing MobInteractMixin from touhou_little_maid.mixins.json into net.minecraft.world.entity.Mob
[04Sep2026 01:47:16.691] [main/DEBUG] [mixin/]: touhou_little_maid.mixins.json:MobInteractMixin from mod touhou_little_maid: Class version 65 required is higher than the class version supported by the current version of Mixin (JAVA_17 supports class version 61)
[04Sep2026 01:47:16.692] [main/DEBUG] [mixin/]: Mixing MobMixin from naturalist.mixins.json into net.minecraft.world.entity.Mob
[04Sep2026 01:47:16.697] [main/DEBUG] [mixin/]: Mixing MobAccessor from sophisticatedbackpacks.mixins.json into net.minecraft.world.entity.Mob
[04Sep2026 01:47:16.697] [main/DEBUG] [mixin/]: sophisticatedbackpacks.mixins.json:MobAccessor from mod sophisticatedbackpacks: Class version 65 required is higher than the class version supported by the current version of Mixin (JAVA_17 supports class version 61)
[04Sep2026 01:47:16.714] [main/DEBUG] [mixin/]: touhou_little_maid.mixins.json:MobInteractMixin from mod touhou_little_maid->@Inject::touhouLittleMaid$RightClick(Lnet/minecraft/world/entity/player/Player;Lnet/minecraft/world/InteractionHand;Lorg/spongepowered/asm/mixin/injection/callback/CallbackInfoReturnable;)V does use it's CallbackInfoReturnable
[04Sep2026 01:47:16.714] [main/DEBUG] [mixin/]: naturalist.mixins.json:MobMixin from mod naturalist->@Inject::naturalist$updateBabyHealth(Lorg/spongepowered/asm/mixin/injection/callback/CallbackInfo;)V doesn't use it's CallbackInfo
[04Sep2026 01:47:16.714] [main/DEBUG] [mixin/]: naturalist.mixins.json:MobMixin from mod naturalist->@Inject::naturalist$updateBabyHealth(Lorg/spongepowered/asm/mixin/injection/callback/CallbackInfo;)V has 0 override(s) in child classes
[04Sep2026 01:47:16.714] [main/DEBUG] [mixin/]: naturalist.mixins.json:MobMixin from mod naturalist->@Inject::naturalist$updateBabyHealth(Lorg/spongepowered/asm/mixin/injection/callback/CallbackInfo;)V won't be passed a CallbackInfo as a result
[04Sep2026 01:47:16.714] [main/DEBUG] [mixin/]: naturalist.mixins.json:MobMixin from mod naturalist->@Inject::naturalist$clearSwingLatch(Lorg/spongepowered/asm/mixin/injection/callback/CallbackInfo;)V doesn't use it's CallbackInfo
[04Sep2026 01:47:16.714] [main/DEBUG] [mixin/]: naturalist.mixins.json:MobMixin from mod naturalist->@Inject::naturalist$clearSwingLatch(Lorg/spongepowered/asm/mixin/injection/callback/CallbackInfo;)V has 0 override(s) in child classes
[04Sep2026 01:47:16.714] [main/DEBUG] [mixin/]: naturalist.mixins.json:MobMixin from mod naturalist->@Inject::naturalist$clearSwingLatch(Lorg/spongepowered/asm/mixin/injection/callback/CallbackInfo;)V won't be passed a CallbackInfo as a result
[04Sep2026 01:47:16.714] [main/DEBUG] [mixin/]: naturalist.mixins.json:MobMixin from mod naturalist->@Inject::naturalist$onDoHurtTarget(Lnet/minecraft/world/entity/Entity;Lorg/spongepowered/asm/mixin/injection/callback/CallbackInfoReturnable;)V doesn't use it's CallbackInfoReturnable
[04Sep2026 01:47:16.714] [main/DEBUG] [mixin/]: naturalist.mixins.json:MobMixin from mod naturalist->@Inject::naturalist$onDoHurtTarget(Lnet/minecraft/world/entity/Entity;Lorg/spongepowered/asm/mixin/injection/callback/CallbackInfoReturnable;)V has 0 override(s) in child classes
[04Sep2026 01:47:16.714] [main/DEBUG] [mixin/]: naturalist.mixins.json:MobMixin from mod naturalist->@Inject::naturalist$onDoHurtTarget(Lnet/minecraft/world/entity/Entity;Lorg/spongepowered/asm/mixin/injection/callback/CallbackInfoReturnable;)V won't be passed a CallbackInfoReturnable as a result
[04Sep2026 01:47:16.714] [main/DEBUG] [mixin/]: naturalist.mixins.json:MobMixin from mod naturalist->@Inject::naturalist$checkDespawnMixin(Lorg/spongepowered/asm/mixin/injection/callback/CallbackInfo;)V does use it's CallbackInfo
[04Sep2026 01:47:16.720] [main/DEBUG] [mixin/]: Mixing MonsterMixin from naturalist.mixins.json into net.minecraft.world.entity.monster.Monster
[04Sep2026 01:47:16.723] [main/DEBUG] [mixin/]: naturalist.mixins.json:MonsterMixin from mod naturalist->@Inject::onIsPreventingPlayerRest(Lnet/minecraft/world/entity/player/Player;Lorg/spongepowered/asm/mixin/injection/callback/CallbackInfoReturnable;)V does use it's CallbackInfoReturnable
[04Sep2026 01:47:16.747] [main/DEBUG] [mixin/]: Mixing BlockEntityTypeAccessor from neoforge.mixins.json into net.minecraft.world.level.block.entity.BlockEntityType
[04Sep2026 01:47:16.758] [main/DEBUG] [mixin/]: Mixing MixinScreenHandler from mca.mixins.json into net.minecraft.world.inventory.AbstractContainerMenu
[04Sep2026 01:47:16.758] [main/DEBUG] [mixin/]: mca.mixins.json:MixinScreenHandler from mod mca: Class version 65 required is higher than the class version supported by the current version of Mixin (JAVA_17 supports class version 61)
[04Sep2026 01:47:16.760] [main/DEBUG] [mixin/]: Mixing common.AbstractContainerMenuMixin from geckolib.mixins.json into net.minecraft.world.inventory.AbstractContainerMenu
[04Sep2026 01:47:16.760] [main/DEBUG] [mixin/]: geckolib.mixins.json:common.AbstractContainerMenuMixin from mod geckolib: Class version 65 required is higher than the class version supported by the current version of Mixin (JAVA_17 supports class version 61)
[04Sep2026 01:47:16.763] [main/DEBUG] [mixin/]: mca.mixins.json:MixinScreenHandler from mod mca->@Inject::mca$onSlotClick(IILnet/minecraft/world/inventory/ClickType;Lnet/minecraft/world/entity/player/Player;Lorg/spongepowered/asm/mixin/injection/callback/CallbackInfo;)V does use it's CallbackInfo
[04Sep2026 01:47:16.768] [main/DEBUG] [mixin/]: Mixing AbstractFurnaceBlockEntityAccess from jade.mixins.json into net.minecraft.world.level.block.entity.AbstractFurnaceBlockEntity
[04Sep2026 01:47:16.769] [main/DEBUG] [mixin/]: jade.mixins.json:AbstractFurnaceBlockEntityAccess from mod jade: Class version 65 required is higher than the class version supported by the current version of Mixin (JAVA_16 supports class version 60)
[04Sep2026 01:47:16.769] [main/DEBUG] [mixin/]: Mixing MixinAbstractFurnaceBlockEntity from mca.mixins.json into net.minecraft.world.level.block.entity.AbstractFurnaceBlockEntity
[04Sep2026 01:47:16.769] [main/DEBUG] [mixin/]: mca.mixins.json:MixinAbstractFurnaceBlockEntity from mod mca: Class version 65 required is higher than the class version supported by the current version of Mixin (JAVA_17 supports class version 61)
[04Sep2026 01:47:16.770] [main/DEBUG] [mixin/]: Renaming synthetic method lambda$mca$injectAwardUsedRecipesAndPopExperience$0(Lnet/minecraft/server/level/ServerPlayer;Lnet/minecraft/resources/ResourceLocation;Ljava/lang/Integer;)V to mddff919$mca$lambda$mca$injectAwardUsedRecipesAndPopExperience$0$0 in mca.mixins.json:MixinAbstractFurnaceBlockEntity from mod mca
[04Sep2026 01:47:16.774] [main/DEBUG] [mixin/]: mca.mixins.json:MixinAbstractFurnaceBlockEntity from mod mca->@Inject::mca$injectAwardUsedRecipesAndPopExperience(Lnet/minecraft/server/level/ServerPlayer;Lorg/spongepowered/asm/mixin/injection/callback/CallbackInfo;)V doesn't use it's CallbackInfo
[04Sep2026 01:47:16.774] [main/DEBUG] [mixin/]: mca.mixins.json:MixinAbstractFurnaceBlockEntity from mod mca->@Inject::mca$injectAwardUsedRecipesAndPopExperience(Lnet/minecraft/server/level/ServerPlayer;Lorg/spongepowered/asm/mixin/injection/callback/CallbackInfo;)V has 0 override(s) in child classes
[04Sep2026 01:47:16.774] [main/DEBUG] [mixin/]: mca.mixins.json:MixinAbstractFurnaceBlockEntity from mod mca->@Inject::mca$injectAwardUsedRecipesAndPopExperience(Lnet/minecraft/server/level/ServerPlayer;Lorg/spongepowered/asm/mixin/injection/callback/CallbackInfo;)V won't be passed a CallbackInfo as a result
[04Sep2026 01:47:16.795] [main/DEBUG] [mixin/]: Mixing MixinAbstractArrow from mca.mixins.json into net.minecraft.world.entity.projectile.AbstractArrow
[04Sep2026 01:47:16.795] [main/DEBUG] [mixin/]: mca.mixins.json:MixinAbstractArrow from mod mca: Class version 65 required is higher than the class version supported by the current version of Mixin (JAVA_17 supports class version 61)
[04Sep2026 01:47:16.796] [main/DEBUG] [mixin/]: Mixing ArrowMixin from touhou_little_maid.mixins.json into net.minecraft.world.entity.projectile.AbstractArrow
[04Sep2026 01:47:16.797] [main/DEBUG] [mixin/]: touhou_little_maid.mixins.json:ArrowMixin from mod touhou_little_maid: Class version 65 required is higher than the class version supported by the current version of Mixin (JAVA_17 supports class version 61)
[04Sep2026 01:47:16.797] [main/DEBUG] [mixin/]: Mixing accessor.ArrowAccessor from touhou_little_maid.mixins.json into net.minecraft.world.entity.projectile.AbstractArrow
[04Sep2026 01:47:16.797] [main/DEBUG] [mixin/]: touhou_little_maid.mixins.json:accessor.ArrowAccessor from mod touhou_little_maid: Class version 65 required is higher than the class version supported by the current version of Mixin (JAVA_17 supports class version 61)
[04Sep2026 01:47:16.800] [main/DEBUG] [mixin/]: touhou_little_maid.mixins.json:ArrowMixin from mod touhou_little_maid->@Inject::tick(Lorg/spongepowered/asm/mixin/injection/callback/CallbackInfo;)V doesn't use it's CallbackInfo
[04Sep2026 01:47:16.800] [main/DEBUG] [mixin/]: touhou_little_maid.mixins.json:ArrowMixin from mod touhou_little_maid->@Inject::tick(Lorg/spongepowered/asm/mixin/injection/callback/CallbackInfo;)V has 0 override(s) in child classes
[04Sep2026 01:47:16.800] [main/DEBUG] [mixin/]: touhou_little_maid.mixins.json:ArrowMixin from mod touhou_little_maid->@Inject::tick(Lorg/spongepowered/asm/mixin/injection/callback/CallbackInfo;)V won't be passed a CallbackInfo as a result
[04Sep2026 01:47:16.815] [main/DEBUG] [mixin/]: Mixing MixinIronGolem from mca.mixins.json into net.minecraft.world.entity.animal.IronGolem
[04Sep2026 01:47:16.815] [main/DEBUG] [mixin/]: mca.mixins.json:MixinIronGolem from mod mca: Class version 65 required is higher than the class version supported by the current version of Mixin (JAVA_17 supports class version 61)
[04Sep2026 01:47:16.851] [main/DEBUG] [mixin/]: Mixing MixinItemStack from mca.mixins.json into net.minecraft.world.item.ItemStack
[04Sep2026 01:47:16.851] [main/DEBUG] [mixin/]: mca.mixins.json:MixinItemStack from mod mca: Class version 65 required is higher than the class version supported by the current version of Mixin (JAVA_17 supports class version 61)
[04Sep2026 01:47:16.853] [main/DEBUG] [mixin/]: Mixing common.ItemStackMixin from geckolib.mixins.json into net.minecraft.world.item.ItemStack
[04Sep2026 01:47:16.853] [main/DEBUG] [mixin/]: geckolib.mixins.json:common.ItemStackMixin from mod geckolib: Class version 65 required is higher than the class version supported by the current version of Mixin (JAVA_17 supports class version 61)
[04Sep2026 01:47:16.856] [main/DEBUG] [mixin/]: mca.mixins.json:MixinItemStack from mod mca->@Inject::mca$trySpawnReaper(Lnet/minecraft/world/item/context/UseOnContext;Lorg/spongepowered/asm/mixin/injection/callback/CallbackInfoReturnable;)V does use it's CallbackInfoReturnable
[04Sep2026 01:47:16.856] [main/DEBUG] [mixin/]: mca.mixins.json:MixinItemStack from mod mca->@Inject::mca$trySpawnReaper(Lnet/minecraft/world/item/context/UseOnContext;Lorg/spongepowered/asm/mixin/injection/callback/CallbackInfoReturnable;)V does use it's CallbackInfoReturnable
[04Sep2026 01:47:16.856] [main/DEBUG] [mixin/]: mca.mixins.json:MixinItemStack from mod mca->@Inject::mca$trySpawnReaper(Lnet/minecraft/world/item/context/UseOnContext;Lorg/spongepowered/asm/mixin/injection/callback/CallbackInfoReturnable;)V does use it's CallbackInfoReturnable
[04Sep2026 01:47:16.863] [main/DEBUG] [mixin/]: Mixing common.biome.MixinBiome from eclipticseasons.mixins.json into net.minecraft.world.level.biome.Biome
[04Sep2026 01:47:16.865] [main/DEBUG] [mixin/]: Mixing perf.remove_biome_temperature_cache.BiomeMixin from modernfix-modernfix.mixins.json into net.minecraft.world.level.biome.Biome
[04Sep2026 01:47:16.866] [main/WARN] [mixin/]: Static binding violation: PRIVATE @Overwrite method getTemperature in modernfix-modernfix.mixins.json:perf.remove_biome_temperature_cache.BiomeMixin from mod modernfix cannot reduce visibiliy of PUBLIC target method, visibility will be upgraded.
[04Sep2026 01:47:16.958] [main/DEBUG] [mixin/]: Mixing ConduitBlockEntityMixin from touhou_little_maid.mixins.json into net.minecraft.world.level.block.entity.ConduitBlockEntity
[04Sep2026 01:47:16.958] [main/DEBUG] [mixin/]: touhou_little_maid.mixins.json:ConduitBlockEntityMixin from mod touhou_little_maid: Class version 65 required is higher than the class version supported by the current version of Mixin (JAVA_17 supports class version 61)
[04Sep2026 01:47:16.960] [main/DEBUG] [mixin/]: touhou_little_maid.mixins.json:ConduitBlockEntityMixin from mod touhou_little_maid->@Inject::touhouLittleMaid$ApplyEffects(Lnet/minecraft/world/level/Level;Lnet/minecraft/core/BlockPos;Ljava/util/List;Lorg/spongepowered/asm/mixin/injection/callback/CallbackInfo;)V doesn't use it's CallbackInfo
[04Sep2026 01:47:17.059] [main/DEBUG] [mixin/]: Mixing game.MixinBeehiveBlockEntity from eclipticseasons.mixins.json into net.minecraft.world.level.block.entity.BeehiveBlockEntity
[04Sep2026 01:47:17.060] [main/DEBUG] [mixin/]: eclipticseasons.mixins.json:game.MixinBeehiveBlockEntity from mod eclipticseasons->@Inject::eclipticseasons$releaseOccupant(Lorg/spongepowered/asm/mixin/injection/callback/CallbackInfoReturnable;)V does use it's CallbackInfoReturnable
[04Sep2026 01:47:17.155] [main/DEBUG] [mixin/]: Mixing AbstractFishMixin from naturalist.mixins.json into net.minecraft.world.entity.animal.AbstractFish
[04Sep2026 01:47:17.157] [main/DEBUG] [mixin/]: naturalist.mixins.json:AbstractFishMixin from mod naturalist->@Inject::naturalist$blobfishNoFlop(Lorg/spongepowered/asm/mixin/injection/callback/CallbackInfo;)V does use it's CallbackInfo
[04Sep2026 01:47:17.167] [main/DEBUG] [mixin/]: Mixing PlacePumpkinPieMixin from farmersdelight.mixins.json into net.minecraft.world.item.Item
[04Sep2026 01:47:17.169] [main/DEBUG] [mixin/]: Mixing inject.MixinItem from architectury-common.mixins.json into net.minecraft.world.item.Item
[04Sep2026 01:47:17.169] [main/DEBUG] [mixin/]: architectury-common.mixins.json:inject.MixinItem from mod architectury: Class version 65 required is higher than the class version supported by the current version of Mixin (JAVA_16 supports class version 60)
[04Sep2026 01:47:17.171] [main/DEBUG] [mixin/]: farmersdelight.mixins.json:PlacePumpkinPieMixin from mod farmersdelight->@Inject::usePumpkinPie(Lnet/minecraft/world/item/context/UseOnContext;Lorg/spongepowered/asm/mixin/injection/callback/CallbackInfoReturnable;)V does use it's CallbackInfoReturnable
[04Sep2026 01:47:17.172] [main/DEBUG] [mixin/]: architectury-common.mixins.json:inject.MixinItem from mod architectury->@Inject::init(Lnet/minecraft/world/item/Item$Properties;Lorg/spongepowered/asm/mixin/injection/callback/CallbackInfo;)V doesn't use it's CallbackInfo
[04Sep2026 01:47:17.172] [main/DEBUG] [mixin/]: architectury-common.mixins.json:inject.MixinItem from mod architectury->@Inject::init(Lnet/minecraft/world/item/Item$Properties;Lorg/spongepowered/asm/mixin/injection/callback/CallbackInfo;)V has 0 override(s) in child classes
[04Sep2026 01:47:17.172] [main/DEBUG] [mixin/]: architectury-common.mixins.json:inject.MixinItem from mod architectury->@Inject::init(Lnet/minecraft/world/item/Item$Properties;Lorg/spongepowered/asm/mixin/injection/callback/CallbackInfo;)V won't be passed a CallbackInfo as a result
[04Sep2026 01:47:17.182] [main/DEBUG] [mixin/]: Mixing neoforge.MixinBucketItem from architectury.mixins.json into net.minecraft.world.item.BucketItem
[04Sep2026 01:47:17.182] [main/DEBUG] [mixin/]: architectury.mixins.json:neoforge.MixinBucketItem from mod architectury: Class version 65 required is higher than the class version supported by the current version of Mixin (JAVA_16 supports class version 60)
[04Sep2026 01:47:17.183] [main/DEBUG] [mixin/]: Mixing neoforge.BucketItemAccessor from architectury.mixins.json into net.minecraft.world.item.BucketItem
[04Sep2026 01:47:17.183] [main/DEBUG] [mixin/]: architectury.mixins.json:neoforge.BucketItemAccessor from mod architectury: Class version 65 required is higher than the class version supported by the current version of Mixin (JAVA_16 supports class version 60)
[04Sep2026 01:47:17.183] [main/DEBUG] [mixin/]: Mixing inject.MixinBucketItem from architectury-common.mixins.json into net.minecraft.world.item.BucketItem
[04Sep2026 01:47:17.183] [main/DEBUG] [mixin/]: architectury-common.mixins.json:inject.MixinBucketItem from mod architectury: Class version 65 required is higher than the class version supported by the current version of Mixin (JAVA_16 supports class version 60)
[04Sep2026 01:47:17.184] [main/DEBUG] [mixin/]: architectury.mixins.json:neoforge.MixinBucketItem from mod architectury->@Inject::fillBucket(Lnet/minecraft/world/level/Level;Lnet/minecraft/world/entity/player/Player;Lnet/minecraft/world/InteractionHand;Lorg/spongepowered/asm/mixin/injection/callback/CallbackInfoReturnable;Lnet/minecraft/world/item/ItemStack;Lnet/minecraft/world/phys/BlockHitResult;)V does use it's CallbackInfoReturnable
[04Sep2026 01:47:17.187] [main/DEBUG] [mixin/]: Mixing MixinMilkBucketItem from mca.mixins.json into net.minecraft.world.item.MilkBucketItem
[04Sep2026 01:47:17.187] [main/DEBUG] [mixin/]: mca.mixins.json:MixinMilkBucketItem from mod mca: Class version 65 required is higher than the class version supported by the current version of Mixin (JAVA_17 supports class version 61)
[04Sep2026 01:47:17.189] [main/DEBUG] [mixin/]: mca.mixins.json:MixinMilkBucketItem from mod mca->@Inject::mca$injectFinishUsingItem(Lnet/minecraft/world/item/ItemStack;Lnet/minecraft/world/level/Level;Lnet/minecraft/world/entity/LivingEntity;Lorg/spongepowered/asm/mixin/injection/callback/CallbackInfoReturnable;)V doesn't use it's CallbackInfoReturnable
[04Sep2026 01:47:17.189] [main/DEBUG] [mixin/]: mca.mixins.json:MixinMilkBucketItem from mod mca->@Inject::mca$injectFinishUsingItem(Lnet/minecraft/world/item/ItemStack;Lnet/minecraft/world/level/Level;Lnet/minecraft/world/entity/LivingEntity;Lorg/spongepowered/asm/mixin/injection/callback/CallbackInfoReturnable;)V has 0 override(s) in child classes
[04Sep2026 01:47:17.189] [main/DEBUG] [mixin/]: mca.mixins.json:MixinMilkBucketItem from mod mca->@Inject::mca$injectFinishUsingItem(Lnet/minecraft/world/item/ItemStack;Lnet/minecraft/world/level/Level;Lnet/minecraft/world/entity/LivingEntity;Lorg/spongepowered/asm/mixin/injection/callback/CallbackInfoReturnable;)V won't be passed a CallbackInfoReturnable as a result
[04Sep2026 01:47:17.189] [main/DEBUG] [mixin/]: mca.mixins.json:MixinMilkBucketItem from mod mca->@Inject::mca$injectFinishUsingItem(Lnet/minecraft/world/item/ItemStack;Lnet/minecraft/world/level/Level;Lnet/minecraft/world/entity/LivingEntity;Lorg/spongepowered/asm/mixin/injection/callback/CallbackInfoReturnable;)V doesn't use it's CallbackInfoReturnable
[04Sep2026 01:47:17.189] [main/DEBUG] [mixin/]: mca.mixins.json:MixinMilkBucketItem from mod mca->@Inject::mca$injectFinishUsingItem(Lnet/minecraft/world/item/ItemStack;Lnet/minecraft/world/level/Level;Lnet/minecraft/world/entity/LivingEntity;Lorg/spongepowered/asm/mixin/injection/callback/CallbackInfoReturnable;)V has 0 override(s) in child classes
[04Sep2026 01:47:17.189] [main/DEBUG] [mixin/]: mca.mixins.json:MixinMilkBucketItem from mod mca->@Inject::mca$injectFinishUsingItem(Lnet/minecraft/world/item/ItemStack;Lnet/minecraft/world/level/Level;Lnet/minecraft/world/entity/LivingEntity;Lorg/spongepowered/asm/mixin/injection/callback/CallbackInfoReturnable;)V won't be passed a CallbackInfoReturnable as a result
[04Sep2026 01:47:17.193] [main/DEBUG] [mixin/]: Mixing common.item.MixinMapItem from eclipticseasons.mixins.json into net.minecraft.world.item.MapItem
[04Sep2026 01:47:17.193] [main/DEBUG] [mixin/]: Mixing MapItemMixin from naturalist.mixins.json into net.minecraft.world.item.MapItem
[04Sep2026 01:47:17.204] [main/DEBUG] [mixin/]: naturalist.mixins.json:MapItemMixin from mod naturalist->@Inject::onUpdate(Lnet/minecraft/world/level/Level;Lnet/minecraft/world/entity/Entity;Lnet/minecraft/world/level/saveddata/maps/MapItemSavedData;Lorg/spongepowered/asm/mixin/injection/callback/CallbackInfo;)V doesn't use it's CallbackInfo
[04Sep2026 01:47:17.204] [main/DEBUG] [mixin/]: naturalist.mixins.json:MapItemMixin from mod naturalist->@Inject::onUpdate(Lnet/minecraft/world/level/Level;Lnet/minecraft/world/entity/Entity;Lnet/minecraft/world/level/saveddata/maps/MapItemSavedData;Lorg/spongepowered/asm/mixin/injection/callback/CallbackInfo;)V has 0 override(s) in child classes
[04Sep2026 01:47:17.204] [main/DEBUG] [mixin/]: naturalist.mixins.json:MapItemMixin from mod naturalist->@Inject::onUpdate(Lnet/minecraft/world/level/Level;Lnet/minecraft/world/entity/Entity;Lnet/minecraft/world/level/saveddata/maps/MapItemSavedData;Lorg/spongepowered/asm/mixin/injection/callback/CallbackInfo;)V won't be passed a CallbackInfo as a result
[04Sep2026 01:47:17.207] [main/DEBUG] [mixin/]: Mixing BottleItemMixin from naturalist.mixins.json into net.minecraft.world.item.BottleItem
[04Sep2026 01:47:17.208] [main/DEBUG] [mixin/]: Renaming synthetic method lambda$onUse$0(Lnet/minecraft/world/entity/AreaEffectCloud;)Z to mddff919$naturalist$lambda$onUse$0$0 in naturalist.mixins.json:BottleItemMixin from mod naturalist
[04Sep2026 01:47:17.215] [main/DEBUG] [mixin/]: naturalist.mixins.json:BottleItemMixin from mod naturalist->@Inject::onUse(Lnet/minecraft/world/level/Level;Lnet/minecraft/world/entity/player/Player;Lnet/minecraft/world/InteractionHand;Lorg/spongepowered/asm/mixin/injection/callback/CallbackInfoReturnable;)V does use it's CallbackInfoReturnable
[04Sep2026 01:47:17.223] [main/DEBUG] [mixin/]: Mixing MixinCrossbowItem from touhou_little_maid.mixins.json into net.minecraft.world.item.CrossbowItem
[04Sep2026 01:47:17.223] [main/DEBUG] [mixin/]: touhou_little_maid.mixins.json:MixinCrossbowItem from mod touhou_little_maid: Class version 65 required is higher than the class version supported by the current version of Mixin (JAVA_17 supports class version 61)
[04Sep2026 01:47:17.226] [main/DEBUG] [mixin/]: touhou_little_maid.mixins.json:MixinCrossbowItem from mod touhou_little_maid->@Inject::shootProjectile(Lnet/minecraft/world/entity/LivingEntity;Lnet/minecraft/world/entity/projectile/Projectile;IFFFLnet/minecraft/world/entity/LivingEntity;Lorg/spongepowered/asm/mixin/injection/callback/CallbackInfo;)V does use it's CallbackInfo
[04Sep2026 01:47:17.239] [main/DEBUG] [mixin/]: Mixing inject.MixinItemProperties from architectury-common.mixins.json into net.minecraft.world.item.Item$Properties
[04Sep2026 01:47:17.239] [main/DEBUG] [mixin/]: architectury-common.mixins.json:inject.MixinItemProperties from mod architectury: Class version 65 required is higher than the class version supported by the current version of Mixin (JAVA_16 supports class version 60)
[04Sep2026 01:47:17.242] [main/DEBUG] [mixin/]: Mixing perf.encoder_cache_leak.EncoderCacheAccessor from modernfix-modernfix.mixins.json into net.minecraft.util.EncoderCache
[04Sep2026 01:47:17.255] [main/DEBUG] [mixin/]: Mixing EnchantmentMixin from naturalist.mixins.json into net.minecraft.world.item.enchantment.Enchantment
[04Sep2026 01:47:17.256] [main/DEBUG] [mixin/]: naturalist.mixins.json:EnchantmentMixin from mod naturalist->@Inject::naturalist$hedgehogCanEnchant(Lnet/minecraft/world/item/ItemStack;Lorg/spongepowered/asm/mixin/injection/callback/CallbackInfoReturnable;)V does use it's CallbackInfoReturnable
[04Sep2026 01:47:17.256] [main/DEBUG] [mixin/]: naturalist.mixins.json:EnchantmentMixin from mod naturalist->@Inject::naturalist$hedgehogIsSupportedItem(Lnet/minecraft/world/item/ItemStack;Lorg/spongepowered/asm/mixin/injection/callback/CallbackInfoReturnable;)V does use it's CallbackInfoReturnable
[04Sep2026 01:47:17.256] [main/DEBUG] [mixin/]: naturalist.mixins.json:EnchantmentMixin from mod naturalist->@Inject::naturalist$hedgehogIsPrimaryItem(Lnet/minecraft/world/item/ItemStack;Lorg/spongepowered/asm/mixin/injection/callback/CallbackInfoReturnable;)V does use it's CallbackInfoReturnable
[04Sep2026 01:47:17.272] [main/DEBUG] [io.netty.util.internal.PlatformDependent0/]: -Dio.netty.noUnsafe: false
[04Sep2026 01:47:17.272] [main/DEBUG] [io.netty.util.internal.PlatformDependent0/]: Java version: 21
[04Sep2026 01:47:17.273] [main/DEBUG] [io.netty.util.internal.PlatformDependent0/]: sun.misc.Unsafe.theUnsafe: available
[04Sep2026 01:47:17.273] [main/DEBUG] [io.netty.util.internal.PlatformDependent0/]: sun.misc.Unsafe.copyMemory: available
[04Sep2026 01:47:17.273] [main/DEBUG] [io.netty.util.internal.PlatformDependent0/]: sun.misc.Unsafe.storeFence: available
[04Sep2026 01:47:17.273] [main/DEBUG] [io.netty.util.internal.PlatformDependent0/]: java.nio.Buffer.address: available
[04Sep2026 01:47:17.274] [main/DEBUG] [io.netty.util.internal.PlatformDependent0/]: java.nio.Bits.unaligned: available, true
[04Sep2026 01:47:17.274] [main/DEBUG] [io.netty.util.internal.PlatformDependent0/]: java.nio.DirectByteBuffer.<init>(long, {int,long}): unavailable
[04Sep2026 01:47:17.275] [main/DEBUG] [io.netty.util.internal.PlatformDependent/]: sun.misc.Unsafe: available
[04Sep2026 01:47:17.275] [main/DEBUG] [io.netty.util.internal.PlatformDependent/]: maxDirectMemory: 4152360960 bytes (maybe)
[04Sep2026 01:47:17.275] [main/DEBUG] [io.netty.util.internal.PlatformDependent/]: -Dio.netty.tmpdir: /tmp (java.io.tmpdir)
[04Sep2026 01:47:17.275] [main/DEBUG] [io.netty.util.internal.PlatformDependent/]: -Dio.netty.bitMode: 64 (sun.arch.data.model)
[04Sep2026 01:47:17.275] [main/DEBUG] [io.netty.util.internal.PlatformDependent/]: -Dio.netty.maxDirectMemory: -1 bytes
[04Sep2026 01:47:17.275] [main/DEBUG] [io.netty.util.internal.PlatformDependent/]: -Dio.netty.uninitializedArrayAllocationThreshold: -1
[04Sep2026 01:47:17.276] [main/DEBUG] [io.netty.util.internal.CleanerJava9/]: java.nio.ByteBuffer.cleaner(): available
[04Sep2026 01:47:17.276] [main/DEBUG] [io.netty.util.internal.PlatformDependent/]: -Dio.netty.noPreferDirect: false
[04Sep2026 01:47:17.307] [main/DEBUG] [mixin/]: Mixing MixinNbtPredicate from curios.neoforge.mixins.json into net.minecraft.advancements.critereon.NbtPredicate
[04Sep2026 01:47:17.319] [main/DEBUG] [mixin/]: Mixing common.entity.MixinServerPlayer from eclipticseasons.mixins.json into net.minecraft.server.level.ServerPlayer
[04Sep2026 01:47:17.319] [main/DEBUG] [mixin/]: Mixing common.ServerPlayerMixin from tacz.mixins.json into net.minecraft.server.level.ServerPlayer
[04Sep2026 01:47:17.320] [main/DEBUG] [mixin/]: tacz.mixins.json:common.ServerPlayerMixin from mod tacz: Class version 65 required is higher than the class version supported by the current version of Mixin (JAVA_17 supports class version 61)
[04Sep2026 01:47:17.320] [main/DEBUG] [mixin/]: Mixing ServerPlayerMixin from playerrevive.mixins.json into net.minecraft.server.level.ServerPlayer
[04Sep2026 01:47:17.320] [main/DEBUG] [mixin/]: playerrevive.mixins.json:ServerPlayerMixin from mod playerrevive: Class version 65 required is higher than the class version supported by the current version of Mixin (JAVA_17 supports class version 61)
[04Sep2026 01:47:17.322] [main/DEBUG] [mixin/]: tacz.mixins.json:common.ServerPlayerMixin from mod tacz->@Inject::initialGunOperateData(Lnet/minecraft/server/level/ServerPlayer;ZLorg/spongepowered/asm/mixin/injection/callback/CallbackInfo;)V doesn't use it's CallbackInfo
[04Sep2026 01:47:17.322] [main/DEBUG] [mixin/]: tacz.mixins.json:common.ServerPlayerMixin from mod tacz->@Inject::initialGunOperateData(Lnet/minecraft/server/level/ServerPlayer;ZLorg/spongepowered/asm/mixin/injection/callback/CallbackInfo;)V has 0 override(s) in child classes
[04Sep2026 01:47:17.322] [main/DEBUG] [mixin/]: tacz.mixins.json:common.ServerPlayerMixin from mod tacz->@Inject::initialGunOperateData(Lnet/minecraft/server/level/ServerPlayer;ZLorg/spongepowered/asm/mixin/injection/callback/CallbackInfo;)V won't be passed a CallbackInfo as a result
[04Sep2026 01:47:17.322] [main/DEBUG] [mixin/]: playerrevive.mixins.json:ServerPlayerMixin from mod playerrevive->@Inject::getPermissionLevel(Lorg/spongepowered/asm/mixin/injection/callback/CallbackInfoReturnable;)V does use it's CallbackInfoReturnable
[04Sep2026 01:47:17.330] [main/DEBUG] [mixin/]: Mixing PatchedDataComponentMapMixin from ferritecore.datacomponents.mixin.json into net.minecraft.core.component.PatchedDataComponentMap
[04Sep2026 01:47:17.331] [main/DEBUG] [mixin/]: ferritecore.datacomponents.mixin.json:PatchedDataComponentMapMixin from mod ferritecore: Class version 65 required is higher than the class version supported by the current version of Mixin (JAVA_17 supports class version 61)
[04Sep2026 01:47:17.332] [main/DEBUG] [mixin/]: ferritecore.datacomponents.mixin.json:PatchedDataComponentMapMixin from mod ferritecore->@Inject::saveMemoryIfEmpty(Lorg/spongepowered/asm/mixin/injection/callback/CallbackInfo;)V doesn't use it's CallbackInfo
[04Sep2026 01:47:17.332] [main/DEBUG] [mixin/]: ferritecore.datacomponents.mixin.json:PatchedDataComponentMapMixin from mod ferritecore->@Inject::saveMemoryIfEmpty(Lorg/spongepowered/asm/mixin/injection/callback/CallbackInfo;)V doesn't use it's CallbackInfo
[04Sep2026 01:47:17.333] [main/DEBUG] [mixin/]: ferritecore.datacomponents.mixin.json:PatchedDataComponentMapMixin from mod ferritecore->@Inject::saveMemoryIfEmptyWithReturn(Lorg/spongepowered/asm/mixin/injection/callback/CallbackInfoReturnable;)V does use it's CallbackInfoReturnable
[04Sep2026 01:47:17.333] [main/DEBUG] [mixin/]: ferritecore.datacomponents.mixin.json:PatchedDataComponentMapMixin from mod ferritecore->@Inject::saveMemoryIfEmptyWithReturn(Lorg/spongepowered/asm/mixin/injection/callback/CallbackInfoReturnable;)V does use it's CallbackInfoReturnable
[04Sep2026 01:47:17.371] [main/DEBUG] [mixin/]: Mixing perf.ticking_chunk_alloc.ChunkAccessMixin from modernfix-modernfix.mixins.json into net.minecraft.world.level.chunk.ChunkAccess
[04Sep2026 01:47:17.373] [main/DEBUG] [mixin/]: Mixing common.chunk.MixinChunkAccess from eclipticseasons.mixins.json into net.minecraft.world.level.chunk.ChunkAccess
[04Sep2026 01:47:17.374] [main/DEBUG] [mixin/]: Mixing perf.compact_imposterprotochunks.ChunkAccessMixin from modernfix-modernfix.mixins.json into net.minecraft.world.level.chunk.ChunkAccess
[04Sep2026 01:47:17.377] [main/DEBUG] [mixin/]: Mixing common.chunk.MixinLevelChunk from eclipticseasons.mixins.json into net.minecraft.world.level.chunk.LevelChunk
[04Sep2026 01:47:17.379] [main/DEBUG] [mixin/]: eclipticseasons.mixins.json:common.chunk.MixinLevelChunk from mod eclipticseasons->@Inject::eclipticseasons$server_setBlockState(Lnet/minecraft/core/BlockPos;Lnet/minecraft/world/level/block/state/BlockState;ZLorg/spongepowered/asm/mixin/injection/callback/CallbackInfoReturnable;)V doesn't use it's CallbackInfoReturnable
[04Sep2026 01:47:17.379] [main/DEBUG] [mixin/]: eclipticseasons.mixins.json:common.chunk.MixinLevelChunk from mod eclipticseasons->@Inject::eclipticseasons$server_setBlockState(Lnet/minecraft/core/BlockPos;Lnet/minecraft/world/level/block/state/BlockState;ZLorg/spongepowered/asm/mixin/injection/callback/CallbackInfoReturnable;)V has 0 override(s) in child classes
[04Sep2026 01:47:17.379] [main/DEBUG] [mixin/]: eclipticseasons.mixins.json:common.chunk.MixinLevelChunk from mod eclipticseasons->@Inject::eclipticseasons$server_setBlockState(Lnet/minecraft/core/BlockPos;Lnet/minecraft/world/level/block/state/BlockState;ZLorg/spongepowered/asm/mixin/injection/callback/CallbackInfoReturnable;)V won't be passed a CallbackInfoReturnable as a result
[04Sep2026 01:47:17.445] [main/DEBUG] [mixin/]: Mixing MixinAllay from sophisticatedcore.mixins.json into net.minecraft.world.entity.animal.allay.Allay
[04Sep2026 01:47:17.445] [main/DEBUG] [mixin/]: sophisticatedcore.mixins.json:MixinAllay from mod sophisticatedcore: Class version 65 required is higher than the class version supported by the current version of Mixin (JAVA_17 supports class version 61)
[04Sep2026 01:47:17.448] [main/DEBUG] [mixin/]: sophisticatedcore.mixins.json:MixinAllay from mod sophisticatedcore->@Inject::sophisticatedcore$startDancingNearStorageJukebox(Lorg/spongepowered/asm/mixin/injection/callback/CallbackInfo;)V doesn't use it's CallbackInfo
[04Sep2026 01:47:17.448] [main/DEBUG] [mixin/]: sophisticatedcore.mixins.json:MixinAllay from mod sophisticatedcore->@Inject::sophisticatedcore$startDancingNearStorageJukebox(Lorg/spongepowered/asm/mixin/injection/callback/CallbackInfo;)V has 0 override(s) in child classes
[04Sep2026 01:47:17.448] [main/DEBUG] [mixin/]: sophisticatedcore.mixins.json:MixinAllay from mod sophisticatedcore->@Inject::sophisticatedcore$startDancingNearStorageJukebox(Lorg/spongepowered/asm/mixin/injection/callback/CallbackInfo;)V won't be passed a CallbackInfo as a result
[04Sep2026 01:47:17.448] [main/DEBUG] [mixin/]: sophisticatedcore.mixins.json:MixinAllay from mod sophisticatedcore->@Inject::sophisticatedcore$keepDancingNearStorageJukebox(Lorg/spongepowered/asm/mixin/injection/callback/CallbackInfoReturnable;)V does use it's CallbackInfoReturnable
[04Sep2026 01:47:17.456] [main/DEBUG] [mixin/]: Mixing ItemFrameTickMixin from maid_storage_manager.mixins.json into net.minecraft.world.entity.decoration.BlockAttachedEntity
[04Sep2026 01:47:17.456] [main/DEBUG] [mixin/]: maid_storage_manager.mixins.json:ItemFrameTickMixin from mod maid_storage_manager: Class version 65 required is higher than the class version supported by the current version of Mixin (JAVA_8 supports class version 52)
[04Sep2026 01:47:17.485] [main/DEBUG] [mixin/]: maid_storage_manager.mixins.json:ItemFrameTickMixin from mod maid_storage_manager->@Inject::tick(Lorg/spongepowered/asm/mixin/injection/callback/CallbackInfo;)V doesn't use it's CallbackInfo
[04Sep2026 01:47:17.485] [main/DEBUG] [mixin/]: maid_storage_manager.mixins.json:ItemFrameTickMixin from mod maid_storage_manager->@Inject::tick(Lorg/spongepowered/asm/mixin/injection/callback/CallbackInfo;)V has 0 override(s) in child classes
[04Sep2026 01:47:17.485] [main/DEBUG] [mixin/]: maid_storage_manager.mixins.json:ItemFrameTickMixin from mod maid_storage_manager->@Inject::tick(Lorg/spongepowered/asm/mixin/injection/callback/CallbackInfo;)V won't be passed a CallbackInfo as a result
[04Sep2026 01:47:17.487] [main/DEBUG] [mixin/]: Mixing NavigationMixin from touhou_little_maid.mixins.json into net.minecraft.world.entity.ai.navigation.PathNavigation
[04Sep2026 01:47:17.487] [main/DEBUG] [mixin/]: touhou_little_maid.mixins.json:NavigationMixin from mod touhou_little_maid: Class version 65 required is higher than the class version supported by the current version of Mixin (JAVA_17 supports class version 61)
[04Sep2026 01:47:17.498] [main/DEBUG] [mixin/]: Mixing perf.dynamic_dfu.DataFixersMixin from modernfix-modernfix.mixins.json into net.minecraft.util.datafix.DataFixers
[04Sep2026 01:47:17.550] [main/DEBUG] [mixin/]: Mixing datafix.ItemStackComponentizationFixMixin from farmersdelight.mixins.json into net.minecraft.util.datafix.fixes.ItemStackComponentizationFix
[04Sep2026 01:47:17.551] [main/DEBUG] [mixin/]: Renaming synthetic method lambda$fixCustomStacks$2(Lnet/minecraft/util/datafix/fixes/ItemStackComponentizationFix$ItemStackData;Lcom/mojang/serialization/Dynamic;)Lcom/mojang/serialization/Dynamic; to mddff919$farmersdelight$lambda$fixCustomStacks$2$0 in farmersdelight.mixins.json:datafix.ItemStackComponentizationFixMixin from mod farmersdelight
[04Sep2026 01:47:17.551] [main/DEBUG] [mixin/]: Renaming synthetic method lambda$fixCustomStacks$1(Lcom/mojang/serialization/Dynamic;)Lcom/mojang/serialization/Dynamic; to mddff919$farmersdelight$lambda$fixCustomStacks$1$1 in farmersdelight.mixins.json:datafix.ItemStackComponentizationFixMixin from mod farmersdelight
[04Sep2026 01:47:17.551] [main/DEBUG] [mixin/]: Renaming synthetic method lambda$fixCustomStacks$0(Lnet/minecraft/util/datafix/fixes/ItemStackComponentizationFix$ItemStackData;Lcom/mojang/serialization/Dynamic;)V to mddff919$farmersdelight$lambda$fixCustomStacks$0$2 in farmersdelight.mixins.json:datafix.ItemStackComponentizationFixMixin from mod farmersdelight
[04Sep2026 01:47:17.555] [main/DEBUG] [mixin/]: farmersdelight.mixins.json:datafix.ItemStackComponentizationFixMixin from mod farmersdelight->@Inject::fixCustomStacks(Lnet/minecraft/util/datafix/fixes/ItemStackComponentizationFix$ItemStackData;Lcom/mojang/serialization/Dynamic;Lorg/spongepowered/asm/mixin/injection/callback/CallbackInfo;)V doesn't use it's CallbackInfo
[04Sep2026 01:47:17.647] [main/DEBUG] [mixin/]: Mixing perf.compact_mojang_registries.BlockStateDataMixin from modernfix-modernfix.mixins.json into net.minecraft.util.datafix.fixes.BlockStateData
[04Sep2026 01:47:17.651] [main/DEBUG] [mixin/]: modernfix-modernfix.mixins.json:perf.compact_mojang_registries.BlockStateDataMixin from mod modernfix->@Inject::clearInterner(Lorg/spongepowered/asm/mixin/injection/callback/CallbackInfo;)V doesn't use it's CallbackInfo
[04Sep2026 01:47:17.771] [main/DEBUG] [mixin/]: Mixing datafix.V1460Mixin from farmersdelight.mixins.json into net.minecraft.util.datafix.schemas.V1460
[04Sep2026 01:47:17.771] [main/DEBUG] [mixin/]: Renaming synthetic method lambda$farmersdelight$registerHandlerInventory$1(Lcom/mojang/datafixers/schemas/Schema;Ljava/lang/String;)Lcom/mojang/datafixers/types/templates/TypeTemplate; to mddff919$farmersdelight$lambda$farmersdelight$registerHandlerInventory$1$0 in farmersdelight.mixins.json:datafix.V1460Mixin from mod farmersdelight
[04Sep2026 01:47:17.771] [main/DEBUG] [mixin/]: Renaming synthetic method lambda$registerFarmersDelightBlockEntities$0(Lcom/mojang/datafixers/schemas/Schema;Ljava/lang/String;)Lcom/mojang/datafixers/types/templates/TypeTemplate; to mddff919$farmersdelight$lambda$registerFarmersDelightBlockEntities$0$1 in farmersdelight.mixins.json:datafix.V1460Mixin from mod farmersdelight
[04Sep2026 01:47:17.773] [main/DEBUG] [mixin/]: Mixing MixinV1460 from curios.neoforge.mixins.json into net.minecraft.util.datafix.schemas.V1460
[04Sep2026 01:47:17.775] [main/DEBUG] [mixin/]: farmersdelight.mixins.json:datafix.V1460Mixin from mod farmersdelight->@Inject::registerFarmersDelightBlockEntities(Lcom/mojang/datafixers/schemas/Schema;Lorg/spongepowered/asm/mixin/injection/callback/CallbackInfoReturnable;)V does use it's CallbackInfoReturnable
[04Sep2026 01:47:17.775] [main/DEBUG] [mixin/]: curios.neoforge.mixins.json:MixinV1460 from mod curios->@Inject::captureSchema(Lcom/mojang/datafixers/schemas/Schema;Ljava/util/Map;Ljava/util/Map;Lorg/spongepowered/asm/mixin/injection/callback/CallbackInfo;)V doesn't use it's CallbackInfo
[04Sep2026 01:47:17.775] [main/DEBUG] [mixin/]: curios.neoforge.mixins.json:MixinV1460 from mod curios->@Inject::captureSchema(Lcom/mojang/datafixers/schemas/Schema;Ljava/util/Map;Ljava/util/Map;Lorg/spongepowered/asm/mixin/injection/callback/CallbackInfo;)V has 0 override(s) in child classes
[04Sep2026 01:47:17.775] [main/DEBUG] [mixin/]: curios.neoforge.mixins.json:MixinV1460 from mod curios->@Inject::captureSchema(Lcom/mojang/datafixers/schemas/Schema;Ljava/util/Map;Ljava/util/Map;Lorg/spongepowered/asm/mixin/injection/callback/CallbackInfo;)V won't be passed a CallbackInfo as a result
[04Sep2026 01:47:17.934] [main/DEBUG] [mixin/]: Mixing datafix.V3818_3Mixin from farmersdelight.mixins.json into net.minecraft.util.datafix.schemas.V3818_3
[04Sep2026 01:47:17.968] [main/DEBUG] [mixin/]: Mixing perf.ticking_chunk_alloc.BatMixin from modernfix-modernfix.mixins.json into net.minecraft.world.entity.ambient.Bat
[04Sep2026 01:47:17.975] [main/DEBUG] [mixin/]: Mixing game.MixinBreedGoal from eclipticseasons.mixins.json into net.minecraft.world.entity.ai.goal.BreedGoal
[04Sep2026 01:47:17.977] [main/DEBUG] [mixin/]: Mixing game.MixinBee_BeePollinateGoal from eclipticseasons.mixins.json into net.minecraft.world.entity.animal.Bee$BeePollinateGoal
[04Sep2026 01:47:18.021] [main/DEBUG] [mixin/]: Mixing game.MixinCow from eclipticseasons.mixins.json into net.minecraft.world.entity.animal.Cow
[04Sep2026 01:47:18.023] [main/DEBUG] [mixin/]: Mixing CreeperMixin from naturalist.mixins.json into net.minecraft.world.entity.monster.Creeper
[04Sep2026 01:47:18.026] [main/DEBUG] [mixin/]: naturalist.mixins.json:CreeperMixin from mod naturalist->@Inject::onRegisterGoals(Lorg/spongepowered/asm/mixin/injection/callback/CallbackInfo;)V doesn't use it's CallbackInfo
[04Sep2026 01:47:18.026] [main/DEBUG] [mixin/]: naturalist.mixins.json:CreeperMixin from mod naturalist->@Inject::onRegisterGoals(Lorg/spongepowered/asm/mixin/injection/callback/CallbackInfo;)V has 0 override(s) in child classes
[04Sep2026 01:47:18.026] [main/DEBUG] [mixin/]: naturalist.mixins.json:CreeperMixin from mod naturalist->@Inject::onRegisterGoals(Lorg/spongepowered/asm/mixin/injection/callback/CallbackInfo;)V won't be passed a CallbackInfo as a result
[04Sep2026 01:47:18.035] [main/DEBUG] [mixin/]: Mixing MixinZombie from mca.mixins.json into net.minecraft.world.entity.monster.Zombie
[04Sep2026 01:47:18.035] [main/DEBUG] [mixin/]: mca.mixins.json:MixinZombie from mod mca: Class version 65 required is higher than the class version supported by the current version of Mixin (JAVA_17 supports class version 61)
[04Sep2026 01:47:18.035] [main/DEBUG] [mixin/]: Mixing ZombieMixin from naturalist.mixins.json into net.minecraft.world.entity.monster.Zombie
[04Sep2026 01:47:18.040] [main/DEBUG] [mixin/]: naturalist.mixins.json:ZombieMixin from mod naturalist->@Inject::registerGoals(Lorg/spongepowered/asm/mixin/injection/callback/CallbackInfo;)V doesn't use it's CallbackInfo
[04Sep2026 01:47:18.040] [main/DEBUG] [mixin/]: naturalist.mixins.json:ZombieMixin from mod naturalist->@Inject::registerGoals(Lorg/spongepowered/asm/mixin/injection/callback/CallbackInfo;)V has 0 override(s) in child classes
[04Sep2026 01:47:18.040] [main/DEBUG] [mixin/]: naturalist.mixins.json:ZombieMixin from mod naturalist->@Inject::registerGoals(Lorg/spongepowered/asm/mixin/injection/callback/CallbackInfo;)V won't be passed a CallbackInfo as a result
[04Sep2026 01:47:18.043] [main/DEBUG] [mixin/]: Mixing MixinZombieVillager from mca.mixins.json into net.minecraft.world.entity.monster.ZombieVillager
[04Sep2026 01:47:18.043] [main/DEBUG] [mixin/]: mca.mixins.json:MixinZombieVillager from mod mca: Class version 65 required is higher than the class version supported by the current version of Mixin (JAVA_17 supports class version 61)
[04Sep2026 01:47:18.045] [main/DEBUG] [mixin/]: mca.mixins.json:MixinZombieVillager from mod mca->@Inject::mca$injectFinalizeSpawn(Lnet/minecraft/world/level/ServerLevelAccessor;Lnet/minecraft/world/DifficultyInstance;Lnet/minecraft/world/entity/MobSpawnType;Lnet/minecraft/world/entity/SpawnGroupData;Lorg/spongepowered/asm/mixin/injection/callback/CallbackInfoReturnable;)V doesn't use it's CallbackInfoReturnable
[04Sep2026 01:47:18.045] [main/DEBUG] [mixin/]: mca.mixins.json:MixinZombieVillager from mod mca->@Inject::mca$injectFinalizeSpawn(Lnet/minecraft/world/level/ServerLevelAccessor;Lnet/minecraft/world/DifficultyInstance;Lnet/minecraft/world/entity/MobSpawnType;Lnet/minecraft/world/entity/SpawnGroupData;Lorg/spongepowered/asm/mixin/injection/callback/CallbackInfoReturnable;)V has 0 override(s) in child classes
[04Sep2026 01:47:18.045] [main/DEBUG] [mixin/]: mca.mixins.json:MixinZombieVillager from mod mca->@Inject::mca$injectFinalizeSpawn(Lnet/minecraft/world/level/ServerLevelAccessor;Lnet/minecraft/world/DifficultyInstance;Lnet/minecraft/world/entity/MobSpawnType;Lnet/minecraft/world/entity/SpawnGroupData;Lorg/spongepowered/asm/mixin/injection/callback/CallbackInfoReturnable;)V won't be passed a CallbackInfoReturnable as a result
[04Sep2026 01:47:18.049] [main/DEBUG] [mixin/]: Mixing ThrownTridentMixin from touhou_little_maid.mixins.json into net.minecraft.world.entity.projectile.ThrownTrident
[04Sep2026 01:47:18.049] [main/DEBUG] [mixin/]: touhou_little_maid.mixins.json:ThrownTridentMixin from mod touhou_little_maid: Class version 65 required is higher than the class version supported by the current version of Mixin (JAVA_17 supports class version 61)
[04Sep2026 01:47:18.050] [main/DEBUG] [mixin/]: touhou_little_maid.mixins.json:ThrownTridentMixin from mod touhou_little_maid->@Inject::onHitEntity(Lnet/minecraft/world/phys/EntityHitResult;Lorg/spongepowered/asm/mixin/injection/callback/CallbackInfo;)V doesn't use it's CallbackInfo
[04Sep2026 01:47:18.050] [main/DEBUG] [mixin/]: touhou_little_maid.mixins.json:ThrownTridentMixin from mod touhou_little_maid->@Inject::onHitEntity(Lnet/minecraft/world/phys/EntityHitResult;Lorg/spongepowered/asm/mixin/injection/callback/CallbackInfo;)V has 0 override(s) in child classes
[04Sep2026 01:47:18.050] [main/DEBUG] [mixin/]: touhou_little_maid.mixins.json:ThrownTridentMixin from mod touhou_little_maid->@Inject::onHitEntity(Lnet/minecraft/world/phys/EntityHitResult;Lorg/spongepowered/asm/mixin/injection/callback/CallbackInfo;)V won't be passed a CallbackInfo as a result
[04Sep2026 01:47:18.077] [main/DEBUG] [mixin/]: Mixing FoxMixin from naturalist.mixins.json into net.minecraft.world.entity.animal.Fox
[04Sep2026 01:47:18.079] [main/DEBUG] [mixin/]: naturalist.mixins.json:FoxMixin from mod naturalist->@Inject::naturalist$carryWildOnes(Lnet/minecraft/world/level/ServerLevelAccessor;Lnet/minecraft/world/DifficultyInstance;Lnet/minecraft/world/entity/MobSpawnType;Lnet/minecraft/world/entity/SpawnGroupData;Lorg/spongepowered/asm/mixin/injection/callback/CallbackInfoReturnable;)V doesn't use it's CallbackInfoReturnable
[04Sep2026 01:47:18.079] [main/DEBUG] [mixin/]: naturalist.mixins.json:FoxMixin from mod naturalist->@Inject::naturalist$carryWildOnes(Lnet/minecraft/world/level/ServerLevelAccessor;Lnet/minecraft/world/DifficultyInstance;Lnet/minecraft/world/entity/MobSpawnType;Lnet/minecraft/world/entity/SpawnGroupData;Lorg/spongepowered/asm/mixin/injection/callback/CallbackInfoReturnable;)V has 0 override(s) in child classes
[04Sep2026 01:47:18.079] [main/DEBUG] [mixin/]: naturalist.mixins.json:FoxMixin from mod naturalist->@Inject::naturalist$carryWildOnes(Lnet/minecraft/world/level/ServerLevelAccessor;Lnet/minecraft/world/DifficultyInstance;Lnet/minecraft/world/entity/MobSpawnType;Lnet/minecraft/world/entity/SpawnGroupData;Lorg/spongepowered/asm/mixin/injection/callback/CallbackInfoReturnable;)V won't be passed a CallbackInfoReturnable as a result
[04Sep2026 01:47:18.095] [main/DEBUG] [mixin/]: Mixing MixinGoat from mca.mixins.json into net.minecraft.world.entity.animal.goat.Goat
[04Sep2026 01:47:18.095] [main/DEBUG] [mixin/]: mca.mixins.json:MixinGoat from mod mca: Class version 65 required is higher than the class version supported by the current version of Mixin (JAVA_17 supports class version 61)
[04Sep2026 01:47:18.095] [main/DEBUG] [mixin/]: Renaming synthetic method lambda$mca$injectGetMilkingSound$1(Lnet/minecraft/server/level/ServerPlayer;)V to mddff919$mca$lambda$mca$injectGetMilkingSound$1$0 in mca.mixins.json:MixinGoat from mod mca
[04Sep2026 01:47:18.095] [main/DEBUG] [mixin/]: Renaming synthetic method lambda$mca$injectGetMilkingSound$0(Lnet/minecraft/server/level/ServerPlayer;)Z to mddff919$mca$lambda$mca$injectGetMilkingSound$0$1 in mca.mixins.json:MixinGoat from mod mca
[04Sep2026 01:47:18.103] [main/DEBUG] [mixin/]: mca.mixins.json:MixinGoat from mod mca->@Inject::mca$injectGetMilkingSound(Lorg/spongepowered/asm/mixin/injection/callback/CallbackInfoReturnable;)V doesn't use it's CallbackInfoReturnable
[04Sep2026 01:47:18.103] [main/DEBUG] [mixin/]: mca.mixins.json:MixinGoat from mod mca->@Inject::mca$injectGetMilkingSound(Lorg/spongepowered/asm/mixin/injection/callback/CallbackInfoReturnable;)V has 0 override(s) in child classes
[04Sep2026 01:47:18.103] [main/DEBUG] [mixin/]: mca.mixins.json:MixinGoat from mod mca->@Inject::mca$injectGetMilkingSound(Lorg/spongepowered/asm/mixin/injection/callback/CallbackInfoReturnable;)V won't be passed a CallbackInfoReturnable as a result
[04Sep2026 01:47:18.106] [main/DEBUG] [mixin/]: Mixing MixinLightningBolt from architectury-common.mixins.json into net.minecraft.world.entity.LightningBolt
[04Sep2026 01:47:18.106] [main/DEBUG] [mixin/]: architectury-common.mixins.json:MixinLightningBolt from mod architectury: Class version 65 required is higher than the class version supported by the current version of Mixin (JAVA_16 supports class version 60)
[04Sep2026 01:47:18.109] [main/DEBUG] [mixin/]: architectury-common.mixins.json:MixinLightningBolt from mod architectury->@Inject::handleLightning(Lorg/spongepowered/asm/mixin/injection/callback/CallbackInfo;Ljava/util/List;)V doesn't use it's CallbackInfo
[04Sep2026 01:47:18.109] [main/DEBUG] [mixin/]: architectury-common.mixins.json:MixinLightningBolt from mod architectury->@Inject::handleLightning(Lorg/spongepowered/asm/mixin/injection/callback/CallbackInfo;Ljava/util/List;)V has 0 override(s) in child classes
[04Sep2026 01:47:18.109] [main/DEBUG] [mixin/]: architectury-common.mixins.json:MixinLightningBolt from mod architectury->@Inject::handleLightning(Lorg/spongepowered/asm/mixin/injection/callback/CallbackInfo;Ljava/util/List;)V won't be passed a CallbackInfo as a result
[04Sep2026 01:47:18.138] [main/DEBUG] [mixin/]: Mixing ParrotMixin from touhou_little_maid.mixins.json into net.minecraft.world.entity.animal.Parrot
[04Sep2026 01:47:18.138] [main/DEBUG] [mixin/]: touhou_little_maid.mixins.json:ParrotMixin from mod touhou_little_maid: Class version 65 required is higher than the class version supported by the current version of Mixin (JAVA_17 supports class version 61)
[04Sep2026 01:47:18.141] [main/DEBUG] [mixin/]: touhou_little_maid.mixins.json:ParrotMixin from mod touhou_little_maid->@Inject::mobIsSilent(Lnet/minecraft/world/level/Level;Lnet/minecraft/world/entity/Entity;Lorg/spongepowered/asm/mixin/injection/callback/CallbackInfoReturnable;)V does use it's CallbackInfoReturnable
[04Sep2026 01:47:18.188] [main/DEBUG] [mixin/]: Mixing MixinVillager from mca.mixins.json into net.minecraft.world.entity.npc.Villager
[04Sep2026 01:47:18.189] [main/DEBUG] [mixin/]: mca.mixins.json:MixinVillager from mod mca: Class version 65 required is higher than the class version supported by the current version of Mixin (JAVA_17 supports class version 61)
[04Sep2026 01:47:18.190] [main/DEBUG] [mixin/]: mca.mixins.json:MixinVillager from mod mca->@Inject::mca$injectFinalizeSpawn(Lnet/minecraft/world/level/ServerLevelAccessor;Lnet/minecraft/world/DifficultyInstance;Lnet/minecraft/world/entity/MobSpawnType;Lnet/minecraft/world/entity/SpawnGroupData;Lorg/spongepowered/asm/mixin/injection/callback/CallbackInfoReturnable;)V doesn't use it's CallbackInfoReturnable
[04Sep2026 01:47:18.190] [main/DEBUG] [mixin/]: mca.mixins.json:MixinVillager from mod mca->@Inject::mca$injectFinalizeSpawn(Lnet/minecraft/world/level/ServerLevelAccessor;Lnet/minecraft/world/DifficultyInstance;Lnet/minecraft/world/entity/MobSpawnType;Lnet/minecraft/world/entity/SpawnGroupData;Lorg/spongepowered/asm/mixin/injection/callback/CallbackInfoReturnable;)V has 0 override(s) in child classes
[04Sep2026 01:47:18.190] [main/DEBUG] [mixin/]: mca.mixins.json:MixinVillager from mod mca->@Inject::mca$injectFinalizeSpawn(Lnet/minecraft/world/level/ServerLevelAccessor;Lnet/minecraft/world/DifficultyInstance;Lnet/minecraft/world/entity/MobSpawnType;Lnet/minecraft/world/entity/SpawnGroupData;Lorg/spongepowered/asm/mixin/injection/callback/CallbackInfoReturnable;)V won't be passed a CallbackInfoReturnable as a result
[04Sep2026 01:47:18.206] [main/DEBUG] [mixin/]: Mixing WolfMixin from naturalist.mixins.json into net.minecraft.world.entity.animal.Wolf
[04Sep2026 01:47:18.210] [main/DEBUG] [mixin/]: naturalist.mixins.json:WolfMixin from mod naturalist->@Inject::naturalist$defineSynchedData(Lnet/minecraft/network/syncher/SynchedEntityData$Builder;Lorg/spongepowered/asm/mixin/injection/callback/CallbackInfo;)V doesn't use it's CallbackInfo
[04Sep2026 01:47:18.210] [main/DEBUG] [mixin/]: naturalist.mixins.json:WolfMixin from mod naturalist->@Inject::naturalist$defineSynchedData(Lnet/minecraft/network/syncher/SynchedEntityData$Builder;Lorg/spongepowered/asm/mixin/injection/callback/CallbackInfo;)V has 0 override(s) in child classes
[04Sep2026 01:47:18.210] [main/DEBUG] [mixin/]: naturalist.mixins.json:WolfMixin from mod naturalist->@Inject::naturalist$defineSynchedData(Lnet/minecraft/network/syncher/SynchedEntityData$Builder;Lorg/spongepowered/asm/mixin/injection/callback/CallbackInfo;)V won't be passed a CallbackInfo as a result
[04Sep2026 01:47:18.210] [main/DEBUG] [mixin/]: naturalist.mixins.json:WolfMixin from mod naturalist->@Inject::naturalist$registerGoals(Lorg/spongepowered/asm/mixin/injection/callback/CallbackInfo;)V doesn't use it's CallbackInfo
[04Sep2026 01:47:18.210] [main/DEBUG] [mixin/]: naturalist.mixins.json:WolfMixin from mod naturalist->@Inject::naturalist$registerGoals(Lorg/spongepowered/asm/mixin/injection/callback/CallbackInfo;)V has 0 override(s) in child classes
[04Sep2026 01:47:18.210] [main/DEBUG] [mixin/]: naturalist.mixins.json:WolfMixin from mod naturalist->@Inject::naturalist$registerGoals(Lorg/spongepowered/asm/mixin/injection/callback/CallbackInfo;)V won't be passed a CallbackInfo as a result
[04Sep2026 01:47:18.229] [main/DEBUG] [mixin/]: Mixing MixinSynchedEntityData from mca.mixins.json into net.minecraft.network.syncher.SynchedEntityData
[04Sep2026 01:47:18.229] [main/DEBUG] [mixin/]: mca.mixins.json:MixinSynchedEntityData from mod mca: Class version 65 required is higher than the class version supported by the current version of Mixin (JAVA_17 supports class version 61)
[04Sep2026 01:47:18.236] [main/DEBUG] [mixin/]: Mixing game.MixinFishingHook from eclipticseasons.mixins.json into net.minecraft.world.entity.projectile.FishingHook
[04Sep2026 01:47:18.264] [main/DEBUG] [mixin/]: Mixing perf.faster_ingredients.IngredientMixin from modernfix-modernfix.mixins.json into net.minecraft.world.item.crafting.Ingredient
[04Sep2026 01:47:18.265] [main/DEBUG] [mixin/]: Renaming synthetic method lambda$computeItemsArray$2(I)[Lnet/minecraft/world/item/ItemStack; to mddff919$modernfix$lambda$computeItemsArray$2$0 in modernfix-modernfix.mixins.json:perf.faster_ingredients.IngredientMixin from mod modernfix
[04Sep2026 01:47:18.265] [main/DEBUG] [mixin/]: Renaming synthetic method lambda$getItems$1(I)[Lnet/minecraft/world/item/ItemStack; to mddff919$modernfix$lambda$getItems$1$1 in modernfix-modernfix.mixins.json:perf.faster_ingredients.IngredientMixin from mod modernfix
[04Sep2026 01:47:18.265] [main/DEBUG] [mixin/]: Renaming synthetic method lambda$modernfix$fasterTagIngredientStacking$0(Lnet/minecraft/core/Holder;)I to mddff919$modernfix$lambda$modernfix$fasterTagIngredientStacking$0$2 in modernfix-modernfix.mixins.json:perf.faster_ingredients.IngredientMixin from mod modernfix
[04Sep2026 01:47:18.279] [main/DEBUG] [mixin/]: modernfix-modernfix.mixins.json:perf.faster_ingredients.IngredientMixin from mod modernfix->@Inject::modernfix$fasterTagIngredientTest(Lnet/minecraft/world/item/ItemStack;Lorg/spongepowered/asm/mixin/injection/callback/CallbackInfoReturnable;)V does use it's CallbackInfoReturnable
[04Sep2026 01:47:18.279] [main/DEBUG] [mixin/]: modernfix-modernfix.mixins.json:perf.faster_ingredients.IngredientMixin from mod modernfix->@Inject::hasNoItems(Lorg/spongepowered/asm/mixin/injection/callback/CallbackInfoReturnable;)V does use it's CallbackInfoReturnable
[04Sep2026 01:47:18.279] [main/DEBUG] [mixin/]: modernfix-modernfix.mixins.json:perf.faster_ingredients.IngredientMixin from mod modernfix->@Inject::modernfix$fasterTagIngredientStacking(Lorg/spongepowered/asm/mixin/injection/callback/CallbackInfoReturnable;)V does use it's CallbackInfoReturnable
[04Sep2026 01:47:18.287] [main/DEBUG] [mixin/]: Mixing inject.MixinFoodPropertiesBuilder from architectury-common.mixins.json into net.minecraft.world.food.FoodProperties$Builder
[04Sep2026 01:47:18.287] [main/DEBUG] [mixin/]: architectury-common.mixins.json:inject.MixinFoodPropertiesBuilder from mod architectury: Class version 65 required is higher than the class version supported by the current version of Mixin (JAVA_16 supports class version 60)
[04Sep2026 01:47:18.360] [main/DEBUG] [mixin/]: Mixing ContainerOpenersCounterPatch from maid_storage_manager.mixins.json into net.minecraft.world.level.block.entity.ContainerOpenersCounter
[04Sep2026 01:47:18.360] [main/DEBUG] [mixin/]: maid_storage_manager.mixins.json:ContainerOpenersCounterPatch from mod maid_storage_manager: Class version 65 required is higher than the class version supported by the current version of Mixin (JAVA_8 supports class version 52)
[04Sep2026 01:47:18.394] [main/DEBUG] [mixin/]: Mixing MixinInventory from curios.neoforge.mixins.json into net.minecraft.world.entity.player.Inventory
[04Sep2026 01:47:18.395] [main/DEBUG] [mixin/]: Mixing MixinInventory from mca.mixins.json into net.minecraft.world.entity.player.Inventory
[04Sep2026 01:47:18.395] [main/DEBUG] [mixin/]: mca.mixins.json:MixinInventory from mod mca: Class version 65 required is higher than the class version supported by the current version of Mixin (JAVA_17 supports class version 61)
[04Sep2026 01:47:18.395] [main/DEBUG] [mixin/]: Mixing MixinInventory from architectury.mixins.json into net.minecraft.world.entity.player.Inventory
[04Sep2026 01:47:18.395] [main/DEBUG] [mixin/]: architectury.mixins.json:MixinInventory from mod architectury: Class version 65 required is higher than the class version supported by the current version of Mixin (JAVA_16 supports class version 60)
[04Sep2026 01:47:18.398] [main/DEBUG] [mixin/]: curios.neoforge.mixins.json:MixinInventory from mod curios->@Inject::curios$containsStack(Lnet/minecraft/world/item/ItemStack;Lorg/spongepowered/asm/mixin/injection/callback/CallbackInfoReturnable;)V does use it's CallbackInfoReturnable
[04Sep2026 01:47:18.398] [main/DEBUG] [mixin/]: curios.neoforge.mixins.json:MixinInventory from mod curios->@Inject::curios$containsTag(Lnet/minecraft/tags/TagKey;Lorg/spongepowered/asm/mixin/injection/callback/CallbackInfoReturnable;)V does use it's CallbackInfoReturnable
[04Sep2026 01:47:18.398] [main/DEBUG] [mixin/]: curios.neoforge.mixins.json:MixinInventory from mod curios->@Inject::curios$contains(Ljava/util/function/Predicate;Lorg/spongepowered/asm/mixin/injection/callback/CallbackInfoReturnable;)V does use it's CallbackInfoReturnable
[04Sep2026 01:47:18.398] [main/DEBUG] [mixin/]: curios.neoforge.mixins.json:MixinInventory from mod curios->@Inject::curios$hasAnyMatching(Ljava/util/function/Predicate;Lorg/spongepowered/asm/mixin/injection/callback/CallbackInfoReturnable;)V does use it's CallbackInfoReturnable
[04Sep2026 01:47:18.398] [main/DEBUG] [mixin/]: mca.mixins.json:MixinInventory from mod mca->@Inject::mca$injectRemoveFromSelected(ZLorg/spongepowered/asm/mixin/injection/callback/CallbackInfoReturnable;)V does use it's CallbackInfoReturnable
[04Sep2026 01:47:18.398] [main/DEBUG] [mixin/]: architectury.mixins.json:MixinInventory from mod architectury->@Inject::updateItems(Lorg/spongepowered/asm/mixin/injection/callback/CallbackInfo;)V doesn't use it's CallbackInfo
[04Sep2026 01:47:18.398] [main/DEBUG] [mixin/]: architectury.mixins.json:MixinInventory from mod architectury->@Inject::updateItems(Lorg/spongepowered/asm/mixin/injection/callback/CallbackInfo;)V has 0 override(s) in child classes
[04Sep2026 01:47:18.398] [main/DEBUG] [mixin/]: architectury.mixins.json:MixinInventory from mod architectury->@Inject::updateItems(Lorg/spongepowered/asm/mixin/injection/callback/CallbackInfo;)V won't be passed a CallbackInfo as a result
[04Sep2026 01:47:18.413] [main/DEBUG] [mixin/]: Mixing perf.smart_ingredient_sync.IngredientMixin from modernfix-modernfix.mixins.json into net.minecraft.world.item.crafting.Ingredient$1
[04Sep2026 01:47:18.417] [main/DEBUG] [mixin/]: modernfix-modernfix.mixins.json:perf.smart_ingredient_sync.IngredientMixin from mod modernfix->@Inject::checkForVanillaTagIngredient(Lnet/minecraft/network/RegistryFriendlyByteBuf;Lnet/minecraft/world/item/crafting/Ingredient;Lorg/spongepowered/asm/mixin/injection/callback/CallbackInfo;)V does use it's CallbackInfo
[04Sep2026 01:47:18.417] [main/DEBUG] [mixin/]: modernfix-modernfix.mixins.json:perf.smart_ingredient_sync.IngredientMixin from mod modernfix->@Inject::decodeSmartIngredient(Lnet/minecraft/network/RegistryFriendlyByteBuf;Lorg/spongepowered/asm/mixin/injection/callback/CallbackInfoReturnable;)V does use it's CallbackInfoReturnable
[04Sep2026 01:47:18.439] [main/DEBUG] [mixin/]: Mixing AccessorSmithingTransformRecipe from patchouli_xplat.mixins.json into net.minecraft.world.item.crafting.SmithingTransformRecipe
[04Sep2026 01:47:18.441] [main/DEBUG] [mixin/]: Mixing AccessorSmithingTrimRecipe from patchouli_xplat.mixins.json into net.minecraft.world.item.crafting.SmithingTrimRecipe
[04Sep2026 01:47:18.478] [main/DEBUG] [mixin/]: Mixing VillagersTargetRichSoilMixin from farmersdelight.mixins.json into net.minecraft.world.entity.ai.sensing.SecondaryPoiSensor
[04Sep2026 01:47:18.509] [main/DEBUG] [mixin/]: Mixing EnchantedCountIncreaseFunctionMixin from naturalist.mixins.json into net.minecraft.world.level.storage.loot.functions.EnchantedCountIncreaseFunction
[04Sep2026 01:47:18.511] [main/DEBUG] [mixin/]: Mixing MixinEnchantedCountIncreaseFunction from curios.neoforge.mixins.json into net.minecraft.world.level.storage.loot.functions.EnchantedCountIncreaseFunction
[04Sep2026 01:47:18.530] [main/DEBUG] [mixin/]: Mixing MixinApplyBonusCount from curios.neoforge.mixins.json into net.minecraft.world.level.storage.loot.functions.ApplyBonusCount
[04Sep2026 01:47:18.566] [main/DEBUG] [mixin/]: Mixing data.MixinsDelegatingOps from eclipticseasons.mixins.json into net.minecraft.resources.DelegatingOps
[04Sep2026 01:47:18.605] [main/DEBUG] [mixin/]: Mixing common.level.MixinDimensionType from eclipticseasons.mixins.json into net.minecraft.world.level.dimension.DimensionType
[04Sep2026 01:47:18.605] [main/DEBUG] [mixin/]: eclipticseasons.mixins.json:common.level.MixinDimensionType from mod eclipticseasons->@Inject::eclipticseasons$getTimeOfDay(JLorg/spongepowered/asm/mixin/injection/callback/CallbackInfoReturnable;)V doesn't use it's CallbackInfoReturnable
[04Sep2026 01:47:18.632] [main/DEBUG] [mixin/]: Mixing KeepRichSoilGiantTreeMixin from farmersdelight.mixins.json into net.minecraft.world.level.levelgen.feature.Feature
[04Sep2026 01:47:18.632] [main/DEBUG] [mixin/]: Renaming synthetic method lambda$keepRichSoil$0(Lnet/minecraft/world/level/block/state/BlockState;)Z to mddff919$farmersdelight$lambda$keepRichSoil$0$0 in farmersdelight.mixins.json:KeepRichSoilGiantTreeMixin from mod farmersdelight
[04Sep2026 01:47:18.633] [main/DEBUG] [mixin/]: farmersdelight.mixins.json:KeepRichSoilGiantTreeMixin from mod farmersdelight->@Inject::keepRichSoil(Lnet/minecraft/world/level/LevelSimulatedReader;Lnet/minecraft/core/BlockPos;Lorg/spongepowered/asm/mixin/injection/callback/CallbackInfoReturnable;)V does use it's CallbackInfoReturnable
[04Sep2026 01:47:18.730] [main/DEBUG] [mixin/]: Mixing perf.dynamic_structure_manager.StructureManagerMixin from modernfix-modernfix.mixins.json into net.minecraft.world.level.levelgen.structure.templatesystem.StructureTemplateManager
[04Sep2026 01:47:18.732] [main/DEBUG] [mixin/]: modernfix-modernfix.mixins.json:perf.dynamic_structure_manager.StructureManagerMixin from mod modernfix->@Inject::makeStructuresSafe(Lnet/minecraft/server/packs/resources/ResourceManager;Lnet/minecraft/world/level/storage/LevelStorageSource$LevelStorageAccess;Lcom/mojang/datafixers/DataFixer;Lnet/minecraft/core/HolderGetter;Lorg/spongepowered/asm/mixin/injection/callback/CallbackInfo;)V doesn't use it's CallbackInfo
[04Sep2026 01:47:18.733] [main/DEBUG] [mixin/]: modernfix-modernfix.mixins.json:perf.dynamic_structure_manager.StructureManagerMixin from mod modernfix->@Inject::makeStructuresSafe(Lnet/minecraft/server/packs/resources/ResourceManager;Lnet/minecraft/world/level/storage/LevelStorageSource$LevelStorageAccess;Lcom/mojang/datafixers/DataFixer;Lnet/minecraft/core/HolderGetter;Lorg/spongepowered/asm/mixin/injection/callback/CallbackInfo;)V has 0 override(s) in child classes
[04Sep2026 01:47:18.733] [main/DEBUG] [mixin/]: modernfix-modernfix.mixins.json:perf.dynamic_structure_manager.StructureManagerMixin from mod modernfix->@Inject::makeStructuresSafe(Lnet/minecraft/server/packs/resources/ResourceManager;Lnet/minecraft/world/level/storage/LevelStorageSource$LevelStorageAccess;Lcom/mojang/datafixers/DataFixer;Lnet/minecraft/core/HolderGetter;Lorg/spongepowered/asm/mixin/injection/callback/CallbackInfo;)V won't be passed a CallbackInfo as a result
[04Sep2026 01:47:18.829] [main/DEBUG] [mixin/]: Mixing perf.optimize_surface_rules.NoiseBasedChunkGeneratorMixin from modernfix-modernfix.mixins.json into net.minecraft.world.level.levelgen.NoiseBasedChunkGenerator
[04Sep2026 01:47:18.830] [main/DEBUG] [mixin/]: Renaming synthetic method lambda$mfix$accumulate$0(Ljava/util/Set;Lnet/minecraft/core/Holder;)V to mddff919$modernfix$lambda$mfix$accumulate$0$0 in modernfix-modernfix.mixins.json:perf.optimize_surface_rules.NoiseBasedChunkGeneratorMixin from mod modernfix
[04Sep2026 01:47:18.835] [main/DEBUG] [mixin/]: modernfix-modernfix.mixins.json:perf.optimize_surface_rules.NoiseBasedChunkGeneratorMixin from mod modernfix->@Inject::mfix$findNearbyBiomes(Lnet/minecraft/server/level/WorldGenRegion;Lnet/minecraft/world/level/StructureManager;Lnet/minecraft/world/level/levelgen/RandomState;Lnet/minecraft/world/level/chunk/ChunkAccess;Lorg/spongepowered/asm/mixin/injection/callback/CallbackInfo;)V doesn't use it's CallbackInfo
[04Sep2026 01:47:18.835] [main/DEBUG] [mixin/]: modernfix-modernfix.mixins.json:perf.optimize_surface_rules.NoiseBasedChunkGeneratorMixin from mod modernfix->@Inject::mfix$findNearbyBiomes(Lnet/minecraft/server/level/WorldGenRegion;Lnet/minecraft/world/level/StructureManager;Lnet/minecraft/world/level/levelgen/RandomState;Lnet/minecraft/world/level/chunk/ChunkAccess;Lorg/spongepowered/asm/mixin/injection/callback/CallbackInfo;)V has 0 override(s) in child classes
[04Sep2026 01:47:18.835] [main/DEBUG] [mixin/]: modernfix-modernfix.mixins.json:perf.optimize_surface_rules.NoiseBasedChunkGeneratorMixin from mod modernfix->@Inject::mfix$findNearbyBiomes(Lnet/minecraft/server/level/WorldGenRegion;Lnet/minecraft/world/level/StructureManager;Lnet/minecraft/world/level/levelgen/RandomState;Lnet/minecraft/world/level/chunk/ChunkAccess;Lorg/spongepowered/asm/mixin/injection/callback/CallbackInfo;)V won't be passed a CallbackInfo as a result
[04Sep2026 01:47:18.854] [main/DEBUG] [mixin/]: Mixing perf.forge_registry_alloc.DebugLevelSourceMixin from modernfix-modernfix.mixins.json into net.minecraft.world.level.levelgen.DebugLevelSource
[04Sep2026 01:47:18.858] [main/DEBUG] [mixin/]: Mixing perf.optimize_surface_rules.BiomeConditionSourceMixin from modernfix-modernfix.mixins.json into net.minecraft.world.level.levelgen.SurfaceRules$BiomeConditionSource
[04Sep2026 01:47:18.858] [main/DEBUG] [mixin/]: Renaming synthetic method lambda$mfix$optimizeCondition$1()Z to mddff919$modernfix$lambda$mfix$optimizeCondition$1$0 in modernfix-modernfix.mixins.json:perf.optimize_surface_rules.BiomeConditionSourceMixin from mod modernfix
[04Sep2026 01:47:18.858] [main/DEBUG] [mixin/]: Renaming synthetic method lambda$mfix$optimizeCondition$0()Z to mddff919$modernfix$lambda$mfix$optimizeCondition$0$1 in modernfix-modernfix.mixins.json:perf.optimize_surface_rules.BiomeConditionSourceMixin from mod modernfix
[04Sep2026 01:47:18.860] [main/DEBUG] [mixin/]: modernfix-modernfix.mixins.json:perf.optimize_surface_rules.BiomeConditionSourceMixin from mod modernfix->@Inject::mfix$optimizeCondition(Lnet/minecraft/world/level/levelgen/SurfaceRules$Context;Lorg/spongepowered/asm/mixin/injection/callback/CallbackInfoReturnable;)V does use it's CallbackInfoReturnable
[04Sep2026 01:47:18.919] [main/DEBUG] [mixin/]: Mixing FishingHookPredicateMixin from touhou_little_maid.mixins.json into net.minecraft.advancements.critereon.FishingHookPredicate
[04Sep2026 01:47:18.919] [main/DEBUG] [mixin/]: touhou_little_maid.mixins.json:FishingHookPredicateMixin from mod touhou_little_maid: Class version 65 required is higher than the class version supported by the current version of Mixin (JAVA_17 supports class version 61)
[04Sep2026 01:47:18.921] [main/DEBUG] [mixin/]: touhou_little_maid.mixins.json:FishingHookPredicateMixin from mod touhou_little_maid->@Inject::matches(Lnet/minecraft/world/entity/Entity;Lnet/minecraft/server/level/ServerLevel;Lnet/minecraft/world/phys/Vec3;Lorg/spongepowered/asm/mixin/injection/callback/CallbackInfoReturnable;)V does use it's CallbackInfoReturnable
[04Sep2026 01:47:18.921] [main/DEBUG] [mixin/]: touhou_little_maid.mixins.json:FishingHookPredicateMixin from mod touhou_little_maid->@Inject::matches(Lnet/minecraft/world/entity/Entity;Lnet/minecraft/server/level/ServerLevel;Lnet/minecraft/world/phys/Vec3;Lorg/spongepowered/asm/mixin/injection/callback/CallbackInfoReturnable;)V does use it's CallbackInfoReturnable
[04Sep2026 01:47:18.921] [main/DEBUG] [mixin/]: touhou_little_maid.mixins.json:FishingHookPredicateMixin from mod touhou_little_maid->@Inject::matches(Lnet/minecraft/world/entity/Entity;Lnet/minecraft/server/level/ServerLevel;Lnet/minecraft/world/phys/Vec3;Lorg/spongepowered/asm/mixin/injection/callback/CallbackInfoReturnable;)V does use it's CallbackInfoReturnable
[04Sep2026 01:47:19.020] [main/INFO] [net.minecraft.server.Bootstrap/]: Vanilla bootstrap took 3383 milliseconds
[04Sep2026 01:47:19.023] [main/DEBUG] [mixin/]: Mixing perf.fix_loop_spin_waiting.MinecraftServerMixin from modernfix-modernfix.mixins.json into net.minecraft.server.MinecraftServer
[04Sep2026 01:47:19.024] [main/DEBUG] [mixin/]: Mixing core.MinecraftServerMixin from modernfix-modernfix.mixins.json into net.minecraft.server.MinecraftServer
[04Sep2026 01:47:19.024] [main/DEBUG] [mixin/]: Renaming synthetic method lambda$mfix$endReloadTrack$0(Ljava/lang/Void;)V to mddff919$modernfix$lambda$mfix$endReloadTrack$0$0 in modernfix-modernfix.mixins.json:core.MinecraftServerMixin from mod modernfix
[04Sep2026 01:47:19.026] [main/DEBUG] [mixin/]: Mixing perf.dedicated_reload_executor.MinecraftServerMixin from modernfix-modernfix.mixins.json into net.minecraft.server.MinecraftServer
[04Sep2026 01:47:19.029] [main/DEBUG] [mixin/]: modernfix-modernfix.mixins.json:core.MinecraftServerMixin from mod modernfix->@Inject::startReloadTrack(Ljava/util/Collection;Lorg/spongepowered/asm/mixin/injection/callback/CallbackInfoReturnable;)V doesn't use it's CallbackInfoReturnable
[04Sep2026 01:47:19.029] [main/DEBUG] [mixin/]: modernfix-modernfix.mixins.json:core.MinecraftServerMixin from mod modernfix->@Inject::startReloadTrack(Ljava/util/Collection;Lorg/spongepowered/asm/mixin/injection/callback/CallbackInfoReturnable;)V has 0 override(s) in child classes
[04Sep2026 01:47:19.029] [main/DEBUG] [mixin/]: modernfix-modernfix.mixins.json:core.MinecraftServerMixin from mod modernfix->@Inject::startReloadTrack(Ljava/util/Collection;Lorg/spongepowered/asm/mixin/injection/callback/CallbackInfoReturnable;)V won't be passed a CallbackInfoReturnable as a result
[04Sep2026 01:47:19.029] [main/DEBUG] [mixin/]: modernfix-modernfix.mixins.json:core.MinecraftServerMixin from mod modernfix->@Inject::trackTickTime(Lorg/spongepowered/asm/mixin/injection/callback/CallbackInfo;)V doesn't use it's CallbackInfo
[04Sep2026 01:47:19.029] [main/DEBUG] [mixin/]: modernfix-modernfix.mixins.json:core.MinecraftServerMixin from mod modernfix->@Inject::trackTickTime(Lorg/spongepowered/asm/mixin/injection/callback/CallbackInfo;)V has 0 override(s) in child classes
[04Sep2026 01:47:19.029] [main/DEBUG] [mixin/]: modernfix-modernfix.mixins.json:core.MinecraftServerMixin from mod modernfix->@Inject::trackTickTime(Lorg/spongepowered/asm/mixin/injection/callback/CallbackInfo;)V won't be passed a CallbackInfo as a result
[04Sep2026 01:47:19.055] [main/DEBUG] [net.neoforged.fml.ModWorkManager/LOADING]: Using 6 threads for parallel mod-loading
[04Sep2026 01:47:19.062] [main/DEBUG] [net.neoforged.fml.javafmlmod.FMLModContainer/LOADING]: Creating FMLModContainer instance for [vectorwing.farmersdelight.FarmersDelight]
[04Sep2026 01:47:19.065] [main/DEBUG] [net.neoforged.fml.javafmlmod.FMLModContainer/LOADING]: Creating FMLModContainer instance for [de.max.goatman.GoatMan]
[04Sep2026 01:47:19.066] [main/DEBUG] [net.neoforged.fml.javafmlmod.FMLModContainer/LOADING]: Creating FMLModContainer instance for [snownee.jade.util.CommonProxy]
[04Sep2026 01:47:19.068] [main/DEBUG] [net.neoforged.fml.javafmlmod.FMLModContainer/LOADING]: Creating FMLModContainer instance for [net.conczin.mca.neoforge.CommonNeoForge]
[04Sep2026 01:47:19.068] [main/DEBUG] [net.neoforged.fml.javafmlmod.FMLModContainer/LOADING]: Creating FMLModContainer instance for [software.bernie.geckolib.GeckoLib]
[04Sep2026 01:47:19.069] [main/DEBUG] [net.neoforged.fml.javafmlmod.FMLModContainer/LOADING]: Creating FMLModContainer instance for [team.creative.creativecore.CreativeCore]
[04Sep2026 01:47:19.070] [main/DEBUG] [net.neoforged.fml.javafmlmod.FMLModContainer/LOADING]: Creating FMLModContainer instance for [mezz.jei.neoforge.JustEnoughItems]
[04Sep2026 01:47:19.070] [main/DEBUG] [net.neoforged.fml.javafmlmod.FMLModContainer/LOADING]: Creating FMLModContainer instance for [com.teamtea.eclipticseasons.EclipticSeasons]
[04Sep2026 01:47:19.071] [main/DEBUG] [net.neoforged.fml.javafmlmod.FMLModContainer/LOADING]: Creating FMLModContainer instance for [net.oxcodsnet.beltborne_lanterns.neoforge.BLNeoForge]
[04Sep2026 01:47:19.071] [main/DEBUG] [net.neoforged.fml.javafmlmod.FMLModContainer/LOADING]: Creating FMLModContainer instance for [com.crispytwig.naturalist.neoforge.NaturalistNeoForge]
[04Sep2026 01:47:19.072] [main/DEBUG] [net.neoforged.fml.javafmlmod.FMLModContainer/LOADING]: Creating FMLModContainer instance for [com.tacz.guns.GunMod]
[04Sep2026 01:47:19.072] [main/DEBUG] [net.neoforged.fml.javafmlmod.FMLModContainer/LOADING]: Creating FMLModContainer instance for [com.victoriomods.taczballisticbreaching.TaczTacticalBreaching]
[04Sep2026 01:47:19.078] [main/DEBUG] [thedarkcolour.kotlinforforge.neoforge.LoggerKt/LOADING]: Creating KotlinModContainer instance for [thedarkcolour.kotlinforforge.neoforge.test.KotlinForForge]
[04Sep2026 01:47:19.080] [main/DEBUG] [net.neoforged.fml.javafmlmod.FMLModContainer/LOADING]: Creating FMLModContainer instance for [net.p3pp3rf1y.sophisticatedcore.SophisticatedCore]
[04Sep2026 01:47:19.081] [main/DEBUG] [net.neoforged.fml.javafmlmod.FMLModContainer/LOADING]: Creating FMLModContainer instance for [com.github.tartaricacid.touhoulittlemaid.TouhouLittleMaid]
[04Sep2026 01:47:19.082] [main/DEBUG] [net.neoforged.fml.javafmlmod.FMLModContainer/LOADING]: Creating FMLModContainer instance for [top.theillusivec4.curios.Curios]
[04Sep2026 01:47:19.082] [main/DEBUG] [net.neoforged.fml.javafmlmod.FMLModContainer/LOADING]: Creating FMLModContainer instance for [vazkii.patchouli.neoforge.common.NeoForgeModInitializer]
[04Sep2026 01:47:19.083] [main/DEBUG] [net.neoforged.fml.javafmlmod.FMLModContainer/LOADING]: Creating FMLModContainer instance for [com.github.mcmodderanchor.simplebedrockmodel.SimpleBedrockModel]
[04Sep2026 01:47:19.083] [main/DEBUG] [net.neoforged.fml.javafmlmod.FMLModContainer/LOADING]: Creating FMLModContainer instance for [de.maxhenkel.gravestone.Main]
[04Sep2026 01:47:19.084] [main/DEBUG] [net.neoforged.fml.javafmlmod.FMLModContainer/LOADING]: Creating FMLModContainer instance for [net.neoforged.neoforge.common.NeoForgeMod]
[04Sep2026 01:47:19.087] [main/DEBUG] [net.neoforged.fml.javafmlmod.FMLModContainer/LOADING]: Creating FMLModContainer instance for [net.arphex.ArphexMod]
[04Sep2026 01:47:19.087] [main/DEBUG] [net.neoforged.fml.javafmlmod.FMLModContainer/LOADING]: Creating FMLModContainer instance for [org.embeddedt.modernfix.neoforge.init.ModernFixForge]
[04Sep2026 01:47:19.088] [main/DEBUG] [net.neoforged.fml.javafmlmod.FMLModContainer/LOADING]: Creating FMLModContainer instance for [com.chaosthedude.naturescompass.NaturesCompass]
[04Sep2026 01:47:19.089] [main/DEBUG] [net.neoforged.fml.javafmlmod.FMLModContainer/LOADING]: Creating FMLModContainer instance for [net.p3pp3rf1y.sophisticatedbackpacks.SophisticatedBackpacks]
[04Sep2026 01:47:19.089] [main/DEBUG] [net.neoforged.fml.javafmlmod.FMLModContainer/LOADING]: Creating FMLModContainer instance for [dev.architectury.neoforge.ArchitecturyNeoForge]
[04Sep2026 01:47:19.089] [main/DEBUG] [net.neoforged.fml.javafmlmod.FMLModContainer/LOADING]: Creating FMLModContainer instance for [squeek.appleskin.AppleSkin]
[04Sep2026 01:47:19.090] [main/DEBUG] [net.neoforged.fml.javafmlmod.FMLModContainer/LOADING]: Creating FMLModContainer instance for [malte0811.ferritecore.ModMainForge]
[04Sep2026 01:47:19.090] [main/DEBUG] [net.neoforged.fml.javafmlmod.FMLModContainer/LOADING]: Creating FMLModContainer instance for [me.shedaniel.clothconfig.ClothConfigForge]
[04Sep2026 01:47:19.090] [main/DEBUG] [net.neoforged.fml.javafmlmod.FMLModContainer/LOADING]: Creating FMLModContainer instance for [studio.fantasyit.maid_storage_manager.MaidStorageManager]
[04Sep2026 01:47:19.091] [main/DEBUG] [net.neoforged.fml.javafmlmod.FMLModContainer/LOADING]: Creating FMLModContainer instance for [me.fzzyhmstrs.fzzy_config.FzzyConfigNeoForge]
[04Sep2026 01:47:19.092] [main/DEBUG] [net.neoforged.fml.javafmlmod.FMLModContainer/LOADING]: Creating FMLModContainer instance for [team.creative.playerrevive.PlayerRevive]
[04Sep2026 01:47:19.092] [main/DEBUG] [net.neoforged.fml.javafmlmod.FMLModContainer/LOADING]: Creating FMLModContainer instance for [com.example.maidmarriage.MaidMarriageMod]
[04Sep2026 01:47:19.093] [main/DEBUG] [net.neoforged.fml.javafmlmod.FMLModContainer/LOADING]: Creating FMLModContainer instance for [me.muksc.taczpackupgrader.TaCZPackUpgrader]
[04Sep2026 01:47:19.101] [modloading-worker-0/DEBUG] [net.neoforged.fml.javafmlmod.AutomaticEventSubscriber/LOADING]: Attempting to inject @EventBusSubscriber classes into the eventbus for mca
[04Sep2026 01:47:19.102] [modloading-worker-0/DEBUG] [net.neoforged.fml.javafmlmod.AutomaticEventSubscriber/LOADING]: Scanning class net.conczin.mca.neoforge.CommonNeoForge for @SubscribeEvent-annotated methods
[04Sep2026 01:47:19.103] [modloading-worker-0/DEBUG] [mixin/]: Mixing perf.attribute_supplier_dedup.AttributeSupplierBuilderMixin from modernfix-modernfix.mixins.json into net.minecraft.world.entity.ai.attributes.AttributeSupplier$Builder
[04Sep2026 01:47:19.104] [modloading-worker-0/DEBUG] [mixin/]: Renaming synthetic method lambda$deduplicateInstances$0(Lnet/minecraft/core/Holder;Lnet/minecraft/world/entity/ai/attributes/AttributeInstance;)Lnet/minecraft/world/entity/ai/attributes/AttributeInstance; to mddff919$modernfix$lambda$deduplicateInstances$0$0 in modernfix-modernfix.mixins.json:perf.attribute_supplier_dedup.AttributeSupplierBuilderMixin from mod modernfix
[04Sep2026 01:47:19.106] [modloading-worker-0/DEBUG] [net.neoforged.fml.javafmlmod.AutomaticEventSubscriber/LOADING]: Attempting to inject @EventBusSubscriber classes into the eventbus for jade
[04Sep2026 01:47:19.108] [modloading-worker-0/DEBUG] [mixin/]: modernfix-modernfix.mixins.json:perf.attribute_supplier_dedup.AttributeSupplierBuilderMixin from mod modernfix->@Inject::deduplicateInstances(Lorg/spongepowered/asm/mixin/injection/callback/CallbackInfoReturnable;)V doesn't use it's CallbackInfoReturnable
[04Sep2026 01:47:19.108] [modloading-worker-0/DEBUG] [mixin/]: modernfix-modernfix.mixins.json:perf.attribute_supplier_dedup.AttributeSupplierBuilderMixin from mod modernfix->@Inject::deduplicateInstances(Lorg/spongepowered/asm/mixin/injection/callback/CallbackInfoReturnable;)V has 0 override(s) in child classes
[04Sep2026 01:47:19.108] [modloading-worker-0/DEBUG] [mixin/]: modernfix-modernfix.mixins.json:perf.attribute_supplier_dedup.AttributeSupplierBuilderMixin from mod modernfix->@Inject::deduplicateInstances(Lorg/spongepowered/asm/mixin/injection/callback/CallbackInfoReturnable;)V won't be passed a CallbackInfoReturnable as a result
[04Sep2026 01:47:19.108] [modloading-worker-0/DEBUG] [net.neoforged.fml.javafmlmod.AutomaticEventSubscriber/LOADING]: Found mix of game bus and mod bus listeners in @EventBusSubscriber class Lnet/conczin/mca/neoforge/CommonNeoForge;, registering them separately
[04Sep2026 01:47:19.109] [modloading-worker-0/DEBUG] [net.neoforged.fml.javafmlmod.AutomaticEventSubscriber/LOADING]: Subscribing method public static void net.conczin.mca.neoforge.CommonNeoForge.register(net.neoforged.neoforge.registries.RegisterEvent) to the event bus of mod mca
[04Sep2026 01:47:19.109] [modloading-worker-0/DEBUG] [net.neoforged.fml.javafmlmod.AutomaticEventSubscriber/LOADING]: Subscribing method public static void net.conczin.mca.neoforge.CommonNeoForge.createDefaultAttributes(net.neoforged.neoforge.event.entity.EntityAttributeCreationEvent) to the event bus of mod mca
[04Sep2026 01:47:19.109] [modloading-worker-0/DEBUG] [net.neoforged.fml.javafmlmod.AutomaticEventSubscriber/LOADING]: Subscribing method public static void net.conczin.mca.neoforge.CommonNeoForge.registerNetwork(net.neoforged.neoforge.network.event.RegisterPayloadHandlersEvent) to the event bus of mod mca
[04Sep2026 01:47:19.110] [modloading-worker-0/DEBUG] [net.neoforged.fml.javafmlmod.AutomaticEventSubscriber/LOADING]: Subscribing method public static void net.conczin.mca.neoforge.CommonNeoForge.onServerTick(net.neoforged.neoforge.event.tick.ServerTickEvent$Post) to the game event bus
[04Sep2026 01:47:19.110] [modloading-worker-0/DEBUG] [net.neoforged.fml.javafmlmod.AutomaticEventSubscriber/LOADING]: Subscribing method public static void net.conczin.mca.neoforge.CommonNeoForge.onAddReloadListener(net.neoforged.neoforge.event.AddReloadListenerEvent) to the game event bus
[04Sep2026 01:47:19.112] [modloading-worker-0/DEBUG] [net.neoforged.fml.javafmlmod.AutomaticEventSubscriber/LOADING]: Subscribing method public static void net.conczin.mca.neoforge.CommonNeoForge.onVillagerTrades(net.neoforged.neoforge.event.village.VillagerTradesEvent) to the game event bus
[04Sep2026 01:47:19.113] [modloading-worker-0/DEBUG] [net.neoforged.fml.javafmlmod.AutomaticEventSubscriber/LOADING]: Subscribing method public static void net.conczin.mca.neoforge.CommonNeoForge.onCommandRegister(net.neoforged.neoforge.event.RegisterCommandsEvent) to the game event bus
[04Sep2026 01:47:19.113] [modloading-worker-0/DEBUG] [net.neoforged.fml.javafmlmod.AutomaticEventSubscriber/LOADING]: Subscribing method public static void net.conczin.mca.neoforge.CommonNeoForge.onWorldTick(net.neoforged.neoforge.event.tick.LevelTickEvent$Post) to the game event bus
[04Sep2026 01:47:19.113] [modloading-worker-0/DEBUG] [net.neoforged.fml.javafmlmod.AutomaticEventSubscriber/LOADING]: Subscribing method public static void net.conczin.mca.neoforge.CommonNeoForge.onPlayerLoggedInEvent(net.neoforged.neoforge.event.entity.player.PlayerEvent$PlayerLoggedInEvent) to the game event bus
[04Sep2026 01:47:19.114] [modloading-worker-0/DEBUG] [GeckoLib/]: Loaded software.bernie.geckolib.platform.GeckoLibNeoForge@7e8f1b3e for service interface software.bernie.geckolib.service.GeckoLibPlatform
[04Sep2026 01:47:19.114] [modloading-worker-0/DEBUG] [GeckoLib/]: Loaded software.bernie.geckolib.network.GeckoLibNetworkingNeoForge@4dd02630 for service interface software.bernie.geckolib.service.GeckoLibNetworking
[04Sep2026 01:47:19.114] [modloading-worker-0/DEBUG] [net.neoforged.fml.javafmlmod.AutomaticEventSubscriber/LOADING]: Attempting to inject @EventBusSubscriber classes into the eventbus for geckolib
[04Sep2026 01:47:19.115] [modloading-worker-0/INFO] [Beltborne Lanterns/]: Initializing v1.2.5 [NeoForge]
[04Sep2026 01:47:19.117] [modloading-worker-0/DEBUG] [Beltborne Lanterns/]: Dynamic lights: DynamicLights not present; skipping integration
[04Sep2026 01:47:19.120] [modloading-worker-0/DEBUG] [net.neoforged.fml.config.ConfigTracker/CONFIG]: Config file goatman-server.toml for goatman tracking
[04Sep2026 01:47:19.120] [modloading-worker-0/DEBUG] [net.neoforged.fml.javafmlmod.AutomaticEventSubscriber/LOADING]: Attempting to inject @EventBusSubscriber classes into the eventbus for goatman
[04Sep2026 01:47:19.120] [modloading-worker-0/DEBUG] [net.neoforged.fml.javafmlmod.AutomaticEventSubscriber/LOADING]: Scanning class de.max.goatman.events.ServerModEvents for @SubscribeEvent-annotated methods
[04Sep2026 01:47:19.120] [modloading-worker-0/DEBUG] [net.neoforged.fml.config.ConfigTracker/CONFIG]: Config file jei-server.toml for jei tracking
[04Sep2026 01:47:19.121] [modloading-worker-0/DEBUG] [net.neoforged.fml.javafmlmod.AutomaticEventSubscriber/]: Subscribing @EventBusSubscriber class Lde/max/goatman/events/ServerModEvents; to the mod event bus of mod goatman
[04Sep2026 01:47:19.121] [modloading-worker-0/DEBUG] [net.neoforged.fml.javafmlmod.AutomaticEventSubscriber/LOADING]: Scanning class de.max.goatman.events.NeoForgeEvents for @SubscribeEvent-annotated methods
[04Sep2026 01:47:19.121] [modloading-worker-0/DEBUG] [net.neoforged.fml.javafmlmod.AutomaticEventSubscriber/LOADING]: Attempting to inject @EventBusSubscriber classes into the eventbus for beltborne_lanterns
[04Sep2026 01:47:19.121] [modloading-worker-0/DEBUG] [net.neoforged.fml.javafmlmod.AutomaticEventSubscriber/LOADING]: Scanning class net.oxcodsnet.beltborne_lanterns.neoforge.datagen.BLDataGenerators for @SubscribeEvent-annotated methods
[04Sep2026 01:47:19.121] [modloading-worker-0/DEBUG] [net.neoforged.fml.config.ConfigTracker/CONFIG]: Config file farmersdelight-common.toml for farmersdelight tracking
[04Sep2026 01:47:19.122] [modloading-worker-0/DEBUG] [net.neoforged.fml.config.ConfigTracker/CONFIG]: Config file farmersdelight-client.toml for farmersdelight tracking
[04Sep2026 01:47:19.122] [modloading-worker-0/DEBUG] [mixin/]: Mixing data.MixinsDataProvider from eclipticseasons.mixins.json into net.minecraft.data.DataProvider
[04Sep2026 01:47:19.125] [modloading-worker-0/DEBUG] [net.neoforged.fml.javafmlmod.AutomaticEventSubscriber/LOADING]: Attempting to inject @EventBusSubscriber classes into the eventbus for jei
[04Sep2026 01:47:19.128] [modloading-worker-0/DEBUG] [net.neoforged.fml.javafmlmod.AutomaticEventSubscriber/]: Subscribing @EventBusSubscriber class Lnet/oxcodsnet/beltborne_lanterns/neoforge/datagen/BLDataGenerators; to the mod event bus of mod beltborne_lanterns
[04Sep2026 01:47:19.128] [modloading-worker-0/DEBUG] [net.neoforged.fml.javafmlmod.AutomaticEventSubscriber/LOADING]: Scanning class net.oxcodsnet.beltborne_lanterns.neoforge.BLNeoForgeServerEvents for @SubscribeEvent-annotated methods
[04Sep2026 01:47:19.129] [modloading-worker-0/DEBUG] [net.neoforged.fml.javafmlmod.AutomaticEventSubscriber/]: Subscribing @EventBusSubscriber class Lnet/oxcodsnet/beltborne_lanterns/neoforge/BLNeoForgeServerEvents; to the game event bus
[04Sep2026 01:47:19.130] [modloading-worker-0/DEBUG] [com.crispytwig.naturalist.Naturalist/]: Loaded com.crispytwig.naturalist.neoforge.platform.NeoForgeRegistryHelper@f57fcbf for service interface com.crispytwig.naturalist.platform.services.IRegistryHelper
[04Sep2026 01:47:19.131] [modloading-worker-0/DEBUG] [net.neoforged.fml.javafmlmod.AutomaticEventSubscriber/]: Subscribing @EventBusSubscriber class Lde/max/goatman/events/NeoForgeEvents; to the game event bus
[04Sep2026 01:47:19.131] [modloading-worker-0/DEBUG] [net.neoforged.fml.javafmlmod.AutomaticEventSubscriber/LOADING]: Scanning class de.max.goatman.events.ModEvents for @SubscribeEvent-annotated methods
[04Sep2026 01:47:19.132] [modloading-worker-0/DEBUG] [net.neoforged.fml.javafmlmod.AutomaticEventSubscriber/LOADING]: Scanning class net.oxcodsnet.beltborne_lanterns.neoforge.BLNeoForgeNetwork for @SubscribeEvent-annotated methods
[04Sep2026 01:47:19.132] [modloading-worker-0/DEBUG] [net.neoforged.fml.javafmlmod.AutomaticEventSubscriber/]: Subscribing @EventBusSubscriber class Lde/max/goatman/events/ModEvents; to the mod event bus of mod goatman
[04Sep2026 01:47:19.132] [modloading-worker-0/DEBUG] [net.neoforged.fml.javafmlmod.AutomaticEventSubscriber/LOADING]: Scanning class de.max.goatman.datagen.DataGen for @SubscribeEvent-annotated methods
[04Sep2026 01:47:19.133] [modloading-worker-0/DEBUG] [net.neoforged.fml.javafmlmod.AutomaticEventSubscriber/]: Subscribing @EventBusSubscriber class Lde/max/goatman/datagen/DataGen; to the mod event bus of mod goatman
[04Sep2026 01:47:19.133] [modloading-worker-0/DEBUG] [net.neoforged.fml.javafmlmod.AutomaticEventSubscriber/]: Subscribing @EventBusSubscriber class Lnet/oxcodsnet/beltborne_lanterns/neoforge/BLNeoForgeNetwork; to the mod event bus of mod beltborne_lanterns
[04Sep2026 01:47:19.135] [modloading-worker-0/DEBUG] [com.crispytwig.naturalist.Naturalist/]: Loaded com.crispytwig.naturalist.neoforge.config.NeoForgeNaturalistConfig@6ace2384 for service interface com.crispytwig.naturalist.platform.services.IConfigHelper
[04Sep2026 01:47:19.135] [modloading-worker-0/DEBUG] [com.crispytwig.naturalist.Naturalist/]: Loaded com.crispytwig.naturalist.neoforge.NeoForgePlatformHelper@1b312541 for service interface com.crispytwig.naturalist.platform.services.IPlatformHelper
[04Sep2026 01:47:19.135] [modloading-worker-0/DEBUG] [com.crispytwig.naturalist.Naturalist/]: Loaded com.crispytwig.naturalist.neoforge.platform.NeoForgeRegistrationProvider$Factory@150b4520 for service interface com.crispytwig.naturalist.platform.registry.RegistrationProvider$Factory
[04Sep2026 01:47:19.138] [modloading-worker-0/DEBUG] [net.neoforged.fml.config.ConfigTracker/CONFIG]: Config file tacz-pre.toml for tacz tracking
[04Sep2026 01:47:19.144] [modloading-worker-0/DEBUG] [net.neoforged.fml.config.ConfigTracker/CONFIG]: Loaded TOML config file /home/ms33/servidor_neo/config/tacz-pre.toml
[04Sep2026 01:47:19.154] [modloading-worker-0/DEBUG] [net.neoforged.fml.config.ConfigTracker/CONFIG]: Watching TOML config file /home/ms33/servidor_neo/config/tacz-pre.toml for changes
[04Sep2026 01:47:19.158] [modloading-worker-0/DEBUG] [net.neoforged.fml.config.ConfigTracker/CONFIG]: Config file tacz-common.toml for tacz tracking
[04Sep2026 01:47:19.179] [modloading-worker-0/DEBUG] [net.neoforged.fml.config.ConfigTracker/CONFIG]: Config file tacz-server.toml for tacz tracking
[04Sep2026 01:47:19.186] [modloading-worker-0/DEBUG] [net.neoforged.fml.config.ConfigTracker/CONFIG]: Config file tacz-client.toml for tacz tracking
[04Sep2026 01:47:19.198] [modloading-worker-0/DEBUG] [net.neoforged.fml.config.ConfigTracker/CONFIG]: Config file eclipticseasons-common.toml for eclipticseasons tracking
[04Sep2026 01:47:19.199] [modloading-worker-0/DEBUG] [creativecore/]: Created network creativecore:main
[04Sep2026 01:47:19.202] [modloading-worker-0/DEBUG] [net.neoforged.fml.config.ConfigTracker/CONFIG]: Config file eclipticseasons-client.toml for eclipticseasons tracking
[04Sep2026 01:47:19.202] [modloading-worker-0/DEBUG] [net.neoforged.fml.config.ConfigTracker/CONFIG]: Config file eclipticseasons-startup.toml for eclipticseasons tracking
[04Sep2026 01:47:19.203] [modloading-worker-0/DEBUG] [net.neoforged.fml.config.ConfigTracker/CONFIG]: Loaded TOML config file /home/ms33/servidor_neo/config/eclipticseasons-startup.toml
[04Sep2026 01:47:19.203] [modloading-worker-0/DEBUG] [net.neoforged.fml.config.ConfigTracker/CONFIG]: Watching TOML config file /home/ms33/servidor_neo/config/eclipticseasons-startup.toml for changes
[04Sep2026 01:47:19.204] [modloading-worker-0/DEBUG] [net.neoforged.fml.javafmlmod.AutomaticEventSubscriber/LOADING]: Attempting to inject @EventBusSubscriber classes into the eventbus for eclipticseasons
[04Sep2026 01:47:19.204] [modloading-worker-0/DEBUG] [net.neoforged.fml.javafmlmod.AutomaticEventSubscriber/LOADING]: Scanning class com.teamtea.eclipticseasons.compat.eclipticseasons_bundles.ModContents for @SubscribeEvent-annotated methods
[04Sep2026 01:47:19.207] [modloading-worker-0/DEBUG] [net.neoforged.fml.javafmlmod.AutomaticEventSubscriber/]: Subscribing @EventBusSubscriber class Lcom/teamtea/eclipticseasons/compat/eclipticseasons_bundles/ModContents; to the mod event bus of mod eclipticseasons
[04Sep2026 01:47:19.207] [modloading-worker-0/DEBUG] [net.neoforged.fml.javafmlmod.AutomaticEventSubscriber/LOADING]: Scanning class com.teamtea.eclipticseasons.common.registry.TestContents for @SubscribeEvent-annotated methods
[04Sep2026 01:47:19.207] [modloading-worker-0/DEBUG] [net.neoforged.fml.javafmlmod.AutomaticEventSubscriber/]: Subscribing @EventBusSubscriber class Lcom/teamtea/eclipticseasons/common/registry/TestContents; to the mod event bus of mod eclipticseasons
[04Sep2026 01:47:19.208] [modloading-worker-0/DEBUG] [net.neoforged.fml.javafmlmod.AutomaticEventSubscriber/LOADING]: Scanning class com.teamtea.eclipticseasons.common.registry.SoundEventsRegistry for @SubscribeEvent-annotated methods
[04Sep2026 01:47:19.208] [modloading-worker-0/DEBUG] [net.neoforged.fml.javafmlmod.AutomaticEventSubscriber/]: Subscribing @EventBusSubscriber class Lcom/teamtea/eclipticseasons/common/registry/SoundEventsRegistry; to the mod event bus of mod eclipticseasons
[04Sep2026 01:47:19.209] [modloading-worker-0/DEBUG] [net.neoforged.fml.javafmlmod.AutomaticEventSubscriber/LOADING]: Scanning class com.teamtea.eclipticseasons.common.registry.ParticleRegistry for @SubscribeEvent-annotated methods
[04Sep2026 01:47:19.210] [modloading-worker-0/DEBUG] [net.neoforged.fml.javafmlmod.AutomaticEventSubscriber/LOADING]: Attempting to inject @EventBusSubscriber classes into the eventbus for creativecore
[04Sep2026 01:47:19.210] [modloading-worker-0/DEBUG] [net.neoforged.fml.javafmlmod.AutomaticEventSubscriber/]: Subscribing @EventBusSubscriber class Lcom/teamtea/eclipticseasons/common/registry/ParticleRegistry; to the mod event bus of mod eclipticseasons
[04Sep2026 01:47:19.211] [modloading-worker-0/DEBUG] [net.neoforged.fml.javafmlmod.AutomaticEventSubscriber/LOADING]: Scanning class com.teamtea.eclipticseasons.common.registry.ModContents for @SubscribeEvent-annotated methods
[04Sep2026 01:47:19.212] [modloading-worker-0/DEBUG] [mixin/]: Mixing perf.capability_list_compaction.RegisterCapabilitiesEventMixin from modernfix-modernfix.mixins.json into net.neoforged.neoforge.capabilities.RegisterCapabilitiesEvent
[04Sep2026 01:47:19.217] [modloading-worker-0/DEBUG] [mixin/]: modernfix-modernfix.mixins.json:perf.capability_list_compaction.RegisterCapabilitiesEventMixin from mod modernfix->@Inject::trackBlockCap(Lnet/neoforged/neoforge/capabilities/BlockCapability;Lnet/neoforged/neoforge/capabilities/IBlockCapabilityProvider;[Lnet/minecraft/world/level/block/Block;Lorg/spongepowered/asm/mixin/injection/callback/CallbackInfo;)V doesn't use it's CallbackInfo
[04Sep2026 01:47:19.217] [modloading-worker-0/DEBUG] [mixin/]: modernfix-modernfix.mixins.json:perf.capability_list_compaction.RegisterCapabilitiesEventMixin from mod modernfix->@Inject::trackBlockCap(Lnet/neoforged/neoforge/capabilities/BlockCapability;Lnet/neoforged/neoforge/capabilities/IBlockCapabilityProvider;[Lnet/minecraft/world/level/block/Block;Lorg/spongepowered/asm/mixin/injection/callback/CallbackInfo;)V has 0 override(s) in child classes
[04Sep2026 01:47:19.217] [modloading-worker-0/DEBUG] [mixin/]: modernfix-modernfix.mixins.json:perf.capability_list_compaction.RegisterCapabilitiesEventMixin from mod modernfix->@Inject::trackBlockCap(Lnet/neoforged/neoforge/capabilities/BlockCapability;Lnet/neoforged/neoforge/capabilities/IBlockCapabilityProvider;[Lnet/minecraft/world/level/block/Block;Lorg/spongepowered/asm/mixin/injection/callback/CallbackInfo;)V won't be passed a CallbackInfo as a result
[04Sep2026 01:47:19.217] [modloading-worker-0/DEBUG] [mixin/]: modernfix-modernfix.mixins.json:perf.capability_list_compaction.RegisterCapabilitiesEventMixin from mod modernfix->@Inject::trackBlockEntityCap(Lnet/neoforged/neoforge/capabilities/BlockCapability;Lnet/minecraft/world/level/block/entity/BlockEntityType;Lnet/neoforged/neoforge/capabilities/ICapabilityProvider;Lorg/spongepowered/asm/mixin/injection/callback/CallbackInfo;)V doesn't use it's CallbackInfo
[04Sep2026 01:47:19.217] [modloading-worker-0/DEBUG] [mixin/]: modernfix-modernfix.mixins.json:perf.capability_list_compaction.RegisterCapabilitiesEventMixin from mod modernfix->@Inject::trackBlockEntityCap(Lnet/neoforged/neoforge/capabilities/BlockCapability;Lnet/minecraft/world/level/block/entity/BlockEntityType;Lnet/neoforged/neoforge/capabilities/ICapabilityProvider;Lorg/spongepowered/asm/mixin/injection/callback/CallbackInfo;)V has 0 override(s) in child classes
[04Sep2026 01:47:19.217] [modloading-worker-0/DEBUG] [mixin/]: modernfix-modernfix.mixins.json:perf.capability_list_compaction.RegisterCapabilitiesEventMixin from mod modernfix->@Inject::trackBlockEntityCap(Lnet/neoforged/neoforge/capabilities/BlockCapability;Lnet/minecraft/world/level/block/entity/BlockEntityType;Lnet/neoforged/neoforge/capabilities/ICapabilityProvider;Lorg/spongepowered/asm/mixin/injection/callback/CallbackInfo;)V won't be passed a CallbackInfo as a result
[04Sep2026 01:47:19.217] [modloading-worker-0/DEBUG] [mixin/]: modernfix-modernfix.mixins.json:perf.capability_list_compaction.RegisterCapabilitiesEventMixin from mod modernfix->@Inject::trackItemCap(Lnet/neoforged/neoforge/capabilities/ItemCapability;Lnet/neoforged/neoforge/capabilities/ICapabilityProvider;[Lnet/minecraft/world/level/ItemLike;Lorg/spongepowered/asm/mixin/injection/callback/CallbackInfo;)V doesn't use it's CallbackInfo
[04Sep2026 01:47:19.217] [modloading-worker-0/DEBUG] [mixin/]: modernfix-modernfix.mixins.json:perf.capability_list_compaction.RegisterCapabilitiesEventMixin from mod modernfix->@Inject::trackItemCap(Lnet/neoforged/neoforge/capabilities/ItemCapability;Lnet/neoforged/neoforge/capabilities/ICapabilityProvider;[Lnet/minecraft/world/level/ItemLike;Lorg/spongepowered/asm/mixin/injection/callback/CallbackInfo;)V has 0 override(s) in child classes
[04Sep2026 01:47:19.217] [modloading-worker-0/DEBUG] [mixin/]: modernfix-modernfix.mixins.json:perf.capability_list_compaction.RegisterCapabilitiesEventMixin from mod modernfix->@Inject::trackItemCap(Lnet/neoforged/neoforge/capabilities/ItemCapability;Lnet/neoforged/neoforge/capabilities/ICapabilityProvider;[Lnet/minecraft/world/level/ItemLike;Lorg/spongepowered/asm/mixin/injection/callback/CallbackInfo;)V won't be passed a CallbackInfo as a result
[04Sep2026 01:47:19.217] [modloading-worker-0/DEBUG] [mixin/]: modernfix-modernfix.mixins.json:perf.capability_list_compaction.RegisterCapabilitiesEventMixin from mod modernfix->@Inject::trackEntityCap(Lnet/neoforged/neoforge/capabilities/EntityCapability;Lnet/minecraft/world/entity/EntityType;Lnet/neoforged/neoforge/capabilities/ICapabilityProvider;Lorg/spongepowered/asm/mixin/injection/callback/CallbackInfo;)V doesn't use it's CallbackInfo
[04Sep2026 01:47:19.217] [modloading-worker-0/DEBUG] [mixin/]: modernfix-modernfix.mixins.json:perf.capability_list_compaction.RegisterCapabilitiesEventMixin from mod modernfix->@Inject::trackEntityCap(Lnet/neoforged/neoforge/capabilities/EntityCapability;Lnet/minecraft/world/entity/EntityType;Lnet/neoforged/neoforge/capabilities/ICapabilityProvider;Lorg/spongepowered/asm/mixin/injection/callback/CallbackInfo;)V has 0 override(s) in child classes
[04Sep2026 01:47:19.217] [modloading-worker-0/DEBUG] [mixin/]: modernfix-modernfix.mixins.json:perf.capability_list_compaction.RegisterCapabilitiesEventMixin from mod modernfix->@Inject::trackEntityCap(Lnet/neoforged/neoforge/capabilities/EntityCapability;Lnet/minecraft/world/entity/EntityType;Lnet/neoforged/neoforge/capabilities/ICapabilityProvider;Lorg/spongepowered/asm/mixin/injection/callback/CallbackInfo;)V won't be passed a CallbackInfo as a result
[04Sep2026 01:47:19.223] [modloading-worker-0/DEBUG] [net.neoforged.fml.javafmlmod.AutomaticEventSubscriber/]: Subscribing @EventBusSubscriber class Lcom/teamtea/eclipticseasons/common/registry/ModContents; to the mod event bus of mod eclipticseasons
[04Sep2026 01:47:19.224] [modloading-worker-0/DEBUG] [net.neoforged.fml.javafmlmod.AutomaticEventSubscriber/LOADING]: Scanning class com.teamtea.eclipticseasons.common.registry.EffectRegistry for @SubscribeEvent-annotated methods
[04Sep2026 01:47:19.224] [modloading-worker-0/DEBUG] [net.neoforged.fml.config.ConfigTracker/CONFIG]: Config file sophisticatedcore-common.toml for sophisticatedcore tracking
[04Sep2026 01:47:19.224] [modloading-worker-0/DEBUG] [net.neoforged.fml.config.ConfigTracker/CONFIG]: Config file sophisticatedcore-client.toml for sophisticatedcore tracking
[04Sep2026 01:47:19.226] [modloading-worker-0/DEBUG] [net.neoforged.fml.javafmlmod.AutomaticEventSubscriber/]: Subscribing @EventBusSubscriber class Lcom/teamtea/eclipticseasons/common/registry/EffectRegistry; to the mod event bus of mod eclipticseasons
[04Sep2026 01:47:19.226] [modloading-worker-0/DEBUG] [net.neoforged.fml.javafmlmod.AutomaticEventSubscriber/LOADING]: Scanning class com.teamtea.eclipticseasons.common.network.SimpleNetworkHandler for @SubscribeEvent-annotated methods
[04Sep2026 01:47:19.227] [modloading-worker-0/DEBUG] [net.neoforged.fml.javafmlmod.AutomaticEventSubscriber/]: Subscribing @EventBusSubscriber class Lcom/teamtea/eclipticseasons/common/network/SimpleNetworkHandler; to the mod event bus of mod eclipticseasons
[04Sep2026 01:47:19.228] [modloading-worker-0/DEBUG] [net.neoforged.fml.javafmlmod.AutomaticEventSubscriber/LOADING]: Scanning class com.teamtea.eclipticseasons.common.command.CommandHandler for @SubscribeEvent-annotated methods
[04Sep2026 01:47:19.231] [modloading-worker-0/DEBUG] [net.neoforged.fml.javafmlmod.AutomaticEventSubscriber/]: Subscribing @EventBusSubscriber class Lcom/teamtea/eclipticseasons/common/command/CommandHandler; to the game event bus
[04Sep2026 01:47:19.232] [modloading-worker-0/DEBUG] [net.neoforged.fml.javafmlmod.AutomaticEventSubscriber/LOADING]: Scanning class com.teamtea.eclipticseasons.common.AllListener for @SubscribeEvent-annotated methods
[04Sep2026 01:47:19.233] [modloading-worker-0/DEBUG] [mixin/]: Mixing MixinLevelEvent from architectury.mixins.json into net.neoforged.neoforge.event.level.LevelEvent
[04Sep2026 01:47:19.233] [modloading-worker-0/DEBUG] [mixin/]: architectury.mixins.json:MixinLevelEvent from mod architectury: Class version 65 required is higher than the class version supported by the current version of Mixin (JAVA_16 supports class version 60)
[04Sep2026 01:47:19.238] [modloading-worker-0/DEBUG] [net.neoforged.fml.javafmlmod.AutomaticEventSubscriber/]: Subscribing @EventBusSubscriber class Lcom/teamtea/eclipticseasons/common/AllListener; to the game event bus
[04Sep2026 01:47:19.250] [modloading-worker-0/DEBUG] [net.neoforged.fml.javafmlmod.AutomaticEventSubscriber/LOADING]: Attempting to inject @EventBusSubscriber classes into the eventbus for farmersdelight
[04Sep2026 01:47:19.250] [modloading-worker-0/DEBUG] [net.neoforged.fml.javafmlmod.AutomaticEventSubscriber/LOADING]: Scanning class vectorwing.farmersdelight.data.DataGenerators for @SubscribeEvent-annotated methods
[04Sep2026 01:47:19.250] [modloading-worker-0/DEBUG] [net.neoforged.fml.javafmlmod.AutomaticEventSubscriber/]: Subscribing @EventBusSubscriber class Lvectorwing/farmersdelight/data/DataGenerators; to the mod event bus of mod farmersdelight
[04Sep2026 01:47:19.250] [modloading-worker-0/DEBUG] [net.neoforged.fml.javafmlmod.AutomaticEventSubscriber/LOADING]: Scanning class vectorwing.farmersdelight.common.network.ModNetworking for @SubscribeEvent-annotated methods
[04Sep2026 01:47:19.251] [modloading-worker-0/DEBUG] [net.neoforged.fml.javafmlmod.AutomaticEventSubscriber/]: Subscribing @EventBusSubscriber class Lvectorwing/farmersdelight/common/network/ModNetworking; to the mod event bus of mod farmersdelight
[04Sep2026 01:47:19.251] [modloading-worker-0/DEBUG] [net.neoforged.fml.javafmlmod.AutomaticEventSubscriber/LOADING]: Scanning class vectorwing.farmersdelight.common.item.SkilletItem$SkilletEvents for @SubscribeEvent-annotated methods
[04Sep2026 01:47:19.252] [modloading-worker-0/DEBUG] [net.neoforged.fml.javafmlmod.AutomaticEventSubscriber/]: Subscribing @EventBusSubscriber class Lvectorwing/farmersdelight/common/item/SkilletItem$SkilletEvents; to the game event bus
[04Sep2026 01:47:19.252] [modloading-worker-0/DEBUG] [net.neoforged.fml.javafmlmod.AutomaticEventSubscriber/LOADING]: Scanning class vectorwing.farmersdelight.common.item.KnifeItem$KnifeEvents for @SubscribeEvent-annotated methods
[04Sep2026 01:47:19.252] [modloading-worker-0/DEBUG] [net.neoforged.fml.javafmlmod.AutomaticEventSubscriber/]: Subscribing @EventBusSubscriber class Lvectorwing/farmersdelight/common/item/KnifeItem$KnifeEvents; to the game event bus
[04Sep2026 01:47:19.253] [modloading-worker-0/DEBUG] [net.neoforged.fml.javafmlmod.AutomaticEventSubscriber/LOADING]: Scanning class vectorwing.farmersdelight.common.item.HorseFeedItem$HorseFeedEvent for @SubscribeEvent-annotated methods
[04Sep2026 01:47:19.253] [modloading-worker-0/DEBUG] [net.neoforged.fml.javafmlmod.AutomaticEventSubscriber/]: Subscribing @EventBusSubscriber class Lvectorwing/farmersdelight/common/item/HorseFeedItem$HorseFeedEvent; to the game event bus
[04Sep2026 01:47:19.253] [modloading-worker-0/DEBUG] [net.neoforged.fml.javafmlmod.AutomaticEventSubscriber/LOADING]: Scanning class vectorwing.farmersdelight.common.item.enchantment.BackstabbingEnchantment$BackstabbingEvent for @SubscribeEvent-annotated methods
[04Sep2026 01:47:19.257] [modloading-worker-0/DEBUG] [net.neoforged.fml.javafmlmod.AutomaticEventSubscriber/]: Subscribing @EventBusSubscriber class Lvectorwing/farmersdelight/common/item/enchantment/BackstabbingEnchantment$BackstabbingEvent; to the game event bus
[04Sep2026 01:47:19.257] [modloading-worker-0/DEBUG] [mixin/]: Mixing MixinServerGamePacketListenerImpl from mca.mixins.json into net.minecraft.server.network.ServerGamePacketListenerImpl
[04Sep2026 01:47:19.257] [modloading-worker-0/DEBUG] [net.neoforged.fml.javafmlmod.AutomaticEventSubscriber/LOADING]: Scanning class vectorwing.farmersdelight.common.item.DogFoodItem$DogFoodEvent for @SubscribeEvent-annotated methods
[04Sep2026 01:47:19.257] [modloading-worker-0/DEBUG] [mixin/]: mca.mixins.json:MixinServerGamePacketListenerImpl from mod mca: Class version 65 required is higher than the class version supported by the current version of Mixin (JAVA_17 supports class version 61)
[04Sep2026 01:47:19.258] [modloading-worker-0/DEBUG] [mixin/]: Renaming synthetic method lambda$mca$runAsyncAnswerRequest$2(Lnet/minecraft/server/level/ServerPlayer;Lnet/conczin/mca/entity/VillagerEntityMCA;Ljava/lang/String;)V to mddff919$mca$lambda$mca$runAsyncAnswerRequest$2$0 in mca.mixins.json:MixinServerGamePacketListenerImpl from mod mca
[04Sep2026 01:47:19.258] [modloading-worker-0/DEBUG] [mixin/]: Renaming synthetic method lambda$mca$runAsyncAnswerRequest$1(Lnet/conczin/mca/entity/VillagerEntityMCA;Lnet/minecraft/server/level/ServerPlayer;Ljava/lang/String;)V to mddff919$mca$lambda$mca$runAsyncAnswerRequest$1$1 in mca.mixins.json:MixinServerGamePacketListenerImpl from mod mca
[04Sep2026 01:47:19.258] [modloading-worker-0/DEBUG] [mixin/]: Renaming synthetic method lambda$mca$injectHandleChat$0(Ljava/lang/String;Lnet/conczin/mca/entity/VillagerEntityMCA;)V to mddff919$mca$lambda$mca$injectHandleChat$0$2 in mca.mixins.json:MixinServerGamePacketListenerImpl from mod mca
[04Sep2026 01:47:19.265] [modloading-worker-0/DEBUG] [mixin/]: Mixing ServerGamePacketListenerMixin from naturalist.mixins.json into net.minecraft.server.network.ServerGamePacketListenerImpl
[04Sep2026 01:47:19.266] [modloading-worker-0/DEBUG] [mixin/]: Mixing common.ServerGamePacketListenerImplMixin from tacz.mixins.json into net.minecraft.server.network.ServerGamePacketListenerImpl
[04Sep2026 01:47:19.266] [modloading-worker-0/DEBUG] [mixin/]: tacz.mixins.json:common.ServerGamePacketListenerImplMixin from mod tacz: Class version 65 required is higher than the class version supported by the current version of Mixin (JAVA_17 supports class version 61)
[04Sep2026 01:47:19.267] [modloading-worker-0/DEBUG] [mixin/]: Mixing common.ServerPlayNetHandlerMixin from tacz.mixins.json into net.minecraft.server.network.ServerGamePacketListenerImpl
[04Sep2026 01:47:19.267] [modloading-worker-0/DEBUG] [mixin/]: tacz.mixins.json:common.ServerPlayNetHandlerMixin from mod tacz: Class version 65 required is higher than the class version supported by the current version of Mixin (JAVA_17 supports class version 61)
[04Sep2026 01:47:19.269] [modloading-worker-0/DEBUG] [mixin/]: Mixing ServerPlayNetHandlerMixin from simplebedrockmodel.mixins.json into net.minecraft.server.network.ServerGamePacketListenerImpl
[04Sep2026 01:47:19.269] [modloading-worker-0/DEBUG] [mixin/]: simplebedrockmodel.mixins.json:ServerPlayNetHandlerMixin from mod simplebedrockmodel: Class version 65 required is higher than the class version supported by the current version of Mixin (JAVA_8 supports class version 52)
[04Sep2026 01:47:19.278] [modloading-worker-0/DEBUG] [mixin/]: mca.mixins.json:MixinServerGamePacketListenerImpl from mod mca->@Inject::mca$injectHandleChat(Lnet/minecraft/network/protocol/game/ServerboundChatPacket;Lorg/spongepowered/asm/mixin/injection/callback/CallbackInfo;)V doesn't use it's CallbackInfo
[04Sep2026 01:47:19.278] [modloading-worker-0/DEBUG] [mixin/]: mca.mixins.json:MixinServerGamePacketListenerImpl from mod mca->@Inject::mca$injectHandleChat(Lnet/minecraft/network/protocol/game/ServerboundChatPacket;Lorg/spongepowered/asm/mixin/injection/callback/CallbackInfo;)V has 0 override(s) in child classes
[04Sep2026 01:47:19.278] [modloading-worker-0/DEBUG] [mixin/]: mca.mixins.json:MixinServerGamePacketListenerImpl from mod mca->@Inject::mca$injectHandleChat(Lnet/minecraft/network/protocol/game/ServerboundChatPacket;Lorg/spongepowered/asm/mixin/injection/callback/CallbackInfo;)V won't be passed a CallbackInfo as a result
[04Sep2026 01:47:19.278] [modloading-worker-0/DEBUG] [mixin/]: naturalist.mixins.json:ServerGamePacketListenerMixin from mod naturalist->@Inject::naturalist$allowParrotFlight(Lorg/spongepowered/asm/mixin/injection/callback/CallbackInfo;)V doesn't use it's CallbackInfo
[04Sep2026 01:47:19.278] [modloading-worker-0/DEBUG] [mixin/]: naturalist.mixins.json:ServerGamePacketListenerMixin from mod naturalist->@Inject::naturalist$allowParrotFlight(Lorg/spongepowered/asm/mixin/injection/callback/CallbackInfo;)V has 0 override(s) in child classes
[04Sep2026 01:47:19.278] [modloading-worker-0/DEBUG] [mixin/]: naturalist.mixins.json:ServerGamePacketListenerMixin from mod naturalist->@Inject::naturalist$allowParrotFlight(Lorg/spongepowered/asm/mixin/injection/callback/CallbackInfo;)V won't be passed a CallbackInfo as a result
[04Sep2026 01:47:19.278] [modloading-worker-0/DEBUG] [mixin/]: tacz.mixins.json:common.ServerPlayNetHandlerMixin from mod tacz->@Inject::applySwapOffhandDraw(Lnet/minecraft/network/protocol/game/ServerboundPlayerActionPacket;Lorg/spongepowered/asm/mixin/injection/callback/CallbackInfo;)V doesn't use it's CallbackInfo
[04Sep2026 01:47:19.278] [modloading-worker-0/DEBUG] [mixin/]: tacz.mixins.json:common.ServerPlayNetHandlerMixin from mod tacz->@Inject::applySwapOffhandDraw(Lnet/minecraft/network/protocol/game/ServerboundPlayerActionPacket;Lorg/spongepowered/asm/mixin/injection/callback/CallbackInfo;)V has 0 override(s) in child classes
[04Sep2026 01:47:19.278] [modloading-worker-0/DEBUG] [mixin/]: tacz.mixins.json:common.ServerPlayNetHandlerMixin from mod tacz->@Inject::applySwapOffhandDraw(Lnet/minecraft/network/protocol/game/ServerboundPlayerActionPacket;Lorg/spongepowered/asm/mixin/injection/callback/CallbackInfo;)V won't be passed a CallbackInfo as a result
[04Sep2026 01:47:19.278] [modloading-worker-0/DEBUG] [mixin/]: simplebedrockmodel.mixins.json:ServerPlayNetHandlerMixin from mod simplebedrockmodel->@Inject::applySwapOffhandDraw(Lnet/minecraft/network/protocol/game/ServerboundPlayerActionPacket;Lorg/spongepowered/asm/mixin/injection/callback/CallbackInfo;)V doesn't use it's CallbackInfo
[04Sep2026 01:47:19.278] [modloading-worker-0/DEBUG] [mixin/]: simplebedrockmodel.mixins.json:ServerPlayNetHandlerMixin from mod simplebedrockmodel->@Inject::applySwapOffhandDraw(Lnet/minecraft/network/protocol/game/ServerboundPlayerActionPacket;Lorg/spongepowered/asm/mixin/injection/callback/CallbackInfo;)V has 0 override(s) in child classes
[04Sep2026 01:47:19.278] [modloading-worker-0/DEBUG] [mixin/]: simplebedrockmodel.mixins.json:ServerPlayNetHandlerMixin from mod simplebedrockmodel->@Inject::applySwapOffhandDraw(Lnet/minecraft/network/protocol/game/ServerboundPlayerActionPacket;Lorg/spongepowered/asm/mixin/injection/callback/CallbackInfo;)V won't be passed a CallbackInfo as a result
[04Sep2026 01:47:19.279] [modloading-worker-0/DEBUG] [net.neoforged.fml.javafmlmod.AutomaticEventSubscriber/]: Subscribing @EventBusSubscriber class Lvectorwing/farmersdelight/common/item/DogFoodItem$DogFoodEvent; to the game event bus
[04Sep2026 01:47:19.280] [modloading-worker-0/DEBUG] [net.neoforged.fml.javafmlmod.AutomaticEventSubscriber/LOADING]: Scanning class vectorwing.farmersdelight.common.event.VillagerEvents for @SubscribeEvent-annotated methods
[04Sep2026 01:47:19.280] [modloading-worker-0/DEBUG] [net.neoforged.fml.javafmlmod.AutomaticEventSubscriber/]: Subscribing @EventBusSubscriber class Lvectorwing/farmersdelight/common/event/VillagerEvents; to the game event bus
[04Sep2026 01:47:19.281] [modloading-worker-0/DEBUG] [net.neoforged.fml.javafmlmod.AutomaticEventSubscriber/LOADING]: Scanning class vectorwing.farmersdelight.common.event.CommonModBusEvents for @SubscribeEvent-annotated methods
[04Sep2026 01:47:19.282] [modloading-worker-0/DEBUG] [net.neoforged.fml.javafmlmod.AutomaticEventSubscriber/]: Subscribing @EventBusSubscriber class Lvectorwing/farmersdelight/common/event/CommonModBusEvents; to the mod event bus of mod farmersdelight
[04Sep2026 01:47:19.282] [modloading-worker-0/DEBUG] [net.neoforged.fml.javafmlmod.AutomaticEventSubscriber/LOADING]: Scanning class vectorwing.farmersdelight.common.event.CommonEvents for @SubscribeEvent-annotated methods
[04Sep2026 01:47:19.283] [modloading-worker-0/DEBUG] [net.neoforged.fml.javafmlmod.AutomaticEventSubscriber/]: Subscribing @EventBusSubscriber class Lvectorwing/farmersdelight/common/event/CommonEvents; to the game event bus
[04Sep2026 01:47:19.284] [modloading-worker-0/DEBUG] [net.neoforged.fml.javafmlmod.AutomaticEventSubscriber/LOADING]: Scanning class vectorwing.farmersdelight.common.block.entity.CuttingBoardBlockEntity for @SubscribeEvent-annotated methods
[04Sep2026 01:47:19.286] [modloading-worker-0/DEBUG] [net.neoforged.fml.javafmlmod.AutomaticEventSubscriber/]: Subscribing @EventBusSubscriber class Lvectorwing/farmersdelight/common/block/entity/CuttingBoardBlockEntity; to the mod event bus of mod farmersdelight
[04Sep2026 01:47:19.288] [modloading-worker-0/DEBUG] [mixin/]: Mixing perf.smart_ingredient_sync.ConnectionMixin from modernfix-modernfix.mixins.json into net.minecraft.network.Connection
[04Sep2026 01:47:19.302] [modloading-worker-0/DEBUG] [net.neoforged.fml.javafmlmod.AutomaticEventSubscriber/LOADING]: Scanning class vectorwing.farmersdelight.common.block.entity.CookingPotBlockEntity for @SubscribeEvent-annotated methods
[04Sep2026 01:47:19.305] [modloading-worker-0/DEBUG] [net.neoforged.fml.javafmlmod.AutomaticEventSubscriber/]: Subscribing @EventBusSubscriber class Lvectorwing/farmersdelight/common/block/entity/CookingPotBlockEntity; to the mod event bus of mod farmersdelight
[04Sep2026 01:47:19.305] [modloading-worker-0/DEBUG] [net.neoforged.fml.javafmlmod.AutomaticEventSubscriber/LOADING]: Scanning class vectorwing.farmersdelight.common.block.entity.CabinetBlockEntity for @SubscribeEvent-annotated methods
[04Sep2026 01:47:19.306] [modloading-worker-0/DEBUG] [net.neoforged.fml.javafmlmod.AutomaticEventSubscriber/]: Subscribing @EventBusSubscriber class Lvectorwing/farmersdelight/common/block/entity/CabinetBlockEntity; to the mod event bus of mod farmersdelight
[04Sep2026 01:47:19.307] [modloading-worker-0/DEBUG] [net.neoforged.fml.javafmlmod.AutomaticEventSubscriber/LOADING]: Scanning class vectorwing.farmersdelight.common.block.entity.BasketBlockEntity for @SubscribeEvent-annotated methods
[04Sep2026 01:47:19.308] [modloading-worker-0/DEBUG] [net.neoforged.fml.javafmlmod.AutomaticEventSubscriber/]: Subscribing @EventBusSubscriber class Lvectorwing/farmersdelight/common/block/entity/BasketBlockEntity; to the mod event bus of mod farmersdelight
[04Sep2026 01:47:19.308] [modloading-worker-0/DEBUG] [net.neoforged.fml.javafmlmod.AutomaticEventSubscriber/LOADING]: Scanning class vectorwing.farmersdelight.common.block.CuttingBoardBlock$ToolCarvingEvent for @SubscribeEvent-annotated methods
[04Sep2026 01:47:19.308] [modloading-worker-0/DEBUG] [net.neoforged.fml.javafmlmod.AutomaticEventSubscriber/]: Subscribing @EventBusSubscriber class Lvectorwing/farmersdelight/common/block/CuttingBoardBlock$ToolCarvingEvent; to the game event bus
[04Sep2026 01:47:19.313] [modloading-worker-0/DEBUG] [net.neoforged.fml.javafmlmod.AutomaticEventSubscriber/LOADING]: Attempting to inject @EventBusSubscriber classes into the eventbus for sophisticatedcore
[04Sep2026 01:47:19.316] [modloading-worker-0/DEBUG] [net.neoforged.fml.config.ConfigTracker/CONFIG]: Config file curios-client.toml for curios tracking
[04Sep2026 01:47:19.316] [modloading-worker-0/DEBUG] [net.neoforged.fml.config.ConfigTracker/CONFIG]: Config file patchouli-client.toml for patchouli tracking
[04Sep2026 01:47:19.317] [modloading-worker-0/DEBUG] [net.neoforged.fml.javafmlmod.AutomaticEventSubscriber/LOADING]: Attempting to inject @EventBusSubscriber classes into the eventbus for patchouli
[04Sep2026 01:47:19.317] [modloading-worker-0/DEBUG] [net.neoforged.fml.javafmlmod.AutomaticEventSubscriber/LOADING]: Scanning class vazkii.patchouli.neoforge.common.NeoForgeModInitializer for @SubscribeEvent-annotated methods
[04Sep2026 01:47:19.318] [modloading-worker-0/DEBUG] [net.neoforged.fml.config.ConfigTracker/CONFIG]: Config file curios-common.toml for curios tracking
[04Sep2026 01:47:19.318] [modloading-worker-0/DEBUG] [net.neoforged.fml.config.ConfigTracker/CONFIG]: Config file curios-server.toml for curios tracking
[04Sep2026 01:47:19.318] [modloading-worker-0/DEBUG] [net.neoforged.fml.javafmlmod.AutomaticEventSubscriber/LOADING]: Attempting to inject @EventBusSubscriber classes into the eventbus for curios
[04Sep2026 01:47:19.319] [modloading-worker-0/DEBUG] [net.neoforged.fml.javafmlmod.AutomaticEventSubscriber/]: Subscribing @EventBusSubscriber class Lvazkii/patchouli/neoforge/common/NeoForgeModInitializer; to the mod event bus of mod patchouli
[04Sep2026 01:47:19.320] [modloading-worker-0/DEBUG] [net.neoforged.fml.javafmlmod.AutomaticEventSubscriber/LOADING]: Attempting to inject @EventBusSubscriber classes into the eventbus for simplebedrockmodel
[04Sep2026 01:47:19.320] [modloading-worker-0/DEBUG] [net.neoforged.fml.javafmlmod.AutomaticEventSubscriber/LOADING]: Scanning class com.github.mcmodderanchor.simplebedrockmodel.v1.resource.ReloadListenersRegister$BedrockModelServerRegister for @SubscribeEvent-annotated methods
[04Sep2026 01:47:19.321] [modloading-worker-0/DEBUG] [net.neoforged.fml.javafmlmod.AutomaticEventSubscriber/]: Subscribing @EventBusSubscriber class Lcom/github/mcmodderanchor/simplebedrockmodel/v1/resource/ReloadListenersRegister$BedrockModelServerRegister; to the game event bus
[04Sep2026 01:47:19.327] [modloading-worker-0/DEBUG] [net.neoforged.fml.config.ConfigTracker/CONFIG]: Config file gravestone-server.toml for gravestone tracking
[04Sep2026 01:47:19.329] [modloading-worker-0/DEBUG] [net.neoforged.fml.config.ConfigTracker/CONFIG]: Config file gravestone-client.toml for gravestone tracking
[04Sep2026 01:47:19.329] [modloading-worker-0/DEBUG] [net.neoforged.fml.javafmlmod.AutomaticEventSubscriber/LOADING]: Attempting to inject @EventBusSubscriber classes into the eventbus for gravestone
[04Sep2026 01:47:19.329] [modloading-worker-0/DEBUG] [net.neoforged.fml.javafmlmod.AutomaticEventSubscriber/LOADING]: Scanning class de.maxhenkel.gravestone.Main for @SubscribeEvent-annotated methods
[04Sep2026 01:47:19.329] [modloading-worker-0/DEBUG] [net.neoforged.fml.javafmlmod.AutomaticEventSubscriber/]: Subscribing @EventBusSubscriber class Lde/maxhenkel/gravestone/Main; to the game event bus
[04Sep2026 01:47:19.333] [modloading-worker-0/DEBUG] [net.neoforged.neoforge.internal.versions.neoforge.NeoForgeVersion/CORE]: Found NeoForge version 21.1.238
[04Sep2026 01:47:19.333] [modloading-worker-0/DEBUG] [net.neoforged.neoforge.internal.versions.neoforge.NeoForgeVersion/CORE]: Found FML version 4.0.43
[04Sep2026 01:47:19.333] [modloading-worker-0/INFO] [net.neoforged.neoforge.common.NeoForgeMod/NEOFORGE-MOD]: NeoForge mod loading, version 21.1.238, for MC 1.21.1
[04Sep2026 01:47:19.338] [modloading-worker-0/DEBUG] [net.neoforged.fml.config.ConfigTracker/CONFIG]: Config file modernfix-common.toml for modernfix tracking
[04Sep2026 01:47:19.338] [modloading-worker-0/DEBUG] [net.neoforged.fml.javafmlmod.AutomaticEventSubscriber/LOADING]: Attempting to inject @EventBusSubscriber classes into the eventbus for modernfix
[04Sep2026 01:47:19.342] [modloading-worker-0/DEBUG] [net.neoforged.fml.config.ConfigTracker/CONFIG]: Config file naturescompass-common.toml for naturescompass tracking
[04Sep2026 01:47:19.342] [modloading-worker-0/DEBUG] [net.neoforged.fml.config.ConfigTracker/CONFIG]: Config file naturescompass-client.toml for naturescompass tracking
[04Sep2026 01:47:19.343] [modloading-worker-0/DEBUG] [net.neoforged.fml.javafmlmod.AutomaticEventSubscriber/LOADING]: Attempting to inject @EventBusSubscriber classes into the eventbus for naturescompass
[04Sep2026 01:47:19.343] [modloading-worker-0/DEBUG] [net.neoforged.fml.javafmlmod.AutomaticEventSubscriber/LOADING]: Scanning class com.chaosthedude.naturescompass.registry.NaturesCompassRegistry for @SubscribeEvent-annotated methods
[04Sep2026 01:47:19.344] [modloading-worker-0/DEBUG] [net.neoforged.fml.config.ConfigTracker/CONFIG]: Config file neoforge-client.toml for neoforge tracking
[04Sep2026 01:47:19.345] [modloading-worker-0/DEBUG] [net.neoforged.fml.config.ConfigTracker/CONFIG]: Config file neoforge-server.toml for neoforge tracking
[04Sep2026 01:47:19.345] [modloading-worker-0/DEBUG] [net.neoforged.fml.config.ConfigTracker/CONFIG]: Config file neoforge-common.toml for neoforge tracking
[04Sep2026 01:47:19.346] [modloading-worker-0/DEBUG] [net.neoforged.fml.javafmlmod.AutomaticEventSubscriber/]: Subscribing @EventBusSubscriber class Lcom/chaosthedude/naturescompass/registry/NaturesCompassRegistry; to the mod event bus of mod naturescompass
[04Sep2026 01:47:19.366] [modloading-worker-0/DEBUG] [net.neoforged.fml.javafmlmod.AutomaticEventSubscriber/LOADING]: Attempting to inject @EventBusSubscriber classes into the eventbus for tacz
[04Sep2026 01:47:19.366] [modloading-worker-0/DEBUG] [net.neoforged.fml.javafmlmod.AutomaticEventSubscriber/LOADING]: Scanning class com.tacz.guns.resource.CommonAssetsManager for @SubscribeEvent-annotated methods
[04Sep2026 01:47:19.375] [modloading-worker-0/DEBUG] [mixin/]: Mixing perf.capability_list_compaction.CapabilityHooksMixin from modernfix-modernfix.mixins.json into net.neoforged.neoforge.capabilities.CapabilityHooks
[04Sep2026 01:47:19.377] [modloading-worker-0/DEBUG] [mixin/]: modernfix-modernfix.mixins.json:perf.capability_list_compaction.CapabilityHooksMixin from mod modernfix->@Inject::deduplicateCaps(Lorg/spongepowered/asm/mixin/injection/callback/CallbackInfo;)V doesn't use it's CallbackInfo
[04Sep2026 01:47:19.386] [modloading-worker-0/DEBUG] [net.neoforged.fml.javafmlmod.AutomaticEventSubscriber/LOADING]: Attempting to inject @EventBusSubscriber classes into the eventbus for neoforge
[04Sep2026 01:47:19.386] [modloading-worker-0/DEBUG] [net.neoforged.fml.javafmlmod.AutomaticEventSubscriber/LOADING]: Scanning class net.neoforged.neoforge.network.filters.GenericPacketSplitter for @SubscribeEvent-annotated methods
[04Sep2026 01:47:19.392] [modloading-worker-0/DEBUG] [net.neoforged.fml.javafmlmod.AutomaticEventSubscriber/]: Subscribing @EventBusSubscriber class Lcom/tacz/guns/resource/CommonAssetsManager; to the game event bus
[04Sep2026 01:47:19.394] [modloading-worker-0/DEBUG] [net.neoforged.fml.javafmlmod.AutomaticEventSubscriber/LOADING]: Scanning class com.tacz.guns.network.NetworkHandler for @SubscribeEvent-annotated methods
[04Sep2026 01:47:19.395] [modloading-worker-0/DEBUG] [net.neoforged.fml.javafmlmod.AutomaticEventSubscriber/]: Subscribing @EventBusSubscriber class Lcom/tacz/guns/network/NetworkHandler; to the mod event bus of mod tacz
[04Sep2026 01:47:19.395] [modloading-worker-0/DEBUG] [net.neoforged.fml.javafmlmod.AutomaticEventSubscriber/LOADING]: Scanning class com.tacz.guns.init.ModItems for @SubscribeEvent-annotated methods
[04Sep2026 01:47:19.395] [modloading-worker-0/DEBUG] [net.neoforged.fml.javafmlmod.AutomaticEventSubscriber/]: Subscribing @EventBusSubscriber class Lcom/tacz/guns/init/ModItems; to the mod event bus of mod tacz
[04Sep2026 01:47:19.395] [modloading-worker-0/DEBUG] [net.neoforged.fml.javafmlmod.AutomaticEventSubscriber/LOADING]: Scanning class com.tacz.guns.init.CompatRegistry for @SubscribeEvent-annotated methods
[04Sep2026 01:47:19.396] [modloading-worker-0/DEBUG] [net.neoforged.fml.javafmlmod.AutomaticEventSubscriber/]: Subscribing @EventBusSubscriber class Lcom/tacz/guns/init/CompatRegistry; to the mod event bus of mod tacz
[04Sep2026 01:47:19.396] [modloading-worker-0/DEBUG] [net.neoforged.fml.javafmlmod.AutomaticEventSubscriber/LOADING]: Scanning class com.tacz.guns.init.CommonRegistry for @SubscribeEvent-annotated methods
[04Sep2026 01:47:19.396] [modloading-worker-0/DEBUG] [net.neoforged.fml.javafmlmod.AutomaticEventSubscriber/]: Subscribing @EventBusSubscriber class Lcom/tacz/guns/init/CommonRegistry; to the mod event bus of mod tacz
[04Sep2026 01:47:19.397] [modloading-worker-0/DEBUG] [net.neoforged.fml.javafmlmod.AutomaticEventSubscriber/LOADING]: Scanning class com.tacz.guns.init.CommandRegistry for @SubscribeEvent-annotated methods
[04Sep2026 01:47:19.397] [modloading-worker-0/DEBUG] [net.neoforged.fml.javafmlmod.AutomaticEventSubscriber/]: Subscribing @EventBusSubscriber class Lcom/tacz/guns/init/CommandRegistry; to the game event bus
[04Sep2026 01:47:19.397] [modloading-worker-0/DEBUG] [net.neoforged.fml.javafmlmod.AutomaticEventSubscriber/LOADING]: Scanning class com.tacz.guns.event.TravelToDimensionEvent for @SubscribeEvent-annotated methods
[04Sep2026 01:47:19.397] [modloading-worker-0/DEBUG] [net.neoforged.fml.javafmlmod.AutomaticEventSubscriber/]: Subscribing @EventBusSubscriber class Lcom/tacz/guns/event/TravelToDimensionEvent; to the game event bus
[04Sep2026 01:47:19.398] [modloading-worker-0/DEBUG] [net.neoforged.fml.javafmlmod.AutomaticEventSubscriber/LOADING]: Scanning class com.tacz.guns.event.SyncedEntityDataEvent for @SubscribeEvent-annotated methods
[04Sep2026 01:47:19.399] [modloading-worker-0/DEBUG] [net.neoforged.fml.javafmlmod.AutomaticEventSubscriber/]: Subscribing @EventBusSubscriber class Lcom/tacz/guns/event/SyncedEntityDataEvent; to the game event bus
[04Sep2026 01:47:19.399] [modloading-worker-0/DEBUG] [net.neoforged.fml.javafmlmod.AutomaticEventSubscriber/LOADING]: Scanning class com.tacz.guns.event.SyncBaseTimestamp for @SubscribeEvent-annotated methods
[04Sep2026 01:47:19.400] [modloading-worker-0/DEBUG] [net.neoforged.fml.javafmlmod.AutomaticEventSubscriber/]: Subscribing @EventBusSubscriber class Lcom/tacz/guns/event/SyncBaseTimestamp; to the game event bus
[04Sep2026 01:47:19.400] [modloading-worker-0/DEBUG] [net.neoforged.fml.javafmlmod.AutomaticEventSubscriber/LOADING]: Scanning class com.tacz.guns.event.ServerTickEvent for @SubscribeEvent-annotated methods
[04Sep2026 01:47:19.400] [modloading-worker-0/DEBUG] [net.neoforged.fml.javafmlmod.AutomaticEventSubscriber/]: Subscribing @EventBusSubscriber class Lcom/tacz/guns/event/ServerTickEvent; to the game event bus
[04Sep2026 01:47:19.400] [modloading-worker-0/DEBUG] [net.neoforged.fml.javafmlmod.AutomaticEventSubscriber/LOADING]: Scanning class com.tacz.guns.event.PreventGunClick for @SubscribeEvent-annotated methods
[04Sep2026 01:47:19.400] [modloading-worker-0/DEBUG] [net.neoforged.fml.javafmlmod.AutomaticEventSubscriber/]: Subscribing @EventBusSubscriber class Lcom/tacz/guns/event/PreventGunClick; to the game event bus
[04Sep2026 01:47:19.401] [modloading-worker-0/DEBUG] [net.neoforged.fml.javafmlmod.AutomaticEventSubscriber/LOADING]: Scanning class com.tacz.guns.event.PlayerRespawnEvent for @SubscribeEvent-annotated methods
[04Sep2026 01:47:19.401] [modloading-worker-0/DEBUG] [net.neoforged.fml.javafmlmod.AutomaticEventSubscriber/]: Subscribing @EventBusSubscriber class Lcom/tacz/guns/event/PlayerRespawnEvent; to the game event bus
[04Sep2026 01:47:19.401] [modloading-worker-0/DEBUG] [net.neoforged.fml.javafmlmod.AutomaticEventSubscriber/LOADING]: Scanning class com.tacz.guns.event.LoadingConfigEvent for @SubscribeEvent-annotated methods
[04Sep2026 01:47:19.401] [modloading-worker-0/DEBUG] [net.neoforged.fml.javafmlmod.AutomaticEventSubscriber/]: Subscribing @EventBusSubscriber class Lcom/tacz/guns/event/LoadingConfigEvent; to the mod event bus of mod tacz
[04Sep2026 01:47:19.402] [modloading-worker-0/DEBUG] [net.neoforged.fml.javafmlmod.AutomaticEventSubscriber/LOADING]: Scanning class com.tacz.guns.event.KnockbackChange for @SubscribeEvent-annotated methods
[04Sep2026 01:47:19.402] [modloading-worker-0/DEBUG] [net.neoforged.fml.javafmlmod.AutomaticEventSubscriber/]: Subscribing @EventBusSubscriber class Lcom/tacz/guns/event/KnockbackChange; to the game event bus
[04Sep2026 01:47:19.402] [modloading-worker-0/DEBUG] [net.neoforged.fml.javafmlmod.AutomaticEventSubscriber/LOADING]: Scanning class com.tacz.guns.event.HitboxHelperEvent for @SubscribeEvent-annotated methods
[04Sep2026 01:47:19.403] [modloading-worker-0/DEBUG] [net.neoforged.fml.javafmlmod.AutomaticEventSubscriber/]: Subscribing @EventBusSubscriber class Lcom/tacz/guns/event/HitboxHelperEvent; to the game event bus
[04Sep2026 01:47:19.403] [modloading-worker-0/DEBUG] [net.neoforged.fml.javafmlmod.AutomaticEventSubscriber/LOADING]: Scanning class com.tacz.guns.event.EntityDamageEvent for @SubscribeEvent-annotated methods
[04Sep2026 01:47:19.403] [modloading-worker-0/DEBUG] [net.neoforged.fml.javafmlmod.AutomaticEventSubscriber/]: Subscribing @EventBusSubscriber class Lcom/tacz/guns/event/EntityDamageEvent; to the game event bus
[04Sep2026 01:47:19.404] [modloading-worker-0/DEBUG] [net.neoforged.fml.javafmlmod.AutomaticEventSubscriber/LOADING]: Scanning class com.tacz.guns.event.CommonLoadPack for @SubscribeEvent-annotated methods
[04Sep2026 01:47:19.404] [modloading-worker-0/DEBUG] [net.neoforged.fml.javafmlmod.AutomaticEventSubscriber/]: Subscribing @EventBusSubscriber class Lcom/tacz/guns/event/CommonLoadPack; to the mod event bus of mod tacz
[04Sep2026 01:47:19.404] [modloading-worker-0/DEBUG] [net.neoforged.fml.javafmlmod.AutomaticEventSubscriber/LOADING]: Scanning class com.tacz.guns.event.ammo.DestroyGlassBlock for @SubscribeEvent-annotated methods
[04Sep2026 01:47:19.405] [modloading-worker-0/DEBUG] [net.neoforged.fml.javafmlmod.AutomaticEventSubscriber/]: Subscribing @EventBusSubscriber class Lcom/tacz/guns/event/ammo/DestroyGlassBlock; to the game event bus
[04Sep2026 01:47:19.406] [modloading-worker-0/DEBUG] [net.neoforged.fml.javafmlmod.AutomaticEventSubscriber/LOADING]: Scanning class com.tacz.guns.event.ammo.BellRing for @SubscribeEvent-annotated methods
[04Sep2026 01:47:19.406] [modloading-worker-0/DEBUG] [net.neoforged.fml.javafmlmod.AutomaticEventSubscriber/]: Subscribing @EventBusSubscriber class Lcom/tacz/guns/event/ammo/BellRing; to the game event bus
[04Sep2026 01:47:19.406] [modloading-worker-0/DEBUG] [net.neoforged.fml.javafmlmod.AutomaticEventSubscriber/LOADING]: Scanning class com.tacz.guns.client.event.TooltipEvent for @SubscribeEvent-annotated methods
[04Sep2026 01:47:19.407] [modloading-worker-0/DEBUG] [net.neoforged.fml.javafmlmod.AutomaticEventSubscriber/]: Subscribing @EventBusSubscriber class Lcom/tacz/guns/client/event/TooltipEvent; to the game event bus
[04Sep2026 01:47:19.410] [modloading-worker-0/DEBUG] [net.neoforged.fml.config.ConfigTracker/CONFIG]: Config file touhou_little_maid-common.toml for touhou_little_maid tracking
[04Sep2026 01:47:19.412] [modloading-worker-0/DEBUG] [net.neoforged.fml.config.ConfigTracker/CONFIG]: Config file touhou_little_maid-server.toml for touhou_little_maid tracking
[04Sep2026 01:47:19.413] [modloading-worker-0/INFO] [touhou_little_maid/]: common default pack init start...
[04Sep2026 01:47:19.416] [modloading-worker-0/DEBUG] [net.neoforged.fml.config.ConfigTracker/CONFIG]: Config file sophisticatedbackpacks-server.toml for sophisticatedbackpacks tracking
[04Sep2026 01:47:19.416] [modloading-worker-0/DEBUG] [net.neoforged.fml.config.ConfigTracker/CONFIG]: Config file sophisticatedbackpacks-common.toml for sophisticatedbackpacks tracking
[04Sep2026 01:47:19.417] [modloading-worker-0/DEBUG] [io.netty.buffer.AbstractByteBuf/]: -Dio.netty.buffer.checkAccessible: true
[04Sep2026 01:47:19.417] [modloading-worker-0/DEBUG] [io.netty.buffer.AbstractByteBuf/]: -Dio.netty.buffer.checkBounds: true
[04Sep2026 01:47:19.424] [modloading-worker-0/DEBUG] [io.netty.util.ResourceLeakDetectorFactory/]: Loaded default ResourceLeakDetector: io.netty.util.ResourceLeakDetector@391f37fc
[04Sep2026 01:47:19.428] [modloading-worker-0/DEBUG] [net.neoforged.fml.config.ConfigTracker/CONFIG]: Config file tacz_tactical_breaching-common.toml for tacz_tactical_breaching tracking
[04Sep2026 01:47:19.435] [modloading-worker-0/DEBUG] [io.netty.util.internal.InternalThreadLocalMap/]: -Dio.netty.threadLocalMap.stringBuilder.initialSize: 1024
[04Sep2026 01:47:19.435] [modloading-worker-0/DEBUG] [io.netty.util.internal.InternalThreadLocalMap/]: -Dio.netty.threadLocalMap.stringBuilder.maxSize: 4096
[04Sep2026 01:47:19.439] [modloading-worker-0/DEBUG] [io.netty.buffer.PooledByteBufAllocator/]: -Dio.netty.allocator.numHeapArenas: 12
[04Sep2026 01:47:19.439] [modloading-worker-0/DEBUG] [io.netty.buffer.PooledByteBufAllocator/]: -Dio.netty.allocator.numDirectArenas: 12
[04Sep2026 01:47:19.439] [modloading-worker-0/DEBUG] [io.netty.buffer.PooledByteBufAllocator/]: -Dio.netty.allocator.pageSize: 8192
[04Sep2026 01:47:19.439] [modloading-worker-0/DEBUG] [io.netty.buffer.PooledByteBufAllocator/]: -Dio.netty.allocator.maxOrder: 9
[04Sep2026 01:47:19.439] [modloading-worker-0/DEBUG] [io.netty.buffer.PooledByteBufAllocator/]: -Dio.netty.allocator.chunkSize: 4194304
[04Sep2026 01:47:19.439] [modloading-worker-0/DEBUG] [io.netty.buffer.PooledByteBufAllocator/]: -Dio.netty.allocator.smallCacheSize: 256
[04Sep2026 01:47:19.439] [modloading-worker-0/DEBUG] [io.netty.buffer.PooledByteBufAllocator/]: -Dio.netty.allocator.normalCacheSize: 64
[04Sep2026 01:47:19.439] [modloading-worker-0/DEBUG] [io.netty.buffer.PooledByteBufAllocator/]: -Dio.netty.allocator.maxCachedBufferCapacity: 32768
[04Sep2026 01:47:19.439] [modloading-worker-0/DEBUG] [io.netty.buffer.PooledByteBufAllocator/]: -Dio.netty.allocator.cacheTrimInterval: 8192
[04Sep2026 01:47:19.439] [modloading-worker-0/DEBUG] [io.netty.buffer.PooledByteBufAllocator/]: -Dio.netty.allocator.cacheTrimIntervalMillis: 0
[04Sep2026 01:47:19.439] [modloading-worker-0/DEBUG] [io.netty.buffer.PooledByteBufAllocator/]: -Dio.netty.allocator.useCacheForAllThreads: false
[04Sep2026 01:47:19.439] [modloading-worker-0/DEBUG] [io.netty.buffer.PooledByteBufAllocator/]: -Dio.netty.allocator.maxCachedByteBuffersPerChunk: 1023
[04Sep2026 01:47:19.452] [modloading-worker-0/DEBUG] [io.netty.buffer.ByteBufUtil/]: -Dio.netty.allocator.type: pooled
[04Sep2026 01:47:19.452] [modloading-worker-0/DEBUG] [io.netty.buffer.ByteBufUtil/]: -Dio.netty.threadLocalDirectBufferSize: 0
[04Sep2026 01:47:19.452] [modloading-worker-0/DEBUG] [io.netty.buffer.ByteBufUtil/]: -Dio.netty.maxThreadLocalCharBufferSize: 16384
[04Sep2026 01:47:19.456] [modloading-worker-0/DEBUG] [net.neoforged.fml.javafmlmod.AutomaticEventSubscriber/]: Subscribing @EventBusSubscriber class Lnet/neoforged/neoforge/network/filters/GenericPacketSplitter; to the mod event bus of mod neoforge
[04Sep2026 01:47:19.456] [modloading-worker-0/DEBUG] [net.neoforged.fml.javafmlmod.AutomaticEventSubscriber/LOADING]: Attempting to inject @EventBusSubscriber classes into the eventbus for tacz_tactical_breaching
[04Sep2026 01:47:19.456] [modloading-worker-0/DEBUG] [net.neoforged.fml.config.ConfigTracker/CONFIG]: Config file naturalist-server.toml for naturalist tracking
[04Sep2026 01:47:19.458] [modloading-worker-0/DEBUG] [net.neoforged.fml.javafmlmod.AutomaticEventSubscriber/LOADING]: Attempting to inject @EventBusSubscriber classes into the eventbus for naturalist
[04Sep2026 01:47:19.461] [modloading-worker-0/DEBUG] [net.neoforged.fml.config.ConfigTracker/CONFIG]: Config file appleskin-client.toml for appleskin tracking
[04Sep2026 01:47:19.461] [modloading-worker-0/DEBUG] [net.neoforged.fml.javafmlmod.AutomaticEventSubscriber/LOADING]: Attempting to inject @EventBusSubscriber classes into the eventbus for appleskin
[04Sep2026 01:47:19.461] [modloading-worker-0/DEBUG] [net.neoforged.fml.javafmlmod.AutomaticEventSubscriber/LOADING]: Attempting to inject @EventBusSubscriber classes into the eventbus for ferritecore
[04Sep2026 01:47:19.461] [modloading-worker-0/DEBUG] [net.neoforged.fml.javafmlmod.AutomaticEventSubscriber/LOADING]: Attempting to inject @EventBusSubscriber classes into the eventbus for cloth_config
[04Sep2026 01:47:19.463] [modloading-worker-0/DEBUG] [net.neoforged.fml.javafmlmod.AutomaticEventSubscriber/LOADING]: Scanning class net.neoforged.neoforge.network.NetworkInitialization for @SubscribeEvent-annotated methods
[04Sep2026 01:47:19.464] [modloading-worker-0/DEBUG] [net.neoforged.fml.javafmlmod.AutomaticEventSubscriber/]: Subscribing @EventBusSubscriber class Lnet/neoforged/neoforge/network/NetworkInitialization; to the mod event bus of mod neoforge
[04Sep2026 01:47:19.464] [modloading-worker-0/DEBUG] [net.neoforged.fml.javafmlmod.AutomaticEventSubscriber/LOADING]: Scanning class net.neoforged.neoforge.network.ConfigurationInitialization for @SubscribeEvent-annotated methods
[04Sep2026 01:47:19.465] [modloading-worker-0/DEBUG] [net.neoforged.fml.javafmlmod.AutomaticEventSubscriber/]: Subscribing @EventBusSubscriber class Lnet/neoforged/neoforge/network/ConfigurationInitialization; to the mod event bus of mod neoforge
[04Sep2026 01:47:19.465] [modloading-worker-0/DEBUG] [net.neoforged.fml.javafmlmod.AutomaticEventSubscriber/LOADING]: Scanning class net.neoforged.neoforge.common.MonsterRoomHooks for @SubscribeEvent-annotated methods
[04Sep2026 01:47:19.465] [modloading-worker-0/INFO] [thedarkcolour.kotlinforforge.neoforge.test.KotlinForForge/]: Kotlin For Forge Enabled!
[04Sep2026 01:47:19.466] [modloading-worker-0/DEBUG] [net.neoforged.fml.javafmlmod.AutomaticEventSubscriber/]: Subscribing @EventBusSubscriber class Lnet/neoforged/neoforge/common/MonsterRoomHooks; to the game event bus
[04Sep2026 01:47:19.466] [modloading-worker-0/DEBUG] [net.neoforged.fml.javafmlmod.AutomaticEventSubscriber/LOADING]: Scanning class net.neoforged.neoforge.common.DeferredSpawnEggItem$CommonHandler for @SubscribeEvent-annotated methods
[04Sep2026 01:47:19.466] [modloading-worker-0/DEBUG] [thedarkcolour.kotlinforforge.neoforge.LoggerKt/LOADING]: Attempting to inject @EventBusSubscriber kotlin objects in to the event bus for kotlinforforge
[04Sep2026 01:47:19.467] [modloading-worker-0/DEBUG] [playerrevive/]: Created network playerrevive:main
[04Sep2026 01:47:19.468] [modloading-worker-0/DEBUG] [net.neoforged.fml.javafmlmod.AutomaticEventSubscriber/]: Subscribing @EventBusSubscriber class Lnet/neoforged/neoforge/common/DeferredSpawnEggItem$CommonHandler; to the mod event bus of mod neoforge
[04Sep2026 01:47:19.468] [modloading-worker-0/DEBUG] [net.neoforged.fml.javafmlmod.AutomaticEventSubscriber/LOADING]: Scanning class net.neoforged.neoforge.attachment.AttachmentSync for @SubscribeEvent-annotated methods
[04Sep2026 01:47:19.469] [modloading-worker-0/DEBUG] [net.neoforged.fml.javafmlmod.AutomaticEventSubscriber/LOADING]: Attempting to inject @EventBusSubscriber classes into the eventbus for playerrevive
[04Sep2026 01:47:19.473] [modloading-worker-0/DEBUG] [net.neoforged.fml.javafmlmod.AutomaticEventSubscriber/]: Subscribing @EventBusSubscriber class Lnet/neoforged/neoforge/attachment/AttachmentSync; to the game event bus
[04Sep2026 01:47:19.474] [modloading-worker-0/DEBUG] [net.neoforged.fml.javafmlmod.AutomaticEventSubscriber/LOADING]: Scanning class net.neoforged.neoforge.attachment.AttachmentInternals for @SubscribeEvent-annotated methods
[04Sep2026 01:47:19.477] [modloading-worker-0/DEBUG] [net.neoforged.fml.javafmlmod.AutomaticEventSubscriber/]: Subscribing @EventBusSubscriber class Lnet/neoforged/neoforge/attachment/AttachmentInternals; to the game event bus
[04Sep2026 01:47:19.479] [modloading-worker-0/DEBUG] [net.neoforged.fml.javafmlmod.AutomaticEventSubscriber/LOADING]: Attempting to inject @EventBusSubscriber classes into the eventbus for fzzy_config
[04Sep2026 01:47:19.494] [modloading-worker-0/DEBUG] [net.neoforged.fml.javafmlmod.AutomaticEventSubscriber/LOADING]: Attempting to inject @EventBusSubscriber classes into the eventbus for architectury
[04Sep2026 01:47:19.506] [modloading-worker-0/DEBUG] [net.neoforged.fml.javafmlmod.AutomaticEventSubscriber/LOADING]: Attempting to inject @EventBusSubscriber classes into the eventbus for taczpackupgrader
[04Sep2026 01:47:19.535] [modloading-worker-0/DEBUG] [net.neoforged.fml.javafmlmod.AutomaticEventSubscriber/LOADING]: Attempting to inject @EventBusSubscriber classes into the eventbus for sophisticatedbackpacks
[04Sep2026 01:47:19.709] [modloading-worker-0/INFO] [touhou_little_maid/]: common default pack init finished, cost time: 294.931 ms
[04Sep2026 01:47:19.710] [modloading-worker-0/DEBUG] [net.neoforged.fml.javafmlmod.AutomaticEventSubscriber/LOADING]: Attempting to inject @EventBusSubscriber classes into the eventbus for touhou_little_maid
[04Sep2026 01:47:19.710] [modloading-worker-0/DEBUG] [net.neoforged.fml.javafmlmod.AutomaticEventSubscriber/LOADING]: Scanning class com.github.tartaricacid.touhoulittlemaid.init.InitEntities for @SubscribeEvent-annotated methods
[04Sep2026 01:47:19.710] [modloading-worker-0/DEBUG] [net.neoforged.fml.javafmlmod.AutomaticEventSubscriber/]: Subscribing @EventBusSubscriber class Lcom/github/tartaricacid/touhoulittlemaid/init/InitEntities; to the mod event bus of mod touhou_little_maid
[04Sep2026 01:47:19.711] [modloading-worker-0/DEBUG] [net.neoforged.fml.javafmlmod.AutomaticEventSubscriber/LOADING]: Scanning class com.github.tartaricacid.touhoulittlemaid.init.registry.CompatRegistry for @SubscribeEvent-annotated methods
[04Sep2026 01:47:19.711] [modloading-worker-0/DEBUG] [net.neoforged.fml.javafmlmod.AutomaticEventSubscriber/]: Subscribing @EventBusSubscriber class Lcom/github/tartaricacid/touhoulittlemaid/init/registry/CompatRegistry; to the mod event bus of mod touhou_little_maid
[04Sep2026 01:47:19.712] [modloading-worker-0/DEBUG] [net.neoforged.fml.javafmlmod.AutomaticEventSubscriber/LOADING]: Scanning class com.github.tartaricacid.touhoulittlemaid.init.registry.DatapackRegistry for @SubscribeEvent-annotated methods
[04Sep2026 01:47:19.712] [modloading-worker-0/DEBUG] [net.neoforged.fml.javafmlmod.AutomaticEventSubscriber/]: Subscribing @EventBusSubscriber class Lcom/github/tartaricacid/touhoulittlemaid/init/registry/DatapackRegistry; to the game event bus
[04Sep2026 01:47:19.712] [modloading-worker-0/DEBUG] [net.neoforged.fml.javafmlmod.AutomaticEventSubscriber/LOADING]: Scanning class com.github.tartaricacid.touhoulittlemaid.init.registry.CommonRegistry for @SubscribeEvent-annotated methods
[04Sep2026 01:47:19.713] [modloading-worker-0/DEBUG] [net.neoforged.fml.javafmlmod.AutomaticEventSubscriber/]: Subscribing @EventBusSubscriber class Lcom/github/tartaricacid/touhoulittlemaid/init/registry/CommonRegistry; to the mod event bus of mod touhou_little_maid
[04Sep2026 01:47:19.713] [modloading-worker-0/DEBUG] [net.neoforged.fml.javafmlmod.AutomaticEventSubscriber/LOADING]: Scanning class com.github.tartaricacid.touhoulittlemaid.init.registry.MobSpawnInfoRegistry for @SubscribeEvent-annotated methods
[04Sep2026 01:47:19.714] [modloading-worker-0/DEBUG] [net.neoforged.fml.javafmlmod.AutomaticEventSubscriber/]: Subscribing @EventBusSubscriber class Lcom/github/tartaricacid/touhoulittlemaid/init/registry/MobSpawnInfoRegistry; to the game event bus
[04Sep2026 01:47:19.714] [modloading-worker-0/DEBUG] [net.neoforged.fml.javafmlmod.AutomaticEventSubscriber/LOADING]: Scanning class com.github.tartaricacid.touhoulittlemaid.item.ItemSubstituteJizo for @SubscribeEvent-annotated methods
[04Sep2026 01:47:19.715] [modloading-worker-0/DEBUG] [net.neoforged.fml.javafmlmod.AutomaticEventSubscriber/]: Subscribing @EventBusSubscriber class Lcom/github/tartaricacid/touhoulittlemaid/item/ItemSubstituteJizo; to the game event bus
[04Sep2026 01:47:19.717] [modloading-worker-0/DEBUG] [net.neoforged.fml.javafmlmod.AutomaticEventSubscriber/LOADING]: Scanning class com.github.tartaricacid.touhoulittlemaid.entity.chatbubble.RandomEmoji for @SubscribeEvent-annotated methods
[04Sep2026 01:47:19.718] [modloading-worker-0/DEBUG] [net.neoforged.fml.javafmlmod.AutomaticEventSubscriber/]: Subscribing @EventBusSubscriber class Lcom/github/tartaricacid/touhoulittlemaid/entity/chatbubble/RandomEmoji; to the game event bus
[04Sep2026 01:47:19.719] [modloading-worker-0/DEBUG] [net.neoforged.fml.javafmlmod.AutomaticEventSubscriber/LOADING]: Scanning class com.github.tartaricacid.touhoulittlemaid.event.MaidTrackEvent for @SubscribeEvent-annotated methods
[04Sep2026 01:47:19.719] [modloading-worker-0/DEBUG] [net.neoforged.fml.javafmlmod.AutomaticEventSubscriber/]: Subscribing @EventBusSubscriber class Lcom/github/tartaricacid/touhoulittlemaid/event/MaidTrackEvent; to the game event bus
[04Sep2026 01:47:19.719] [modloading-worker-0/DEBUG] [net.neoforged.fml.javafmlmod.AutomaticEventSubscriber/LOADING]: Scanning class com.github.tartaricacid.touhoulittlemaid.event.CopyEntityIdEvent for @SubscribeEvent-annotated methods
[04Sep2026 01:47:19.720] [modloading-worker-0/DEBUG] [net.neoforged.fml.javafmlmod.AutomaticEventSubscriber/]: Subscribing @EventBusSubscriber class Lcom/github/tartaricacid/touhoulittlemaid/event/CopyEntityIdEvent; to the game event bus
[04Sep2026 01:47:19.720] [modloading-worker-0/DEBUG] [net.neoforged.fml.javafmlmod.AutomaticEventSubscriber/LOADING]: Scanning class com.github.tartaricacid.touhoulittlemaid.event.CancelSaddleMaidEvent for @SubscribeEvent-annotated methods
[04Sep2026 01:47:19.721] [modloading-worker-0/DEBUG] [net.neoforged.fml.javafmlmod.AutomaticEventSubscriber/]: Subscribing @EventBusSubscriber class Lcom/github/tartaricacid/touhoulittlemaid/event/CancelSaddleMaidEvent; to the game event bus
[04Sep2026 01:47:19.721] [modloading-worker-0/DEBUG] [net.neoforged.fml.javafmlmod.AutomaticEventSubscriber/LOADING]: Scanning class com.github.tartaricacid.touhoulittlemaid.event.InstallChairEvent for @SubscribeEvent-annotated methods
[04Sep2026 01:47:19.721] [modloading-worker-0/DEBUG] [net.neoforged.fml.javafmlmod.AutomaticEventSubscriber/]: Subscribing @EventBusSubscriber class Lcom/github/tartaricacid/touhoulittlemaid/event/InstallChairEvent; to the game event bus
[04Sep2026 01:47:19.722] [modloading-worker-0/DEBUG] [net.neoforged.fml.javafmlmod.AutomaticEventSubscriber/LOADING]: Scanning class com.github.tartaricacid.touhoulittlemaid.event.food.ConvertFoodEatenEvent for @SubscribeEvent-annotated methods
[04Sep2026 01:47:19.722] [modloading-worker-0/DEBUG] [net.neoforged.fml.javafmlmod.AutomaticEventSubscriber/]: Subscribing @EventBusSubscriber class Lcom/github/tartaricacid/touhoulittlemaid/event/food/ConvertFoodEatenEvent; to the game event bus
[04Sep2026 01:47:19.722] [modloading-worker-0/DEBUG] [net.neoforged.fml.javafmlmod.AutomaticEventSubscriber/LOADING]: Scanning class com.github.tartaricacid.touhoulittlemaid.event.food.RemainFoodEatenEvent for @SubscribeEvent-annotated methods
[04Sep2026 01:47:19.723] [modloading-worker-0/DEBUG] [net.neoforged.fml.javafmlmod.AutomaticEventSubscriber/]: Subscribing @EventBusSubscriber class Lcom/github/tartaricacid/touhoulittlemaid/event/food/RemainFoodEatenEvent; to the game event bus
[04Sep2026 01:47:19.723] [modloading-worker-0/DEBUG] [net.neoforged.fml.javafmlmod.AutomaticEventSubscriber/LOADING]: Scanning class com.github.tartaricacid.touhoulittlemaid.event.MaidMealRegConfigEvent for @SubscribeEvent-annotated methods
[04Sep2026 01:47:19.724] [modloading-worker-0/DEBUG] [net.neoforged.fml.javafmlmod.AutomaticEventSubscriber/]: Subscribing @EventBusSubscriber class Lcom/github/tartaricacid/touhoulittlemaid/event/MaidMealRegConfigEvent; to the mod event bus of mod touhou_little_maid
[04Sep2026 01:47:19.724] [modloading-worker-0/DEBUG] [net.neoforged.fml.javafmlmod.AutomaticEventSubscriber/LOADING]: Scanning class com.github.tartaricacid.touhoulittlemaid.event.maid.GetExpBottleEvent for @SubscribeEvent-annotated methods
[04Sep2026 01:47:19.724] [modloading-worker-0/DEBUG] [net.neoforged.fml.javafmlmod.AutomaticEventSubscriber/]: Subscribing @EventBusSubscriber class Lcom/github/tartaricacid/touhoulittlemaid/event/maid/GetExpBottleEvent; to the game event bus
[04Sep2026 01:47:19.725] [modloading-worker-0/DEBUG] [net.neoforged.fml.javafmlmod.AutomaticEventSubscriber/LOADING]: Scanning class com.github.tartaricacid.touhoulittlemaid.event.maid.PotionItemUse for @SubscribeEvent-annotated methods
[04Sep2026 01:47:19.725] [modloading-worker-0/DEBUG] [net.neoforged.fml.javafmlmod.AutomaticEventSubscriber/]: Subscribing @EventBusSubscriber class Lcom/github/tartaricacid/touhoulittlemaid/event/maid/PotionItemUse; to the game event bus
[04Sep2026 01:47:19.725] [modloading-worker-0/DEBUG] [net.neoforged.fml.javafmlmod.AutomaticEventSubscriber/LOADING]: Scanning class com.github.tartaricacid.touhoulittlemaid.event.maid.SwitchSittingEvent for @SubscribeEvent-annotated methods
[04Sep2026 01:47:19.726] [modloading-worker-0/DEBUG] [net.neoforged.fml.javafmlmod.AutomaticEventSubscriber/]: Subscribing @EventBusSubscriber class Lcom/github/tartaricacid/touhoulittlemaid/event/maid/SwitchSittingEvent; to the game event bus
[04Sep2026 01:47:19.726] [modloading-worker-0/DEBUG] [net.neoforged.fml.javafmlmod.AutomaticEventSubscriber/LOADING]: Scanning class com.github.tartaricacid.touhoulittlemaid.event.maid.MaidDeathFavorability for @SubscribeEvent-annotated methods
[04Sep2026 01:47:19.727] [modloading-worker-0/DEBUG] [net.neoforged.fml.javafmlmod.AutomaticEventSubscriber/]: Subscribing @EventBusSubscriber class Lcom/github/tartaricacid/touhoulittlemaid/event/maid/MaidDeathFavorability; to the game event bus
[04Sep2026 01:47:19.727] [modloading-worker-0/DEBUG] [net.neoforged.fml.javafmlmod.AutomaticEventSubscriber/LOADING]: Scanning class com.github.tartaricacid.touhoulittlemaid.event.maid.ApplyPotionEffectEvent for @SubscribeEvent-annotated methods
[04Sep2026 01:47:19.727] [modloading-worker-0/DEBUG] [net.neoforged.fml.javafmlmod.AutomaticEventSubscriber/]: Subscribing @EventBusSubscriber class Lcom/github/tartaricacid/touhoulittlemaid/event/maid/ApplyPotionEffectEvent; to the game event bus
[04Sep2026 01:47:19.728] [modloading-worker-0/DEBUG] [net.neoforged.fml.javafmlmod.AutomaticEventSubscriber/LOADING]: Scanning class com.github.tartaricacid.touhoulittlemaid.event.maid.MaidAreaClickEvent for @SubscribeEvent-annotated methods
[04Sep2026 01:47:19.728] [modloading-worker-0/DEBUG] [net.neoforged.fml.javafmlmod.AutomaticEventSubscriber/]: Subscribing @EventBusSubscriber class Lcom/github/tartaricacid/touhoulittlemaid/event/maid/MaidAreaClickEvent; to the game event bus
[04Sep2026 01:47:19.729] [modloading-worker-0/DEBUG] [net.neoforged.fml.javafmlmod.AutomaticEventSubscriber/LOADING]: Scanning class com.github.tartaricacid.touhoulittlemaid.event.maid.DismountMaidEvent for @SubscribeEvent-annotated methods
[04Sep2026 01:47:19.729] [modloading-worker-0/DEBUG] [net.neoforged.fml.javafmlmod.AutomaticEventSubscriber/]: Subscribing @EventBusSubscriber class Lcom/github/tartaricacid/touhoulittlemaid/event/maid/DismountMaidEvent; to the game event bus
[04Sep2026 01:47:19.730] [modloading-worker-0/DEBUG] [net.neoforged.fml.javafmlmod.AutomaticEventSubscriber/LOADING]: Scanning class com.github.tartaricacid.touhoulittlemaid.event.maid.MaidFarmlandTrample for @SubscribeEvent-annotated methods
[04Sep2026 01:47:19.730] [modloading-worker-0/DEBUG] [net.neoforged.fml.javafmlmod.AutomaticEventSubscriber/]: Subscribing @EventBusSubscriber class Lcom/github/tartaricacid/touhoulittlemaid/event/maid/MaidFarmlandTrample; to the game event bus
[04Sep2026 01:47:19.730] [modloading-worker-0/DEBUG] [net.neoforged.fml.javafmlmod.AutomaticEventSubscriber/LOADING]: Scanning class com.github.tartaricacid.touhoulittlemaid.event.maid.SlabClickEvent for @SubscribeEvent-annotated methods
[04Sep2026 01:47:19.731] [modloading-worker-0/DEBUG] [net.neoforged.fml.javafmlmod.AutomaticEventSubscriber/]: Subscribing @EventBusSubscriber class Lcom/github/tartaricacid/touhoulittlemaid/event/maid/SlabClickEvent; to the game event bus
[04Sep2026 01:47:19.731] [modloading-worker-0/DEBUG] [net.neoforged.fml.javafmlmod.AutomaticEventSubscriber/LOADING]: Scanning class com.github.tartaricacid.touhoulittlemaid.event.maid.UseNameTagEvent for @SubscribeEvent-annotated methods
[04Sep2026 01:47:19.732] [modloading-worker-0/DEBUG] [net.neoforged.fml.javafmlmod.AutomaticEventSubscriber/]: Subscribing @EventBusSubscriber class Lcom/github/tartaricacid/touhoulittlemaid/event/maid/UseNameTagEvent; to the game event bus
[04Sep2026 01:47:19.733] [modloading-worker-0/DEBUG] [net.neoforged.fml.javafmlmod.AutomaticEventSubscriber/LOADING]: Scanning class com.github.tartaricacid.touhoulittlemaid.event.maid.MaidDropBaubleEvent for @SubscribeEvent-annotated methods
[04Sep2026 01:47:19.733] [modloading-worker-0/DEBUG] [net.neoforged.fml.javafmlmod.AutomaticEventSubscriber/]: Subscribing @EventBusSubscriber class Lcom/github/tartaricacid/touhoulittlemaid/event/maid/MaidDropBaubleEvent; to the game event bus
[04Sep2026 01:47:19.734] [modloading-worker-0/DEBUG] [net.neoforged.fml.javafmlmod.AutomaticEventSubscriber/LOADING]: Scanning class com.github.tartaricacid.touhoulittlemaid.event.maid.ApplyGoldenAppleEvent for @SubscribeEvent-annotated methods
[04Sep2026 01:47:19.734] [modloading-worker-0/DEBUG] [net.neoforged.fml.javafmlmod.AutomaticEventSubscriber/]: Subscribing @EventBusSubscriber class Lcom/github/tartaricacid/touhoulittlemaid/event/maid/ApplyGoldenAppleEvent; to the game event bus
[04Sep2026 01:47:19.734] [modloading-worker-0/DEBUG] [net.neoforged.fml.javafmlmod.AutomaticEventSubscriber/LOADING]: Scanning class com.github.tartaricacid.touhoulittlemaid.event.maid.UseFavorabilityToolEvent for @SubscribeEvent-annotated methods
[04Sep2026 01:47:19.735] [modloading-worker-0/DEBUG] [net.neoforged.fml.javafmlmod.AutomaticEventSubscriber/]: Subscribing @EventBusSubscriber class Lcom/github/tartaricacid/touhoulittlemaid/event/maid/UseFavorabilityToolEvent; to the game event bus
[04Sep2026 01:47:19.735] [modloading-worker-0/DEBUG] [net.neoforged.fml.javafmlmod.AutomaticEventSubscriber/LOADING]: Scanning class com.github.tartaricacid.touhoulittlemaid.event.maid.SaddleMaidEvent for @SubscribeEvent-annotated methods
[04Sep2026 01:47:19.735] [modloading-worker-0/DEBUG] [net.neoforged.fml.javafmlmod.AutomaticEventSubscriber/]: Subscribing @EventBusSubscriber class Lcom/github/tartaricacid/touhoulittlemaid/event/maid/SaddleMaidEvent; to the game event bus
[04Sep2026 01:47:19.736] [modloading-worker-0/DEBUG] [net.neoforged.fml.javafmlmod.AutomaticEventSubscriber/LOADING]: Scanning class com.github.tartaricacid.touhoulittlemaid.event.maid.MaidMountEvent for @SubscribeEvent-annotated methods
[04Sep2026 01:47:19.736] [modloading-worker-0/DEBUG] [net.neoforged.fml.javafmlmod.AutomaticEventSubscriber/]: Subscribing @EventBusSubscriber class Lcom/github/tartaricacid/touhoulittlemaid/event/maid/MaidMountEvent; to the game event bus
[04Sep2026 01:47:19.737] [modloading-worker-0/DEBUG] [net.neoforged.fml.javafmlmod.AutomaticEventSubscriber/LOADING]: Scanning class com.github.tartaricacid.touhoulittlemaid.event.maid.HandleBackpackEvent for @SubscribeEvent-annotated methods
[04Sep2026 01:47:19.738] [modloading-worker-0/DEBUG] [net.neoforged.fml.javafmlmod.AutomaticEventSubscriber/]: Subscribing @EventBusSubscriber class Lcom/github/tartaricacid/touhoulittlemaid/event/maid/HandleBackpackEvent; to the game event bus
[04Sep2026 01:47:19.738] [modloading-worker-0/DEBUG] [net.neoforged.fml.javafmlmod.AutomaticEventSubscriber/LOADING]: Scanning class com.github.tartaricacid.touhoulittlemaid.event.EntityDeathEvent for @SubscribeEvent-annotated methods
[04Sep2026 01:47:19.739] [modloading-worker-0/DEBUG] [net.neoforged.fml.javafmlmod.AutomaticEventSubscriber/]: Subscribing @EventBusSubscriber class Lcom/github/tartaricacid/touhoulittlemaid/event/EntityDeathEvent; to the game event bus
[04Sep2026 01:47:19.739] [modloading-worker-0/DEBUG] [net.neoforged.fml.javafmlmod.AutomaticEventSubscriber/LOADING]: Scanning class com.github.tartaricacid.touhoulittlemaid.event.EnterServerEvent for @SubscribeEvent-annotated methods
[04Sep2026 01:47:19.739] [modloading-worker-0/DEBUG] [net.neoforged.fml.javafmlmod.AutomaticEventSubscriber/]: Subscribing @EventBusSubscriber class Lcom/github/tartaricacid/touhoulittlemaid/event/EnterServerEvent; to the game event bus
[04Sep2026 01:47:19.740] [modloading-worker-0/DEBUG] [net.neoforged.fml.javafmlmod.AutomaticEventSubscriber/LOADING]: Scanning class com.github.tartaricacid.touhoulittlemaid.event.ClientExtensionsEvent for @SubscribeEvent-annotated methods
[04Sep2026 01:47:19.740] [modloading-worker-0/DEBUG] [net.neoforged.fml.javafmlmod.AutomaticEventSubscriber/]: Subscribing @EventBusSubscriber class Lcom/github/tartaricacid/touhoulittlemaid/event/ClientExtensionsEvent; to the mod event bus of mod touhou_little_maid
[04Sep2026 01:47:19.741] [modloading-worker-0/DEBUG] [net.neoforged.fml.javafmlmod.AutomaticEventSubscriber/LOADING]: Scanning class com.github.tartaricacid.touhoulittlemaid.event.EntityHurtEvent for @SubscribeEvent-annotated methods
[04Sep2026 01:47:19.741] [modloading-worker-0/DEBUG] [net.neoforged.fml.javafmlmod.AutomaticEventSubscriber/]: Subscribing @EventBusSubscriber class Lcom/github/tartaricacid/touhoulittlemaid/event/EntityHurtEvent; to the game event bus
[04Sep2026 01:47:19.741] [modloading-worker-0/DEBUG] [net.neoforged.fml.javafmlmod.AutomaticEventSubscriber/LOADING]: Scanning class com.github.tartaricacid.touhoulittlemaid.event.EntityJoinWorldEvent for @SubscribeEvent-annotated methods
[04Sep2026 01:47:19.742] [modloading-worker-0/DEBUG] [net.neoforged.fml.javafmlmod.AutomaticEventSubscriber/]: Subscribing @EventBusSubscriber class Lcom/github/tartaricacid/touhoulittlemaid/event/EntityJoinWorldEvent; to the game event bus
[04Sep2026 01:47:19.743] [modloading-worker-0/DEBUG] [net.neoforged.fml.javafmlmod.AutomaticEventSubscriber/LOADING]: Scanning class com.github.tartaricacid.touhoulittlemaid.debug.target.SendMaidDebugDataEvent for @SubscribeEvent-annotated methods
[04Sep2026 01:47:19.744] [modloading-worker-0/DEBUG] [net.neoforged.fml.javafmlmod.AutomaticEventSubscriber/]: Subscribing @EventBusSubscriber class Lcom/github/tartaricacid/touhoulittlemaid/debug/target/SendMaidDebugDataEvent; to the game event bus
[04Sep2026 01:47:19.744] [modloading-worker-0/DEBUG] [net.neoforged.fml.javafmlmod.AutomaticEventSubscriber/LOADING]: Scanning class com.github.tartaricacid.touhoulittlemaid.debug.event.DebugStickClickEvent for @SubscribeEvent-annotated methods
[04Sep2026 01:47:19.744] [modloading-worker-0/DEBUG] [net.neoforged.fml.javafmlmod.AutomaticEventSubscriber/]: Subscribing @EventBusSubscriber class Lcom/github/tartaricacid/touhoulittlemaid/debug/event/DebugStickClickEvent; to the game event bus
[04Sep2026 01:47:19.766] [modloading-worker-0/DEBUG] [net.neoforged.fml.config.ConfigTracker/CONFIG]: Config file maidmarriage-common.toml for maidmarriage tracking
[04Sep2026 01:47:19.767] [modloading-worker-0/DEBUG] [net.neoforged.fml.javafmlmod.AutomaticEventSubscriber/LOADING]: Attempting to inject @EventBusSubscriber classes into the eventbus for maidmarriage
[04Sep2026 01:47:19.767] [modloading-worker-0/DEBUG] [net.neoforged.fml.javafmlmod.AutomaticEventSubscriber/LOADING]: Scanning class com.example.maidmarriage.init.ModEntityEvents for @SubscribeEvent-annotated methods
[04Sep2026 01:47:19.770] [modloading-worker-0/DEBUG] [net.neoforged.fml.javafmlmod.AutomaticEventSubscriber/]: Subscribing @EventBusSubscriber class Lcom/example/maidmarriage/init/ModEntityEvents; to the mod event bus of mod maidmarriage
[04Sep2026 01:47:19.770] [modloading-worker-0/DEBUG] [net.neoforged.fml.javafmlmod.AutomaticEventSubscriber/LOADING]: Scanning class com.example.maidmarriage.compat.SpiritInteractionManager for @SubscribeEvent-annotated methods
[04Sep2026 01:47:19.785] [modloading-worker-0/DEBUG] [net.neoforged.fml.javafmlmod.AutomaticEventSubscriber/]: Subscribing @EventBusSubscriber class Lcom/example/maidmarriage/compat/SpiritInteractionManager; to the game event bus
[04Sep2026 01:47:19.786] [modloading-worker-0/DEBUG] [net.neoforged.fml.javafmlmod.AutomaticEventSubscriber/LOADING]: Scanning class com.example.maidmarriage.compat.ModBrewingRecipes for @SubscribeEvent-annotated methods
[04Sep2026 01:47:19.786] [modloading-worker-0/DEBUG] [net.neoforged.fml.javafmlmod.AutomaticEventSubscriber/]: Subscribing @EventBusSubscriber class Lcom/example/maidmarriage/compat/ModBrewingRecipes; to the game event bus
[04Sep2026 01:47:19.787] [modloading-worker-0/DEBUG] [net.neoforged.fml.javafmlmod.AutomaticEventSubscriber/LOADING]: Scanning class com.example.maidmarriage.compat.MaidMoodBoundaryManager for @SubscribeEvent-annotated methods
[04Sep2026 01:47:19.789] [modloading-worker-0/DEBUG] [net.neoforged.fml.javafmlmod.AutomaticEventSubscriber/]: Subscribing @EventBusSubscriber class Lcom/example/maidmarriage/compat/MaidMoodBoundaryManager; to the game event bus
[04Sep2026 01:47:19.790] [modloading-worker-0/DEBUG] [net.neoforged.fml.javafmlmod.AutomaticEventSubscriber/LOADING]: Scanning class com.example.maidmarriage.compat.MaidHugManager for @SubscribeEvent-annotated methods
[04Sep2026 01:47:19.792] [modloading-worker-0/DEBUG] [net.neoforged.fml.javafmlmod.AutomaticEventSubscriber/]: Subscribing @EventBusSubscriber class Lcom/example/maidmarriage/compat/MaidHugManager; to the game event bus
[04Sep2026 01:47:19.794] [modloading-worker-0/DEBUG] [net.neoforged.fml.javafmlmod.AutomaticEventSubscriber/LOADING]: Scanning class com.example.maidmarriage.compat.MaidDeathBridge for @SubscribeEvent-annotated methods
[04Sep2026 01:47:19.794] [modloading-worker-0/DEBUG] [net.neoforged.fml.config.ConfigTracker/CONFIG]: Config file maid_storage_manager-common.toml for maid_storage_manager tracking
[04Sep2026 01:47:19.794] [modloading-worker-0/DEBUG] [net.neoforged.fml.javafmlmod.AutomaticEventSubscriber/LOADING]: Attempting to inject @EventBusSubscriber classes into the eventbus for maid_storage_manager
[04Sep2026 01:47:19.794] [modloading-worker-0/DEBUG] [net.neoforged.fml.javafmlmod.AutomaticEventSubscriber/LOADING]: Scanning class studio.fantasyit.maid_storage_manager.registry.EntityRegistry for @SubscribeEvent-annotated methods
[04Sep2026 01:47:19.794] [modloading-worker-0/DEBUG] [net.neoforged.fml.javafmlmod.AutomaticEventSubscriber/]: Subscribing @EventBusSubscriber class Lstudio/fantasyit/maid_storage_manager/registry/EntityRegistry; to the mod event bus of mod maid_storage_manager
[04Sep2026 01:47:19.794] [modloading-worker-0/DEBUG] [net.neoforged.fml.javafmlmod.AutomaticEventSubscriber/]: Subscribing @EventBusSubscriber class Lcom/example/maidmarriage/compat/MaidDeathBridge; to the game event bus
[04Sep2026 01:47:19.794] [modloading-worker-0/DEBUG] [net.neoforged.fml.javafmlmod.AutomaticEventSubscriber/LOADING]: Scanning class studio.fantasyit.maid_storage_manager.network.Network$Event for @SubscribeEvent-annotated methods
[04Sep2026 01:47:19.795] [modloading-worker-0/DEBUG] [net.neoforged.fml.javafmlmod.AutomaticEventSubscriber/]: Subscribing @EventBusSubscriber class Lstudio/fantasyit/maid_storage_manager/network/Network$Event; to the mod event bus of mod maid_storage_manager
[04Sep2026 01:47:19.795] [modloading-worker-0/DEBUG] [net.neoforged.fml.javafmlmod.AutomaticEventSubscriber/LOADING]: Scanning class com.example.maidmarriage.compat.MaidCarryChildManager for @SubscribeEvent-annotated methods
[04Sep2026 01:47:19.795] [modloading-worker-0/DEBUG] [net.neoforged.fml.javafmlmod.AutomaticEventSubscriber/LOADING]: Scanning class studio.fantasyit.maid_storage_manager.event.TooltipEvent for @SubscribeEvent-annotated methods
[04Sep2026 01:47:19.795] [modloading-worker-0/DEBUG] [net.neoforged.fml.javafmlmod.AutomaticEventSubscriber/]: Subscribing @EventBusSubscriber class Lstudio/fantasyit/maid_storage_manager/event/TooltipEvent; to the game event bus
[04Sep2026 01:47:19.795] [modloading-worker-0/DEBUG] [net.neoforged.fml.javafmlmod.AutomaticEventSubscriber/LOADING]: Scanning class studio.fantasyit.maid_storage_manager.event.TickServer for @SubscribeEvent-annotated methods
[04Sep2026 01:47:19.796] [modloading-worker-0/DEBUG] [net.neoforged.fml.javafmlmod.AutomaticEventSubscriber/]: Subscribing @EventBusSubscriber class Lstudio/fantasyit/maid_storage_manager/event/TickServer; to the game event bus
[04Sep2026 01:47:19.796] [modloading-worker-0/DEBUG] [net.neoforged.fml.javafmlmod.AutomaticEventSubscriber/LOADING]: Scanning class studio.fantasyit.maid_storage_manager.event.TagUpdateEvent for @SubscribeEvent-annotated methods
[04Sep2026 01:47:19.796] [modloading-worker-0/DEBUG] [net.neoforged.fml.javafmlmod.AutomaticEventSubscriber/]: Subscribing @EventBusSubscriber class Lcom/example/maidmarriage/compat/MaidCarryChildManager; to the game event bus
[04Sep2026 01:47:19.796] [modloading-worker-0/DEBUG] [net.neoforged.fml.javafmlmod.AutomaticEventSubscriber/]: Subscribing @EventBusSubscriber class Lstudio/fantasyit/maid_storage_manager/event/TagUpdateEvent; to the game event bus
[04Sep2026 01:47:19.797] [modloading-worker-0/DEBUG] [net.neoforged.fml.javafmlmod.AutomaticEventSubscriber/LOADING]: Scanning class studio.fantasyit.maid_storage_manager.event.StartUpEvent for @SubscribeEvent-annotated methods
[04Sep2026 01:47:19.797] [modloading-worker-0/DEBUG] [net.neoforged.fml.javafmlmod.AutomaticEventSubscriber/]: Subscribing @EventBusSubscriber class Lstudio/fantasyit/maid_storage_manager/event/StartUpEvent; to the mod event bus of mod maid_storage_manager
[04Sep2026 01:47:19.797] [modloading-worker-0/DEBUG] [net.neoforged.fml.javafmlmod.AutomaticEventSubscriber/LOADING]: Scanning class studio.fantasyit.maid_storage_manager.event.StartTracking for @SubscribeEvent-annotated methods
[04Sep2026 01:47:19.798] [modloading-worker-0/DEBUG] [net.neoforged.fml.javafmlmod.AutomaticEventSubscriber/]: Subscribing @EventBusSubscriber class Lstudio/fantasyit/maid_storage_manager/event/StartTracking; to the game event bus
[04Sep2026 01:47:19.798] [modloading-worker-0/DEBUG] [net.neoforged.fml.javafmlmod.AutomaticEventSubscriber/LOADING]: Scanning class com.example.maidmarriage.compat.LapPillowManager for @SubscribeEvent-annotated methods
[04Sep2026 01:47:19.798] [modloading-worker-0/DEBUG] [net.neoforged.fml.javafmlmod.AutomaticEventSubscriber/LOADING]: Scanning class studio.fantasyit.maid_storage_manager.event.PlayerInteract for @SubscribeEvent-annotated methods
[04Sep2026 01:47:19.799] [modloading-worker-0/DEBUG] [net.neoforged.fml.javafmlmod.AutomaticEventSubscriber/]: Subscribing @EventBusSubscriber class Lstudio/fantasyit/maid_storage_manager/event/PlayerInteract; to the game event bus
[04Sep2026 01:47:19.800] [modloading-worker-0/DEBUG] [net.neoforged.fml.javafmlmod.AutomaticEventSubscriber/LOADING]: Scanning class studio.fantasyit.maid_storage_manager.event.MaidItemPickupEvent for @SubscribeEvent-annotated methods
[04Sep2026 01:47:19.800] [modloading-worker-0/DEBUG] [net.neoforged.fml.javafmlmod.AutomaticEventSubscriber/]: Subscribing @EventBusSubscriber class Lcom/example/maidmarriage/compat/LapPillowManager; to the game event bus
[04Sep2026 01:47:19.801] [modloading-worker-0/DEBUG] [net.neoforged.fml.javafmlmod.AutomaticEventSubscriber/]: Subscribing @EventBusSubscriber class Lstudio/fantasyit/maid_storage_manager/event/MaidItemPickupEvent; to the game event bus
[04Sep2026 01:47:19.801] [modloading-worker-0/DEBUG] [net.neoforged.fml.javafmlmod.AutomaticEventSubscriber/LOADING]: Scanning class studio.fantasyit.maid_storage_manager.event.MaidItemDataEvent for @SubscribeEvent-annotated methods
[04Sep2026 01:47:19.801] [modloading-worker-0/DEBUG] [net.neoforged.fml.javafmlmod.AutomaticEventSubscriber/LOADING]: Scanning class com.example.maidmarriage.compat.ChildInteractionManager for @SubscribeEvent-annotated methods
[04Sep2026 01:47:19.802] [modloading-worker-0/DEBUG] [net.neoforged.fml.javafmlmod.AutomaticEventSubscriber/]: Subscribing @EventBusSubscriber class Lstudio/fantasyit/maid_storage_manager/event/MaidItemDataEvent; to the game event bus
[04Sep2026 01:47:19.802] [modloading-worker-0/DEBUG] [net.neoforged.fml.javafmlmod.AutomaticEventSubscriber/]: Subscribing @EventBusSubscriber class Lcom/example/maidmarriage/compat/ChildInteractionManager; to the game event bus
[04Sep2026 01:47:19.803] [modloading-worker-0/DEBUG] [net.neoforged.fml.javafmlmod.AutomaticEventSubscriber/LOADING]: Scanning class studio.fantasyit.maid_storage_manager.event.CommandRegisterEvent for @SubscribeEvent-annotated methods
[04Sep2026 01:47:19.803] [modloading-worker-0/DEBUG] [net.neoforged.fml.javafmlmod.AutomaticEventSubscriber/]: Subscribing @EventBusSubscriber class Lstudio/fantasyit/maid_storage_manager/event/CommandRegisterEvent; to the game event bus
[04Sep2026 01:47:19.803] [modloading-worker-0/DEBUG] [net.neoforged.fml.javafmlmod.AutomaticEventSubscriber/LOADING]: Scanning class studio.fantasyit.maid_storage_manager.event.BindingRenderSyncSender for @SubscribeEvent-annotated methods
[04Sep2026 01:47:19.804] [modloading-worker-0/DEBUG] [net.neoforged.fml.javafmlmod.AutomaticEventSubscriber/]: Subscribing @EventBusSubscriber class Lstudio/fantasyit/maid_storage_manager/event/BindingRenderSyncSender; to the game event bus
[04Sep2026 01:47:19.804] [modloading-worker-0/DEBUG] [net.neoforged.fml.javafmlmod.AutomaticEventSubscriber/LOADING]: Scanning class studio.fantasyit.maid_storage_manager.craft.generator.config.GeneratingConfig for @SubscribeEvent-annotated methods
[04Sep2026 01:47:19.807] [modloading-worker-0/DEBUG] [net.neoforged.fml.javafmlmod.AutomaticEventSubscriber/]: Subscribing @EventBusSubscriber class Lstudio/fantasyit/maid_storage_manager/craft/generator/config/GeneratingConfig; to the game event bus
[04Sep2026 01:47:19.807] [modloading-worker-0/DEBUG] [net.neoforged.fml.javafmlmod.AutomaticEventSubscriber/LOADING]: Scanning class studio.fantasyit.maid_storage_manager.Config for @SubscribeEvent-annotated methods
[04Sep2026 01:47:19.808] [modloading-worker-0/DEBUG] [net.neoforged.fml.javafmlmod.AutomaticEventSubscriber/]: Subscribing @EventBusSubscriber class Lstudio/fantasyit/maid_storage_manager/Config; to the mod event bus of mod maid_storage_manager
[04Sep2026 01:47:19.988] [modloading-worker-0/DEBUG] [net.neoforged.fml.javafmlmod.AutomaticEventSubscriber/LOADING]: Attempting to inject @EventBusSubscriber classes into the eventbus for arphex
[04Sep2026 01:47:19.988] [modloading-worker-0/DEBUG] [net.neoforged.fml.javafmlmod.AutomaticEventSubscriber/LOADING]: Scanning class net.arphex.potion.CrawlingMobEffect for @SubscribeEvent-annotated methods
[04Sep2026 01:47:19.989] [modloading-worker-0/DEBUG] [net.neoforged.fml.javafmlmod.AutomaticEventSubscriber/]: Subscribing @EventBusSubscriber class Lnet/arphex/potion/CrawlingMobEffect; to the mod event bus of mod arphex
[04Sep2026 01:47:19.990] [modloading-worker-0/DEBUG] [net.neoforged.fml.javafmlmod.AutomaticEventSubscriber/LOADING]: Scanning class net.arphex.potion.SplinteredSanityMobEffect for @SubscribeEvent-annotated methods
[04Sep2026 01:47:19.991] [modloading-worker-0/DEBUG] [net.neoforged.fml.javafmlmod.AutomaticEventSubscriber/]: Subscribing @EventBusSubscriber class Lnet/arphex/potion/SplinteredSanityMobEffect; to the mod event bus of mod arphex
[04Sep2026 01:47:19.991] [modloading-worker-0/DEBUG] [net.neoforged.fml.javafmlmod.AutomaticEventSubscriber/LOADING]: Scanning class net.arphex.potion.RepulsionMobEffect for @SubscribeEvent-annotated methods
[04Sep2026 01:47:19.991] [modloading-worker-0/DEBUG] [net.neoforged.fml.javafmlmod.AutomaticEventSubscriber/]: Subscribing @EventBusSubscriber class Lnet/arphex/potion/RepulsionMobEffect; to the mod event bus of mod arphex
[04Sep2026 01:47:19.991] [modloading-worker-0/DEBUG] [net.neoforged.fml.javafmlmod.AutomaticEventSubscriber/LOADING]: Scanning class net.arphex.potion.VoidRepulsionMobEffect for @SubscribeEvent-annotated methods
[04Sep2026 01:47:19.991] [modloading-worker-0/DEBUG] [net.neoforged.fml.javafmlmod.AutomaticEventSubscriber/]: Subscribing @EventBusSubscriber class Lnet/arphex/potion/VoidRepulsionMobEffect; to the mod event bus of mod arphex
[04Sep2026 01:47:19.991] [modloading-worker-0/DEBUG] [net.neoforged.fml.javafmlmod.AutomaticEventSubscriber/LOADING]: Scanning class net.arphex.potion.HealthAnalysisMobEffect for @SubscribeEvent-annotated methods
[04Sep2026 01:47:19.991] [modloading-worker-0/DEBUG] [net.neoforged.fml.javafmlmod.AutomaticEventSubscriber/]: Subscribing @EventBusSubscriber class Lnet/arphex/potion/HealthAnalysisMobEffect; to the mod event bus of mod arphex
[04Sep2026 01:47:19.992] [modloading-worker-0/DEBUG] [net.neoforged.fml.javafmlmod.AutomaticEventSubscriber/LOADING]: Scanning class net.arphex.potion.ConstrictedMobEffect for @SubscribeEvent-annotated methods
[04Sep2026 01:47:19.992] [modloading-worker-0/DEBUG] [net.neoforged.fml.javafmlmod.AutomaticEventSubscriber/]: Subscribing @EventBusSubscriber class Lnet/arphex/potion/ConstrictedMobEffect; to the mod event bus of mod arphex
[04Sep2026 01:47:19.992] [modloading-worker-0/DEBUG] [net.neoforged.fml.javafmlmod.AutomaticEventSubscriber/LOADING]: Scanning class net.arphex.potion.EtherealChargeMobEffect for @SubscribeEvent-annotated methods
[04Sep2026 01:47:19.992] [modloading-worker-0/DEBUG] [net.neoforged.fml.javafmlmod.AutomaticEventSubscriber/]: Subscribing @EventBusSubscriber class Lnet/arphex/potion/EtherealChargeMobEffect; to the mod event bus of mod arphex
[04Sep2026 01:47:19.992] [modloading-worker-0/DEBUG] [net.neoforged.fml.javafmlmod.AutomaticEventSubscriber/LOADING]: Scanning class net.arphex.potion.AbFlightMobEffect for @SubscribeEvent-annotated methods
[04Sep2026 01:47:19.992] [modloading-worker-0/DEBUG] [net.neoforged.fml.javafmlmod.AutomaticEventSubscriber/]: Subscribing @EventBusSubscriber class Lnet/arphex/potion/AbFlightMobEffect; to the mod event bus of mod arphex
[04Sep2026 01:47:19.992] [modloading-worker-0/DEBUG] [net.neoforged.fml.javafmlmod.AutomaticEventSubscriber/LOADING]: Scanning class net.arphex.potion.ZoomMobEffect for @SubscribeEvent-annotated methods
[04Sep2026 01:47:19.992] [modloading-worker-0/DEBUG] [net.neoforged.fml.javafmlmod.AutomaticEventSubscriber/]: Subscribing @EventBusSubscriber class Lnet/arphex/potion/ZoomMobEffect; to the mod event bus of mod arphex
[04Sep2026 01:47:19.993] [modloading-worker-0/DEBUG] [net.neoforged.fml.javafmlmod.AutomaticEventSubscriber/LOADING]: Scanning class net.arphex.potion.SpiderSilkTouchMobEffect for @SubscribeEvent-annotated methods
[04Sep2026 01:47:19.993] [modloading-worker-0/DEBUG] [net.neoforged.fml.javafmlmod.AutomaticEventSubscriber/]: Subscribing @EventBusSubscriber class Lnet/arphex/potion/SpiderSilkTouchMobEffect; to the mod event bus of mod arphex
[04Sep2026 01:47:19.993] [modloading-worker-0/DEBUG] [net.neoforged.fml.javafmlmod.AutomaticEventSubscriber/LOADING]: Scanning class net.arphex.potion.DisplayTormentorInitialMobEffect for @SubscribeEvent-annotated methods
[04Sep2026 01:47:19.993] [modloading-worker-0/DEBUG] [net.neoforged.fml.javafmlmod.AutomaticEventSubscriber/]: Subscribing @EventBusSubscriber class Lnet/arphex/potion/DisplayTormentorInitialMobEffect; to the mod event bus of mod arphex
[04Sep2026 01:47:19.993] [modloading-worker-0/DEBUG] [net.neoforged.fml.javafmlmod.AutomaticEventSubscriber/LOADING]: Scanning class net.arphex.potion.TormentSpiralMobEffect for @SubscribeEvent-annotated methods
[04Sep2026 01:47:19.993] [modloading-worker-0/DEBUG] [net.neoforged.fml.javafmlmod.AutomaticEventSubscriber/]: Subscribing @EventBusSubscriber class Lnet/arphex/potion/TormentSpiralMobEffect; to the mod event bus of mod arphex
[04Sep2026 01:47:19.993] [modloading-worker-0/DEBUG] [net.neoforged.fml.javafmlmod.AutomaticEventSubscriber/LOADING]: Scanning class net.arphex.potion.EternalSustenanceMobEffect for @SubscribeEvent-annotated methods
[04Sep2026 01:47:19.993] [modloading-worker-0/DEBUG] [net.neoforged.fml.javafmlmod.AutomaticEventSubscriber/]: Subscribing @EventBusSubscriber class Lnet/arphex/potion/EternalSustenanceMobEffect; to the mod event bus of mod arphex
[04Sep2026 01:47:19.994] [modloading-worker-0/DEBUG] [net.neoforged.fml.javafmlmod.AutomaticEventSubscriber/LOADING]: Scanning class net.arphex.potion.VoidProtectionMobEffect for @SubscribeEvent-annotated methods
[04Sep2026 01:47:19.994] [modloading-worker-0/DEBUG] [net.neoforged.fml.javafmlmod.AutomaticEventSubscriber/]: Subscribing @EventBusSubscriber class Lnet/arphex/potion/VoidProtectionMobEffect; to the mod event bus of mod arphex
[04Sep2026 01:47:19.994] [modloading-worker-0/DEBUG] [net.neoforged.fml.javafmlmod.AutomaticEventSubscriber/LOADING]: Scanning class net.arphex.potion.VoidCooldownMobEffect for @SubscribeEvent-annotated methods
[04Sep2026 01:47:19.994] [modloading-worker-0/DEBUG] [net.neoforged.fml.javafmlmod.AutomaticEventSubscriber/]: Subscribing @EventBusSubscriber class Lnet/arphex/potion/VoidCooldownMobEffect; to the mod event bus of mod arphex
[04Sep2026 01:47:19.994] [modloading-worker-0/DEBUG] [net.neoforged.fml.javafmlmod.AutomaticEventSubscriber/LOADING]: Scanning class net.arphex.potion.ChaosControlledMobEffect for @SubscribeEvent-annotated methods
[04Sep2026 01:47:19.994] [modloading-worker-0/DEBUG] [net.neoforged.fml.javafmlmod.AutomaticEventSubscriber/]: Subscribing @EventBusSubscriber class Lnet/arphex/potion/ChaosControlledMobEffect; to the mod event bus of mod arphex
[04Sep2026 01:47:19.994] [modloading-worker-0/DEBUG] [net.neoforged.fml.javafmlmod.AutomaticEventSubscriber/LOADING]: Scanning class net.arphex.potion.BreathlessMobEffect for @SubscribeEvent-annotated methods
[04Sep2026 01:47:19.994] [modloading-worker-0/DEBUG] [net.neoforged.fml.javafmlmod.AutomaticEventSubscriber/]: Subscribing @EventBusSubscriber class Lnet/arphex/potion/BreathlessMobEffect; to the mod event bus of mod arphex
[04Sep2026 01:47:19.995] [modloading-worker-0/DEBUG] [net.neoforged.fml.javafmlmod.AutomaticEventSubscriber/LOADING]: Scanning class net.arphex.potion.ChaosTargetMobEffect for @SubscribeEvent-annotated methods
[04Sep2026 01:47:19.995] [modloading-worker-0/DEBUG] [net.neoforged.fml.javafmlmod.AutomaticEventSubscriber/]: Subscribing @EventBusSubscriber class Lnet/arphex/potion/ChaosTargetMobEffect; to the mod event bus of mod arphex
[04Sep2026 01:47:19.995] [modloading-worker-0/DEBUG] [net.neoforged.fml.javafmlmod.AutomaticEventSubscriber/LOADING]: Scanning class net.arphex.potion.DespawnImmunityMobEffect for @SubscribeEvent-annotated methods
[04Sep2026 01:47:19.995] [modloading-worker-0/DEBUG] [net.neoforged.fml.javafmlmod.AutomaticEventSubscriber/]: Subscribing @EventBusSubscriber class Lnet/arphex/potion/DespawnImmunityMobEffect; to the mod event bus of mod arphex
[04Sep2026 01:47:19.995] [modloading-worker-0/DEBUG] [net.neoforged.fml.javafmlmod.AutomaticEventSubscriber/LOADING]: Scanning class net.arphex.command.ArphexCommandCommand for @SubscribeEvent-annotated methods
[04Sep2026 01:47:19.996] [modloading-worker-0/DEBUG] [net.neoforged.fml.javafmlmod.AutomaticEventSubscriber/]: Subscribing @EventBusSubscriber class Lnet/arphex/command/ArphexCommandCommand; to the game event bus
[04Sep2026 01:47:19.997] [modloading-worker-0/DEBUG] [net.neoforged.fml.javafmlmod.AutomaticEventSubscriber/LOADING]: Scanning class net.arphex.item.ChitinArmourTier2Item for @SubscribeEvent-annotated methods
[04Sep2026 01:47:19.997] [modloading-worker-0/DEBUG] [net.neoforged.fml.javafmlmod.AutomaticEventSubscriber/]: Subscribing @EventBusSubscriber class Lnet/arphex/item/ChitinArmourTier2Item; to the mod event bus of mod arphex
[04Sep2026 01:47:19.997] [modloading-worker-0/DEBUG] [net.neoforged.fml.javafmlmod.AutomaticEventSubscriber/LOADING]: Scanning class net.arphex.item.UmbralItem for @SubscribeEvent-annotated methods
[04Sep2026 01:47:19.997] [modloading-worker-0/DEBUG] [net.neoforged.fml.javafmlmod.AutomaticEventSubscriber/]: Subscribing @EventBusSubscriber class Lnet/arphex/item/UmbralItem; to the mod event bus of mod arphex
[04Sep2026 01:47:19.998] [modloading-worker-0/DEBUG] [net.neoforged.fml.javafmlmod.AutomaticEventSubscriber/LOADING]: Scanning class net.arphex.item.AbyssalPickaxeItem for @SubscribeEvent-annotated methods
[04Sep2026 01:47:19.998] [modloading-worker-0/DEBUG] [net.neoforged.fml.javafmlmod.AutomaticEventSubscriber/]: Subscribing @EventBusSubscriber class Lnet/arphex/item/AbyssalPickaxeItem; to the mod event bus of mod arphex
[04Sep2026 01:47:19.998] [modloading-worker-0/DEBUG] [net.neoforged.fml.javafmlmod.AutomaticEventSubscriber/LOADING]: Scanning class net.arphex.item.ImmortalItem for @SubscribeEvent-annotated methods
[04Sep2026 01:47:19.998] [modloading-worker-0/DEBUG] [net.neoforged.fml.javafmlmod.AutomaticEventSubscriber/]: Subscribing @EventBusSubscriber class Lnet/arphex/item/ImmortalItem; to the mod event bus of mod arphex
[04Sep2026 01:47:19.999] [modloading-worker-0/DEBUG] [net.neoforged.fml.javafmlmod.AutomaticEventSubscriber/LOADING]: Scanning class net.arphex.item.ChitinArmourTier3Item for @SubscribeEvent-annotated methods
[04Sep2026 01:47:19.999] [modloading-worker-0/DEBUG] [net.neoforged.fml.javafmlmod.AutomaticEventSubscriber/]: Subscribing @EventBusSubscriber class Lnet/arphex/item/ChitinArmourTier3Item; to the mod event bus of mod arphex
[04Sep2026 01:47:19.999] [modloading-worker-0/DEBUG] [net.neoforged.fml.javafmlmod.AutomaticEventSubscriber/LOADING]: Scanning class net.arphex.item.AbyssalAxeItem for @SubscribeEvent-annotated methods
[04Sep2026 01:47:19.999] [modloading-worker-0/DEBUG] [net.neoforged.fml.javafmlmod.AutomaticEventSubscriber/]: Subscribing @EventBusSubscriber class Lnet/arphex/item/AbyssalAxeItem; to the mod event bus of mod arphex
[04Sep2026 01:47:20.000] [modloading-worker-0/DEBUG] [net.neoforged.fml.javafmlmod.AutomaticEventSubscriber/LOADING]: Scanning class net.arphex.item.WarpStaffItem for @SubscribeEvent-annotated methods
[04Sep2026 01:47:20.000] [modloading-worker-0/DEBUG] [net.neoforged.fml.javafmlmod.AutomaticEventSubscriber/]: Subscribing @EventBusSubscriber class Lnet/arphex/item/WarpStaffItem; to the mod event bus of mod arphex
[04Sep2026 01:47:20.000] [modloading-worker-0/DEBUG] [net.neoforged.fml.javafmlmod.AutomaticEventSubscriber/LOADING]: Scanning class net.arphex.item.ChitinArmourItem for @SubscribeEvent-annotated methods
[04Sep2026 01:47:20.000] [modloading-worker-0/DEBUG] [net.neoforged.fml.javafmlmod.AutomaticEventSubscriber/]: Subscribing @EventBusSubscriber class Lnet/arphex/item/ChitinArmourItem; to the mod event bus of mod arphex
[04Sep2026 01:47:20.001] [modloading-worker-0/DEBUG] [net.neoforged.fml.javafmlmod.AutomaticEventSubscriber/LOADING]: Scanning class net.arphex.item.AbyssAtomiserItem for @SubscribeEvent-annotated methods
[04Sep2026 01:47:20.001] [modloading-worker-0/DEBUG] [net.neoforged.fml.javafmlmod.AutomaticEventSubscriber/]: Subscribing @EventBusSubscriber class Lnet/arphex/item/AbyssAtomiserItem; to the mod event bus of mod arphex
[04Sep2026 01:47:20.001] [modloading-worker-0/DEBUG] [net.neoforged.fml.javafmlmod.AutomaticEventSubscriber/LOADING]: Scanning class net.arphex.item.VortexDevastatorItem for @SubscribeEvent-annotated methods
[04Sep2026 01:47:20.001] [modloading-worker-0/DEBUG] [net.neoforged.fml.javafmlmod.AutomaticEventSubscriber/]: Subscribing @EventBusSubscriber class Lnet/arphex/item/VortexDevastatorItem; to the mod event bus of mod arphex
[04Sep2026 01:47:20.002] [modloading-worker-0/DEBUG] [net.neoforged.fml.javafmlmod.AutomaticEventSubscriber/LOADING]: Scanning class net.arphex.item.SpectralItem for @SubscribeEvent-annotated methods
[04Sep2026 01:47:20.002] [modloading-worker-0/DEBUG] [net.neoforged.fml.javafmlmod.AutomaticEventSubscriber/]: Subscribing @EventBusSubscriber class Lnet/arphex/item/SpectralItem; to the mod event bus of mod arphex
[04Sep2026 01:47:20.002] [modloading-worker-0/DEBUG] [net.neoforged.fml.javafmlmod.AutomaticEventSubscriber/LOADING]: Scanning class net.arphex.item.VitalityArmourItem for @SubscribeEvent-annotated methods
[04Sep2026 01:47:20.002] [modloading-worker-0/DEBUG] [net.neoforged.fml.javafmlmod.AutomaticEventSubscriber/]: Subscribing @EventBusSubscriber class Lnet/arphex/item/VitalityArmourItem; to the mod event bus of mod arphex
[04Sep2026 01:47:20.003] [modloading-worker-0/DEBUG] [net.neoforged.fml.javafmlmod.AutomaticEventSubscriber/LOADING]: Scanning class net.arphex.item.JuggernautItem for @SubscribeEvent-annotated methods
[04Sep2026 01:47:20.003] [modloading-worker-0/DEBUG] [net.neoforged.fml.javafmlmod.AutomaticEventSubscriber/]: Subscribing @EventBusSubscriber class Lnet/arphex/item/JuggernautItem; to the mod event bus of mod arphex
[04Sep2026 01:47:20.003] [modloading-worker-0/DEBUG] [net.neoforged.fml.javafmlmod.AutomaticEventSubscriber/LOADING]: Scanning class net.arphex.item.EternalItem for @SubscribeEvent-annotated methods
[04Sep2026 01:47:20.003] [modloading-worker-0/DEBUG] [net.neoforged.fml.javafmlmod.AutomaticEventSubscriber/]: Subscribing @EventBusSubscriber class Lnet/arphex/item/EternalItem; to the mod event bus of mod arphex
[04Sep2026 01:47:20.004] [modloading-worker-0/DEBUG] [net.neoforged.fml.javafmlmod.AutomaticEventSubscriber/LOADING]: Scanning class net.arphex.item.InfernalItem for @SubscribeEvent-annotated methods
[04Sep2026 01:47:20.004] [modloading-worker-0/DEBUG] [net.neoforged.fml.javafmlmod.AutomaticEventSubscriber/]: Subscribing @EventBusSubscriber class Lnet/arphex/item/InfernalItem; to the mod event bus of mod arphex
[04Sep2026 01:47:20.004] [modloading-worker-0/DEBUG] [net.neoforged.fml.javafmlmod.AutomaticEventSubscriber/LOADING]: Scanning class net.arphex.item.SpacetimeItem for @SubscribeEvent-annotated methods
[04Sep2026 01:47:20.004] [modloading-worker-0/DEBUG] [net.neoforged.fml.javafmlmod.AutomaticEventSubscriber/]: Subscribing @EventBusSubscriber class Lnet/arphex/item/SpacetimeItem; to the mod event bus of mod arphex
[04Sep2026 01:47:20.005] [modloading-worker-0/DEBUG] [net.neoforged.fml.javafmlmod.AutomaticEventSubscriber/LOADING]: Scanning class net.arphex.world.inventory.SuperBackpackMenu for @SubscribeEvent-annotated methods
[04Sep2026 01:47:20.014] [modloading-worker-0/DEBUG] [net.neoforged.fml.javafmlmod.AutomaticEventSubscriber/]: Subscribing @EventBusSubscriber class Lnet/arphex/world/inventory/SuperBackpackMenu; to the game event bus
[04Sep2026 01:47:20.016] [modloading-worker-0/DEBUG] [net.neoforged.fml.javafmlmod.AutomaticEventSubscriber/LOADING]: Scanning class net.arphex.world.features.treedecorators.WebbedWastelandFruitDecorator for @SubscribeEvent-annotated methods
[04Sep2026 01:47:20.017] [modloading-worker-0/DEBUG] [net.neoforged.fml.javafmlmod.AutomaticEventSubscriber/]: Subscribing @EventBusSubscriber class Lnet/arphex/world/features/treedecorators/WebbedWastelandFruitDecorator; to the mod event bus of mod arphex
[04Sep2026 01:47:20.017] [modloading-worker-0/DEBUG] [net.neoforged.fml.javafmlmod.AutomaticEventSubscriber/LOADING]: Scanning class net.arphex.network.PowerBindMessage for @SubscribeEvent-annotated methods
[04Sep2026 01:47:20.018] [modloading-worker-0/DEBUG] [net.neoforged.fml.javafmlmod.AutomaticEventSubscriber/]: Subscribing @EventBusSubscriber class Lnet/arphex/network/PowerBindMessage; to the mod event bus of mod arphex
[04Sep2026 01:47:20.019] [modloading-worker-0/DEBUG] [net.neoforged.fml.javafmlmod.AutomaticEventSubscriber/LOADING]: Scanning class net.arphex.network.ArphexModVariables$EventBusVariableHandlers for @SubscribeEvent-annotated methods
[04Sep2026 01:47:20.021] [modloading-worker-0/DEBUG] [net.neoforged.fml.javafmlmod.AutomaticEventSubscriber/]: Subscribing @EventBusSubscriber class Lnet/arphex/network/ArphexModVariables$EventBusVariableHandlers; to the game event bus
[04Sep2026 01:47:20.022] [modloading-worker-0/DEBUG] [net.neoforged.fml.javafmlmod.AutomaticEventSubscriber/LOADING]: Scanning class net.arphex.network.SpacePressMessage for @SubscribeEvent-annotated methods
[04Sep2026 01:47:20.023] [modloading-worker-0/DEBUG] [net.neoforged.fml.javafmlmod.AutomaticEventSubscriber/]: Subscribing @EventBusSubscriber class Lnet/arphex/network/SpacePressMessage; to the mod event bus of mod arphex
[04Sep2026 01:47:20.023] [modloading-worker-0/DEBUG] [net.neoforged.fml.javafmlmod.AutomaticEventSubscriber/LOADING]: Scanning class net.arphex.network.ArphexModVariables for @SubscribeEvent-annotated methods
[04Sep2026 01:47:20.024] [modloading-worker-0/DEBUG] [net.neoforged.fml.javafmlmod.AutomaticEventSubscriber/]: Subscribing @EventBusSubscriber class Lnet/arphex/network/ArphexModVariables; to the mod event bus of mod arphex
[04Sep2026 01:47:20.024] [modloading-worker-0/DEBUG] [net.neoforged.fml.javafmlmod.AutomaticEventSubscriber/LOADING]: Scanning class net.arphex.network.WayfinderButtonMessage for @SubscribeEvent-annotated methods
[04Sep2026 01:47:20.025] [modloading-worker-0/DEBUG] [net.neoforged.fml.javafmlmod.AutomaticEventSubscriber/]: Subscribing @EventBusSubscriber class Lnet/arphex/network/WayfinderButtonMessage; to the mod event bus of mod arphex
[04Sep2026 01:47:20.025] [modloading-worker-0/DEBUG] [net.neoforged.fml.javafmlmod.AutomaticEventSubscriber/LOADING]: Scanning class net.arphex.network.InherentPowersButtonMessage for @SubscribeEvent-annotated methods
[04Sep2026 01:47:20.026] [modloading-worker-0/DEBUG] [net.neoforged.fml.javafmlmod.AutomaticEventSubscriber/]: Subscribing @EventBusSubscriber class Lnet/arphex/network/InherentPowersButtonMessage; to the mod event bus of mod arphex
[04Sep2026 01:47:20.026] [modloading-worker-0/DEBUG] [net.neoforged.fml.javafmlmod.AutomaticEventSubscriber/LOADING]: Scanning class net.arphex.recipe.brewing.NecrosisPotionBrewingRecipe for @SubscribeEvent-annotated methods
[04Sep2026 01:47:20.026] [modloading-worker-0/DEBUG] [net.neoforged.fml.javafmlmod.AutomaticEventSubscriber/]: Subscribing @EventBusSubscriber class Lnet/arphex/recipe/brewing/NecrosisPotionBrewingRecipe; to the game event bus
[04Sep2026 01:47:20.027] [modloading-worker-0/DEBUG] [net.neoforged.fml.javafmlmod.AutomaticEventSubscriber/LOADING]: Scanning class net.arphex.init.ArphexModEntities for @SubscribeEvent-annotated methods
[04Sep2026 01:47:20.027] [modloading-worker-0/DEBUG] [net.neoforged.fml.javafmlmod.AutomaticEventSubscriber/]: Subscribing @EventBusSubscriber class Lnet/arphex/init/ArphexModEntities; to the mod event bus of mod arphex
[04Sep2026 01:47:20.027] [modloading-worker-0/DEBUG] [net.neoforged.fml.javafmlmod.AutomaticEventSubscriber/LOADING]: Scanning class net.arphex.init.ArphexModItems for @SubscribeEvent-annotated methods
[04Sep2026 01:47:20.027] [modloading-worker-0/DEBUG] [net.neoforged.fml.javafmlmod.AutomaticEventSubscriber/]: Subscribing @EventBusSubscriber class Lnet/arphex/init/ArphexModItems; to the mod event bus of mod arphex
[04Sep2026 01:47:20.027] [modloading-worker-0/DEBUG] [net.neoforged.fml.javafmlmod.AutomaticEventSubscriber/LOADING]: Scanning class net.arphex.init.ArphexModFuels for @SubscribeEvent-annotated methods
[04Sep2026 01:47:20.028] [modloading-worker-0/DEBUG] [net.neoforged.fml.javafmlmod.AutomaticEventSubscriber/]: Subscribing @EventBusSubscriber class Lnet/arphex/init/ArphexModFuels; to the game event bus
[04Sep2026 01:47:20.028] [modloading-worker-0/DEBUG] [net.neoforged.fml.javafmlmod.AutomaticEventSubscriber/LOADING]: Scanning class net.arphex.init.ArphexModBlockEntities for @SubscribeEvent-annotated methods
[04Sep2026 01:47:20.028] [modloading-worker-0/DEBUG] [net.neoforged.fml.javafmlmod.AutomaticEventSubscriber/]: Subscribing @EventBusSubscriber class Lnet/arphex/init/ArphexModBlockEntities; to the mod event bus of mod arphex
[04Sep2026 01:47:20.028] [modloading-worker-0/DEBUG] [net.neoforged.fml.javafmlmod.AutomaticEventSubscriber/LOADING]: Scanning class net.arphex.init.ArphexModConfigs for @SubscribeEvent-annotated methods
[04Sep2026 01:47:20.029] [modloading-worker-0/DEBUG] [net.neoforged.fml.javafmlmod.AutomaticEventSubscriber/]: Subscribing @EventBusSubscriber class Lnet/arphex/init/ArphexModConfigs; to the mod event bus of mod arphex
[04Sep2026 01:47:20.029] [modloading-worker-0/DEBUG] [net.neoforged.fml.javafmlmod.AutomaticEventSubscriber/LOADING]: Scanning class net.arphex.init.EntityAnimationFactory for @SubscribeEvent-annotated methods
[04Sep2026 01:47:20.030] [modloading-worker-0/DEBUG] [net.neoforged.fml.javafmlmod.AutomaticEventSubscriber/]: Subscribing @EventBusSubscriber class Lnet/arphex/init/EntityAnimationFactory; to the game event bus
[04Sep2026 01:47:20.030] [modloading-worker-0/DEBUG] [net.neoforged.fml.javafmlmod.AutomaticEventSubscriber/LOADING]: Scanning class net.arphex.init.ItemAnimationFactory for @SubscribeEvent-annotated methods
[04Sep2026 01:47:20.030] [modloading-worker-0/DEBUG] [net.neoforged.fml.javafmlmod.AutomaticEventSubscriber/]: Subscribing @EventBusSubscriber class Lnet/arphex/init/ItemAnimationFactory; to the game event bus
[04Sep2026 01:47:20.031] [modloading-worker-0/DEBUG] [net.neoforged.fml.javafmlmod.AutomaticEventSubscriber/LOADING]: Scanning class net.arphex.init.ArphexModMobEffects for @SubscribeEvent-annotated methods
[04Sep2026 01:47:20.031] [modloading-worker-0/DEBUG] [net.neoforged.fml.javafmlmod.AutomaticEventSubscriber/]: Subscribing @EventBusSubscriber class Lnet/arphex/init/ArphexModMobEffects; to the game event bus
[04Sep2026 01:47:20.032] [modloading-worker-0/DEBUG] [net.neoforged.fml.javafmlmod.AutomaticEventSubscriber/LOADING]: Scanning class net.arphex.procedures.EntitySpawnsProcedure for @SubscribeEvent-annotated methods
[04Sep2026 01:47:20.032] [modloading-worker-0/DEBUG] [net.neoforged.fml.javafmlmod.AutomaticEventSubscriber/]: Subscribing @EventBusSubscriber class Lnet/arphex/procedures/EntitySpawnsProcedure; to the game event bus
[04Sep2026 01:47:20.032] [modloading-worker-0/DEBUG] [net.neoforged.fml.javafmlmod.AutomaticEventSubscriber/LOADING]: Scanning class net.arphex.procedures.NoDropDimensionProcedure for @SubscribeEvent-annotated methods
[04Sep2026 01:47:20.033] [modloading-worker-0/DEBUG] [net.neoforged.fml.javafmlmod.AutomaticEventSubscriber/]: Subscribing @EventBusSubscriber class Lnet/arphex/procedures/NoDropDimensionProcedure; to the game event bus
[04Sep2026 01:47:20.033] [modloading-worker-0/DEBUG] [net.neoforged.fml.javafmlmod.AutomaticEventSubscriber/LOADING]: Scanning class net.arphex.procedures.GlobalBlockBrokenProcedure for @SubscribeEvent-annotated methods
[04Sep2026 01:47:20.033] [modloading-worker-0/DEBUG] [net.neoforged.fml.javafmlmod.AutomaticEventSubscriber/]: Subscribing @EventBusSubscriber class Lnet/arphex/procedures/GlobalBlockBrokenProcedure; to the game event bus
[04Sep2026 01:47:20.034] [modloading-worker-0/DEBUG] [net.neoforged.fml.javafmlmod.AutomaticEventSubscriber/LOADING]: Scanning class net.arphex.procedures.PlayerChatTormentorProcedure for @SubscribeEvent-annotated methods
[04Sep2026 01:47:20.035] [modloading-worker-0/DEBUG] [net.neoforged.fml.javafmlmod.AutomaticEventSubscriber/]: Subscribing @EventBusSubscriber class Lnet/arphex/procedures/PlayerChatTormentorProcedure; to the game event bus
[04Sep2026 01:47:20.035] [modloading-worker-0/DEBUG] [net.neoforged.fml.javafmlmod.AutomaticEventSubscriber/LOADING]: Scanning class net.arphex.procedures.DwellerLifestealProcedure for @SubscribeEvent-annotated methods
[04Sep2026 01:47:20.041] [modloading-worker-0/DEBUG] [net.neoforged.fml.javafmlmod.AutomaticEventSubscriber/]: Subscribing @EventBusSubscriber class Lnet/arphex/procedures/DwellerLifestealProcedure; to the game event bus
[04Sep2026 01:47:20.041] [modloading-worker-0/DEBUG] [net.neoforged.fml.javafmlmod.AutomaticEventSubscriber/LOADING]: Scanning class net.arphex.procedures.RightClickBlockProcedure for @SubscribeEvent-annotated methods
[04Sep2026 01:47:20.043] [modloading-worker-0/DEBUG] [net.neoforged.fml.javafmlmod.AutomaticEventSubscriber/]: Subscribing @EventBusSubscriber class Lnet/arphex/procedures/RightClickBlockProcedure; to the game event bus
[04Sep2026 01:47:20.043] [modloading-worker-0/DEBUG] [net.neoforged.fml.javafmlmod.AutomaticEventSubscriber/LOADING]: Scanning class net.arphex.procedures.EntitySpawnProcedure for @SubscribeEvent-annotated methods
[04Sep2026 01:47:20.044] [modloading-worker-0/DEBUG] [net.neoforged.fml.javafmlmod.AutomaticEventSubscriber/]: Subscribing @EventBusSubscriber class Lnet/arphex/procedures/EntitySpawnProcedure; to the game event bus
[04Sep2026 01:47:20.044] [modloading-worker-0/DEBUG] [net.neoforged.fml.javafmlmod.AutomaticEventSubscriber/LOADING]: Scanning class net.arphex.procedures.AnimationTransferProcedure for @SubscribeEvent-annotated methods
[04Sep2026 01:47:20.044] [modloading-worker-0/DEBUG] [net.neoforged.fml.javafmlmod.AutomaticEventSubscriber/]: Subscribing @EventBusSubscriber class Lnet/arphex/procedures/AnimationTransferProcedure; to the game event bus
[04Sep2026 01:47:20.044] [modloading-worker-0/DEBUG] [net.neoforged.fml.javafmlmod.AutomaticEventSubscriber/LOADING]: Scanning class net.arphex.procedures.BloodWormEntityVisualScaleProcedure for @SubscribeEvent-annotated methods
[04Sep2026 01:47:20.045] [modloading-worker-0/DEBUG] [net.neoforged.fml.javafmlmod.AutomaticEventSubscriber/]: Subscribing @EventBusSubscriber class Lnet/arphex/procedures/BloodWormEntityVisualScaleProcedure; to the game event bus
[04Sep2026 01:47:20.045] [modloading-worker-0/DEBUG] [net.neoforged.fml.javafmlmod.AutomaticEventSubscriber/LOADING]: Scanning class net.arphex.procedures.EntityJoinsWorldProcedure for @SubscribeEvent-annotated methods
[04Sep2026 01:47:20.045] [modloading-worker-0/DEBUG] [net.neoforged.fml.javafmlmod.AutomaticEventSubscriber/]: Subscribing @EventBusSubscriber class Lnet/arphex/procedures/EntityJoinsWorldProcedure; to the game event bus
[04Sep2026 01:47:20.046] [modloading-worker-0/DEBUG] [net.neoforged.fml.javafmlmod.AutomaticEventSubscriber/LOADING]: Scanning class net.arphex.procedures.PlayerJoinsProcedure for @SubscribeEvent-annotated methods
[04Sep2026 01:47:20.046] [modloading-worker-0/DEBUG] [net.neoforged.fml.javafmlmod.AutomaticEventSubscriber/]: Subscribing @EventBusSubscriber class Lnet/arphex/procedures/PlayerJoinsProcedure; to the game event bus
[04Sep2026 01:47:20.046] [modloading-worker-0/DEBUG] [net.neoforged.fml.javafmlmod.AutomaticEventSubscriber/LOADING]: Scanning class net.arphex.procedures.SpiderShieldProcedure for @SubscribeEvent-annotated methods
[04Sep2026 01:47:20.047] [modloading-worker-0/DEBUG] [net.neoforged.fml.javafmlmod.AutomaticEventSubscriber/]: Subscribing @EventBusSubscriber class Lnet/arphex/procedures/SpiderShieldProcedure; to the game event bus
[04Sep2026 01:47:20.047] [modloading-worker-0/DEBUG] [net.neoforged.fml.javafmlmod.AutomaticEventSubscriber/LOADING]: Scanning class net.arphex.procedures.EntityHurtWithoutSourceProcedure for @SubscribeEvent-annotated methods
[04Sep2026 01:47:20.048] [modloading-worker-0/DEBUG] [net.neoforged.fml.javafmlmod.AutomaticEventSubscriber/]: Subscribing @EventBusSubscriber class Lnet/arphex/procedures/EntityHurtWithoutSourceProcedure; to the game event bus
[04Sep2026 01:47:20.048] [modloading-worker-0/DEBUG] [net.neoforged.fml.javafmlmod.AutomaticEventSubscriber/LOADING]: Scanning class net.arphex.procedures.ClimbingProcedure for @SubscribeEvent-annotated methods
[04Sep2026 01:47:20.049] [modloading-worker-0/DEBUG] [net.neoforged.fml.javafmlmod.AutomaticEventSubscriber/]: Subscribing @EventBusSubscriber class Lnet/arphex/procedures/ClimbingProcedure; to the game event bus
[04Sep2026 01:47:20.049] [modloading-worker-0/DEBUG] [net.neoforged.fml.javafmlmod.AutomaticEventSubscriber/LOADING]: Scanning class net.arphex.procedures.EntityJumpsProcedure for @SubscribeEvent-annotated methods
[04Sep2026 01:47:20.049] [modloading-worker-0/DEBUG] [net.neoforged.fml.javafmlmod.AutomaticEventSubscriber/]: Subscribing @EventBusSubscriber class Lnet/arphex/procedures/EntityJumpsProcedure; to the game event bus
[04Sep2026 01:47:20.049] [modloading-worker-0/DEBUG] [net.neoforged.fml.javafmlmod.AutomaticEventSubscriber/LOADING]: Scanning class net.arphex.procedures.SpiderMothDwellerEntityVisualScaleProcedure for @SubscribeEvent-annotated methods
[04Sep2026 01:47:20.050] [modloading-worker-0/DEBUG] [net.neoforged.fml.javafmlmod.AutomaticEventSubscriber/]: Subscribing @EventBusSubscriber class Lnet/arphex/procedures/SpiderMothDwellerEntityVisualScaleProcedure; to the game event bus
[04Sep2026 01:47:20.050] [modloading-worker-0/DEBUG] [net.neoforged.fml.javafmlmod.AutomaticEventSubscriber/LOADING]: Scanning class net.arphex.procedures.RightClickEntityProcedure for @SubscribeEvent-annotated methods
[04Sep2026 01:47:20.051] [modloading-worker-0/DEBUG] [net.neoforged.fml.javafmlmod.AutomaticEventSubscriber/]: Subscribing @EventBusSubscriber class Lnet/arphex/procedures/RightClickEntityProcedure; to the game event bus
[04Sep2026 01:47:20.052] [modloading-worker-0/DEBUG] [net.neoforged.fml.javafmlmod.AutomaticEventSubscriber/LOADING]: Scanning class net.arphex.procedures.AnyItemUsedProcedure for @SubscribeEvent-annotated methods
[04Sep2026 01:47:20.052] [modloading-worker-0/DEBUG] [net.neoforged.fml.javafmlmod.AutomaticEventSubscriber/]: Subscribing @EventBusSubscriber class Lnet/arphex/procedures/AnyItemUsedProcedure; to the game event bus
[04Sep2026 01:47:20.052] [modloading-worker-0/DEBUG] [net.neoforged.fml.javafmlmod.AutomaticEventSubscriber/LOADING]: Scanning class net.arphex.procedures.DiesWithoutSourceProcedure for @SubscribeEvent-annotated methods
[04Sep2026 01:47:20.053] [modloading-worker-0/DEBUG] [net.neoforged.fml.javafmlmod.AutomaticEventSubscriber/]: Subscribing @EventBusSubscriber class Lnet/arphex/procedures/DiesWithoutSourceProcedure; to the game event bus
[04Sep2026 01:47:20.053] [modloading-worker-0/DEBUG] [net.neoforged.fml.javafmlmod.AutomaticEventSubscriber/LOADING]: Scanning class net.arphex.procedures.RushScareSolidBoundingBoxConditionProcedure for @SubscribeEvent-annotated methods
[04Sep2026 01:47:20.053] [modloading-worker-0/DEBUG] [net.neoforged.fml.javafmlmod.AutomaticEventSubscriber/]: Subscribing @EventBusSubscriber class Lnet/arphex/procedures/RushScareSolidBoundingBoxConditionProcedure; to the game event bus
[04Sep2026 01:47:20.053] [modloading-worker-0/DEBUG] [net.neoforged.fml.javafmlmod.AutomaticEventSubscriber/LOADING]: Scanning class net.arphex.procedures.PlayerSleepsProcedure for @SubscribeEvent-annotated methods
[04Sep2026 01:47:20.054] [modloading-worker-0/DEBUG] [net.neoforged.fml.javafmlmod.AutomaticEventSubscriber/]: Subscribing @EventBusSubscriber class Lnet/arphex/procedures/PlayerSleepsProcedure; to the game event bus
[04Sep2026 01:47:20.054] [modloading-worker-0/DEBUG] [net.neoforged.fml.javafmlmod.AutomaticEventSubscriber/LOADING]: Scanning class net.arphex.procedures.DimensionTickProcedure for @SubscribeEvent-annotated methods
[04Sep2026 01:47:20.055] [modloading-worker-0/DEBUG] [net.neoforged.fml.javafmlmod.AutomaticEventSubscriber/]: Subscribing @EventBusSubscriber class Lnet/arphex/procedures/DimensionTickProcedure; to the game event bus
[04Sep2026 01:47:20.056] [modloading-worker-0/DEBUG] [net.neoforged.fml.javafmlmod.AutomaticEventSubscriber/LOADING]: Scanning class net.arphex.procedures.GlobalBlockPlacedProcedure for @SubscribeEvent-annotated methods
[04Sep2026 01:47:20.056] [modloading-worker-0/DEBUG] [net.neoforged.fml.javafmlmod.AutomaticEventSubscriber/]: Subscribing @EventBusSubscriber class Lnet/arphex/procedures/GlobalBlockPlacedProcedure; to the game event bus
[04Sep2026 01:47:20.056] [modloading-worker-0/DEBUG] [net.neoforged.fml.javafmlmod.AutomaticEventSubscriber/LOADING]: Scanning class net.arphex.procedures.MaggotOnInitialEntitySpawnProcedure for @SubscribeEvent-annotated methods
[04Sep2026 01:47:20.056] [modloading-worker-0/DEBUG] [net.neoforged.fml.javafmlmod.AutomaticEventSubscriber/]: Subscribing @EventBusSubscriber class Lnet/arphex/procedures/MaggotOnInitialEntitySpawnProcedure; to the game event bus
[04Sep2026 01:47:20.057] [modloading-worker-0/DEBUG] [net.neoforged.fml.javafmlmod.AutomaticEventSubscriber/LOADING]: Scanning class net.arphex.procedures.EntityDiesProcedure for @SubscribeEvent-annotated methods
[04Sep2026 01:47:20.058] [modloading-worker-0/DEBUG] [net.neoforged.fml.javafmlmod.AutomaticEventSubscriber/]: Subscribing @EventBusSubscriber class Lnet/arphex/procedures/EntityDiesProcedure; to the game event bus
[04Sep2026 01:47:20.058] [modloading-worker-0/DEBUG] [net.neoforged.fml.javafmlmod.AutomaticEventSubscriber/LOADING]: Scanning class net.arphex.procedures.SpiderMothDwellerBoundingBoxScaleProcedure for @SubscribeEvent-annotated methods
[04Sep2026 01:47:20.058] [modloading-worker-0/DEBUG] [net.neoforged.fml.javafmlmod.AutomaticEventSubscriber/]: Subscribing @EventBusSubscriber class Lnet/arphex/procedures/SpiderMothDwellerBoundingBoxScaleProcedure; to the game event bus
[04Sep2026 01:47:20.058] [modloading-worker-0/DEBUG] [net.neoforged.fml.javafmlmod.AutomaticEventSubscriber/LOADING]: Scanning class net.arphex.procedures.Lifesteal2Procedure for @SubscribeEvent-annotated methods
[04Sep2026 01:47:20.059] [modloading-worker-0/DEBUG] [net.neoforged.fml.javafmlmod.AutomaticEventSubscriber/]: Subscribing @EventBusSubscriber class Lnet/arphex/procedures/Lifesteal2Procedure; to the game event bus
[04Sep2026 01:47:20.059] [modloading-worker-0/DEBUG] [net.neoforged.fml.javafmlmod.AutomaticEventSubscriber/LOADING]: Scanning class net.arphex.procedures.BreakBlockProcedure for @SubscribeEvent-annotated methods
[04Sep2026 01:47:20.060] [modloading-worker-0/DEBUG] [net.neoforged.fml.javafmlmod.AutomaticEventSubscriber/]: Subscribing @EventBusSubscriber class Lnet/arphex/procedures/BreakBlockProcedure; to the game event bus
[04Sep2026 01:47:20.060] [modloading-worker-0/DEBUG] [net.neoforged.fml.javafmlmod.AutomaticEventSubscriber/LOADING]: Scanning class net.arphex.procedures.BloodWormOnInitialEntitySpawnProcedure for @SubscribeEvent-annotated methods
[04Sep2026 01:47:20.060] [modloading-worker-0/DEBUG] [net.neoforged.fml.javafmlmod.AutomaticEventSubscriber/]: Subscribing @EventBusSubscriber class Lnet/arphex/procedures/BloodWormOnInitialEntitySpawnProcedure; to the game event bus
[04Sep2026 01:47:20.061] [modloading-worker-0/DEBUG] [net.neoforged.fml.javafmlmod.AutomaticEventSubscriber/LOADING]: Scanning class net.arphex.procedures.TestProcedure for @SubscribeEvent-annotated methods
[04Sep2026 01:47:20.061] [modloading-worker-0/DEBUG] [net.neoforged.fml.javafmlmod.AutomaticEventSubscriber/]: Subscribing @EventBusSubscriber class Lnet/arphex/procedures/TestProcedure; to the game event bus
[04Sep2026 01:47:20.061] [modloading-worker-0/DEBUG] [net.neoforged.fml.javafmlmod.AutomaticEventSubscriber/LOADING]: Scanning class net.arphex.procedures.WorldLoadProcedure for @SubscribeEvent-annotated methods
[04Sep2026 01:47:20.061] [modloading-worker-0/DEBUG] [net.neoforged.fml.javafmlmod.AutomaticEventSubscriber/]: Subscribing @EventBusSubscriber class Lnet/arphex/procedures/WorldLoadProcedure; to the game event bus
[04Sep2026 01:47:20.062] [modloading-worker-0/DEBUG] [net.neoforged.fml.javafmlmod.AutomaticEventSubscriber/LOADING]: Scanning class net.arphex.procedures.CriticalHitProcedure for @SubscribeEvent-annotated methods
[04Sep2026 01:47:20.062] [modloading-worker-0/DEBUG] [net.neoforged.fml.javafmlmod.AutomaticEventSubscriber/]: Subscribing @EventBusSubscriber class Lnet/arphex/procedures/CriticalHitProcedure; to the game event bus
[04Sep2026 01:47:20.062] [modloading-worker-0/DEBUG] [net.neoforged.fml.javafmlmod.AutomaticEventSubscriber/LOADING]: Scanning class net.arphex.procedures.ScorpioidBloodlusterEntityVisualScaleProcedure for @SubscribeEvent-annotated methods
[04Sep2026 01:47:20.063] [modloading-worker-0/DEBUG] [net.neoforged.fml.javafmlmod.AutomaticEventSubscriber/]: Subscribing @EventBusSubscriber class Lnet/arphex/procedures/ScorpioidBloodlusterEntityVisualScaleProcedure; to the game event bus
[04Sep2026 01:47:20.063] [modloading-worker-0/DEBUG] [net.neoforged.fml.javafmlmod.AutomaticEventSubscriber/LOADING]: Scanning class net.arphex.procedures.SummonAltarProcedure for @SubscribeEvent-annotated methods
[04Sep2026 01:47:20.064] [modloading-worker-0/DEBUG] [net.neoforged.fml.javafmlmod.AutomaticEventSubscriber/]: Subscribing @EventBusSubscriber class Lnet/arphex/procedures/SummonAltarProcedure; to the game event bus
[04Sep2026 01:47:20.065] [modloading-worker-0/DEBUG] [net.neoforged.fml.javafmlmod.AutomaticEventSubscriber/LOADING]: Scanning class net.arphex.procedures.WorldTickProcedure for @SubscribeEvent-annotated methods
[04Sep2026 01:47:20.065] [modloading-worker-0/DEBUG] [net.neoforged.fml.javafmlmod.AutomaticEventSubscriber/]: Subscribing @EventBusSubscriber class Lnet/arphex/procedures/WorldTickProcedure; to the game event bus
[04Sep2026 01:47:20.066] [modloading-worker-0/DEBUG] [net.neoforged.fml.javafmlmod.AutomaticEventSubscriber/LOADING]: Scanning class net.arphex.procedures.HitBlockProcedure for @SubscribeEvent-annotated methods
[04Sep2026 01:47:20.067] [modloading-worker-0/DEBUG] [net.neoforged.fml.javafmlmod.AutomaticEventSubscriber/]: Subscribing @EventBusSubscriber class Lnet/arphex/procedures/HitBlockProcedure; to the game event bus
[04Sep2026 01:47:20.067] [modloading-worker-0/DEBUG] [net.neoforged.fml.javafmlmod.AutomaticEventSubscriber/LOADING]: Scanning class net.arphex.procedures.DwellerTargetProcedure for @SubscribeEvent-annotated methods
[04Sep2026 01:47:20.068] [modloading-worker-0/DEBUG] [net.neoforged.fml.javafmlmod.AutomaticEventSubscriber/]: Subscribing @EventBusSubscriber class Lnet/arphex/procedures/DwellerTargetProcedure; to the game event bus
[04Sep2026 01:47:20.069] [modloading-worker-0/DEBUG] [net.neoforged.fml.javafmlmod.AutomaticEventSubscriber/LOADING]: Scanning class net.arphex.procedures.EntitiesTickProcedure for @SubscribeEvent-annotated methods
[04Sep2026 01:47:20.070] [modloading-worker-0/DEBUG] [net.neoforged.fml.javafmlmod.AutomaticEventSubscriber/]: Subscribing @EventBusSubscriber class Lnet/arphex/procedures/EntitiesTickProcedure; to the game event bus
[04Sep2026 01:47:20.070] [modloading-worker-0/DEBUG] [net.neoforged.fml.javafmlmod.AutomaticEventSubscriber/LOADING]: Scanning class net.arphex.procedures.GameModeDetectorProcedure for @SubscribeEvent-annotated methods
[04Sep2026 01:47:20.075] [modloading-worker-0/DEBUG] [net.neoforged.fml.javafmlmod.AutomaticEventSubscriber/]: Subscribing @EventBusSubscriber class Lnet/arphex/procedures/GameModeDetectorProcedure; to the game event bus
[04Sep2026 01:47:20.075] [modloading-worker-0/DEBUG] [net.neoforged.fml.javafmlmod.AutomaticEventSubscriber/LOADING]: Scanning class net.arphex.procedures.PlayerTriesToSleepProcedure for @SubscribeEvent-annotated methods
[04Sep2026 01:47:20.076] [modloading-worker-0/DEBUG] [net.neoforged.fml.javafmlmod.AutomaticEventSubscriber/]: Subscribing @EventBusSubscriber class Lnet/arphex/procedures/PlayerTriesToSleepProcedure; to the game event bus
[04Sep2026 01:47:20.076] [modloading-worker-0/DEBUG] [net.neoforged.fml.javafmlmod.AutomaticEventSubscriber/LOADING]: Scanning class net.arphex.procedures.PlayerRespawnsProcedure for @SubscribeEvent-annotated methods
[04Sep2026 01:47:20.077] [modloading-worker-0/DEBUG] [net.neoforged.fml.javafmlmod.AutomaticEventSubscriber/]: Subscribing @EventBusSubscriber class Lnet/arphex/procedures/PlayerRespawnsProcedure; to the game event bus
[04Sep2026 01:47:20.078] [modloading-sync-worker/DEBUG] [net.neoforged.fml.DeferredWorkQueue/LOADING]: Dispatching synchronous work for work queue Mod Construction: 2 jobs
[04Sep2026 01:47:20.083] [modloading-sync-worker/DEBUG] [net.neoforged.fml.config.ConfigTracker/CONFIG]: Config file ArPhEx Configurations.toml for arphex tracking
[04Sep2026 01:47:20.084] [modloading-sync-worker/DEBUG] [net.neoforged.fml.DeferredWorkQueue/LOADING]: Synchronous work queue completed in 4.212 ms
[04Sep2026 01:47:20.486] [modloading-sync-worker/DEBUG] [mixin/]: Mixing MaidMainContainerChildArmorSlotMixin from maidmarriage.mixins.json into com.github.tartaricacid.touhoulittlemaid.inventory.container.MaidMainContainer$3
[04Sep2026 01:47:20.486] [modloading-sync-worker/DEBUG] [mixin/]: maidmarriage.mixins.json:MaidMainContainerChildArmorSlotMixin from mod maidmarriage: Class version 65 required is higher than the class version supported by the current version of Mixin (JAVA_17 supports class version 61)
[04Sep2026 01:47:20.489] [modloading-sync-worker/DEBUG] [mixin/]: maidmarriage.mixins.json:MaidMainContainerChildArmorSlotMixin from mod maidmarriage->@Inject::maidmarriage$allowChildMaidArmor(Lnet/minecraft/world/item/ItemStack;Lorg/spongepowered/asm/mixin/injection/callback/CallbackInfoReturnable;)V does use it's CallbackInfoReturnable
[04Sep2026 01:47:20.521] [modloading-sync-worker/DEBUG] [mixin/]: Mixing AltarRecipeMultiOutputMixin from maid_storage_manager.mixins.json into com.github.tartaricacid.touhoulittlemaid.crafting.AltarRecipe
[04Sep2026 01:47:20.521] [modloading-sync-worker/DEBUG] [mixin/]: maid_storage_manager.mixins.json:AltarRecipeMultiOutputMixin from mod maid_storage_manager: Class version 65 required is higher than the class version supported by the current version of Mixin (JAVA_8 supports class version 52)
[04Sep2026 01:47:20.524] [modloading-sync-worker/DEBUG] [mixin/]: maid_storage_manager.mixins.json:AltarRecipeMultiOutputMixin from mod maid_storage_manager->@Inject::spawnItem(Lnet/minecraft/server/level/ServerLevel;Lnet/minecraft/core/BlockPos;Lorg/spongepowered/asm/mixin/injection/callback/CallbackInfo;)V does use it's CallbackInfo
[04Sep2026 01:47:20.573] [modloading-sync-worker/DEBUG] [mixin/]: Mixing CanItemPerformAbilityAccess from jade.mixins.json into net.neoforged.neoforge.common.loot.CanItemPerformAbility
[04Sep2026 01:47:20.573] [modloading-sync-worker/DEBUG] [mixin/]: jade.mixins.json:CanItemPerformAbilityAccess from mod jade: Class version 65 required is higher than the class version supported by the current version of Mixin (JAVA_16 supports class version 60)
[04Sep2026 01:47:20.662] [modloading-sync-worker/DEBUG] [mixin/]: Mixing perf.attribute_supplier_dedup.AttributeSupplierMixin from modernfix-modernfix.mixins.json into net.minecraft.world.entity.ai.attributes.AttributeSupplier
[04Sep2026 01:47:20.664] [modloading-sync-worker/DEBUG] [mixin/]: modernfix-modernfix.mixins.json:perf.attribute_supplier_dedup.AttributeSupplierMixin from mod modernfix->@Inject::useCompactJavaMap(Ljava/util/Map;Lorg/spongepowered/asm/mixin/injection/callback/CallbackInfo;)V doesn't use it's CallbackInfo
[04Sep2026 01:47:20.664] [modloading-sync-worker/DEBUG] [mixin/]: modernfix-modernfix.mixins.json:perf.attribute_supplier_dedup.AttributeSupplierMixin from mod modernfix->@Inject::useCompactJavaMap(Ljava/util/Map;Lorg/spongepowered/asm/mixin/injection/callback/CallbackInfo;)V has 0 override(s) in child classes
[04Sep2026 01:47:20.664] [modloading-sync-worker/DEBUG] [mixin/]: modernfix-modernfix.mixins.json:perf.attribute_supplier_dedup.AttributeSupplierMixin from mod modernfix->@Inject::useCompactJavaMap(Ljava/util/Map;Lorg/spongepowered/asm/mixin/injection/callback/CallbackInfo;)V won't be passed a CallbackInfo as a result
[04Sep2026 01:47:20.764] [modloading-sync-worker/DEBUG] [mixin/]: Generating mapped inner class net/minecraft/world/level/levelgen/DebugLevelSource$Anonymous$a205bfb723e84a718f3e19c127820f55 (originally org/embeddedt/modernfix/common/mixin/perf/forge_registry_alloc/DebugLevelSourceMixin$1)
[04Sep2026 01:47:20.777] [modloading-sync-worker/DEBUG] [net.neoforged.fml.config.ConfigTracker/CONFIG]: Loading configs type COMMON
[04Sep2026 01:47:20.779] [modloading-sync-worker/DEBUG] [net.neoforged.fml.config.ConfigTracker/CONFIG]: Loaded TOML config file /home/ms33/servidor_neo/config/farmersdelight-common.toml
[04Sep2026 01:47:20.779] [modloading-sync-worker/DEBUG] [net.neoforged.fml.config.ConfigTracker/CONFIG]: Watching TOML config file /home/ms33/servidor_neo/config/farmersdelight-common.toml for changes
[04Sep2026 01:47:20.779] [modloading-sync-worker/DEBUG] [net.neoforged.fml.config.ConfigTracker/CONFIG]: Loaded TOML config file /home/ms33/servidor_neo/config/tacz-common.toml
[04Sep2026 01:47:20.779] [modloading-sync-worker/DEBUG] [net.neoforged.fml.config.ConfigTracker/CONFIG]: Watching TOML config file /home/ms33/servidor_neo/config/tacz-common.toml for changes
[04Sep2026 01:47:20.785] [modloading-sync-worker/DEBUG] [net.neoforged.fml.config.ConfigTracker/CONFIG]: Loaded TOML config file /home/ms33/servidor_neo/config/eclipticseasons-common.toml
[04Sep2026 01:47:20.785] [modloading-sync-worker/DEBUG] [net.neoforged.fml.config.ConfigTracker/CONFIG]: Watching TOML config file /home/ms33/servidor_neo/config/eclipticseasons-common.toml for changes
[04Sep2026 01:47:20.786] [modloading-sync-worker/DEBUG] [net.neoforged.fml.config.ConfigTracker/CONFIG]: Loaded TOML config file /home/ms33/servidor_neo/config/sophisticatedcore-common.toml
[04Sep2026 01:47:20.786] [modloading-sync-worker/DEBUG] [net.neoforged.fml.config.ConfigTracker/CONFIG]: Watching TOML config file /home/ms33/servidor_neo/config/sophisticatedcore-common.toml for changes
[04Sep2026 01:47:20.786] [modloading-sync-worker/DEBUG] [net.neoforged.fml.config.ConfigTracker/CONFIG]: Loaded TOML config file /home/ms33/servidor_neo/config/curios-common.toml
[04Sep2026 01:47:20.786] [modloading-sync-worker/DEBUG] [net.neoforged.fml.config.ConfigTracker/CONFIG]: Watching TOML config file /home/ms33/servidor_neo/config/curios-common.toml for changes
[04Sep2026 01:47:20.786] [modloading-sync-worker/DEBUG] [net.neoforged.fml.config.ConfigTracker/CONFIG]: Loaded TOML config file /home/ms33/servidor_neo/config/modernfix-common.toml
[04Sep2026 01:47:20.786] [modloading-sync-worker/DEBUG] [net.neoforged.fml.config.ConfigTracker/CONFIG]: Watching TOML config file /home/ms33/servidor_neo/config/modernfix-common.toml for changes
[04Sep2026 01:47:20.787] [modloading-sync-worker/DEBUG] [net.neoforged.fml.config.ConfigTracker/CONFIG]: Loaded TOML config file /home/ms33/servidor_neo/config/naturescompass-common.toml
[04Sep2026 01:47:20.787] [modloading-sync-worker/DEBUG] [net.neoforged.fml.config.ConfigTracker/CONFIG]: Watching TOML config file /home/ms33/servidor_neo/config/naturescompass-common.toml for changes
[04Sep2026 01:47:20.787] [modloading-sync-worker/DEBUG] [net.neoforged.neoforge.common.NeoForgeConfig/FORGEMOD]: Loaded NeoForge config file neoforge-common.toml
[04Sep2026 01:47:20.787] [modloading-sync-worker/DEBUG] [net.neoforged.fml.config.ConfigTracker/CONFIG]: Loaded TOML config file /home/ms33/servidor_neo/config/neoforge-common.toml
[04Sep2026 01:47:20.787] [modloading-sync-worker/DEBUG] [net.neoforged.fml.config.ConfigTracker/CONFIG]: Watching TOML config file /home/ms33/servidor_neo/config/neoforge-common.toml for changes
[04Sep2026 01:47:20.789] [modloading-sync-worker/DEBUG] [net.neoforged.fml.config.ConfigTracker/CONFIG]: Loaded TOML config file /home/ms33/servidor_neo/config/touhou_little_maid-common.toml
[04Sep2026 01:47:20.789] [modloading-sync-worker/DEBUG] [net.neoforged.fml.config.ConfigTracker/CONFIG]: Watching TOML config file /home/ms33/servidor_neo/config/touhou_little_maid-common.toml for changes
[04Sep2026 01:47:20.789] [modloading-sync-worker/DEBUG] [net.neoforged.fml.config.ConfigTracker/CONFIG]: Loaded TOML config file /home/ms33/servidor_neo/config/sophisticatedbackpacks-common.toml
[04Sep2026 01:47:20.789] [modloading-sync-worker/DEBUG] [net.neoforged.fml.config.ConfigTracker/CONFIG]: Watching TOML config file /home/ms33/servidor_neo/config/sophisticatedbackpacks-common.toml for changes
[04Sep2026 01:47:20.793] [modloading-sync-worker/DEBUG] [net.neoforged.fml.config.ConfigTracker/CONFIG]: Loaded TOML config file /home/ms33/servidor_neo/config/tacz_tactical_breaching-common.toml
[04Sep2026 01:47:20.793] [modloading-sync-worker/DEBUG] [net.neoforged.fml.config.ConfigTracker/CONFIG]: Watching TOML config file /home/ms33/servidor_neo/config/tacz_tactical_breaching-common.toml for changes
[04Sep2026 01:47:20.794] [modloading-sync-worker/DEBUG] [net.neoforged.fml.config.ConfigTracker/CONFIG]: Loaded TOML config file /home/ms33/servidor_neo/config/naturalist-server.toml
[04Sep2026 01:47:20.794] [modloading-sync-worker/DEBUG] [net.neoforged.fml.config.ConfigTracker/CONFIG]: Watching TOML config file /home/ms33/servidor_neo/config/naturalist-server.toml for changes
[04Sep2026 01:47:20.794] [modloading-sync-worker/DEBUG] [net.neoforged.fml.config.ConfigTracker/CONFIG]: Loaded TOML config file /home/ms33/servidor_neo/config/maidmarriage-common.toml
[04Sep2026 01:47:20.794] [modloading-sync-worker/DEBUG] [net.neoforged.fml.config.ConfigTracker/CONFIG]: Watching TOML config file /home/ms33/servidor_neo/config/maidmarriage-common.toml for changes
[04Sep2026 01:47:20.796] [modloading-sync-worker/DEBUG] [net.neoforged.fml.config.ConfigTracker/CONFIG]: Loaded TOML config file /home/ms33/servidor_neo/config/maid_storage_manager-common.toml
[04Sep2026 01:47:20.796] [modloading-sync-worker/DEBUG] [net.neoforged.fml.config.ConfigTracker/CONFIG]: Watching TOML config file /home/ms33/servidor_neo/config/maid_storage_manager-common.toml for changes
[04Sep2026 01:47:20.797] [modloading-sync-worker/DEBUG] [net.neoforged.fml.config.ConfigTracker/CONFIG]: Loaded TOML config file /home/ms33/servidor_neo/config/ArPhEx Configurations.toml
[04Sep2026 01:47:20.797] [modloading-sync-worker/DEBUG] [net.neoforged.fml.config.ConfigTracker/CONFIG]: Watching TOML config file /home/ms33/servidor_neo/config/ArPhEx Configurations.toml for changes
[04Sep2026 01:47:20.800] [modloading-worker-0/DEBUG] [mixin/]: Mixing MixinCuriosApi from curios.neoforge.mixins.json into top.theillusivec4.curios.api.CuriosApi
[04Sep2026 01:47:20.805] [modloading-worker-0/DEBUG] [mixin/]: curios.neoforge.mixins.json:MixinCuriosApi from mod curios->@Inject::curios$registerCurio(Lnet/minecraft/world/item/Item;Ltop/theillusivec4/curios/api/type/capability/ICurioItem;Lorg/spongepowered/asm/mixin/injection/callback/CallbackInfo;)V does use it's CallbackInfo
[04Sep2026 01:47:20.805] [modloading-worker-0/DEBUG] [mixin/]: curios.neoforge.mixins.json:MixinCuriosApi from mod curios->@Inject::curios$getSlots(ZLorg/spongepowered/asm/mixin/injection/callback/CallbackInfoReturnable;)V does use it's CallbackInfoReturnable
[04Sep2026 01:47:20.805] [modloading-worker-0/DEBUG] [mixin/]: curios.neoforge.mixins.json:MixinCuriosApi from mod curios->@Inject::curios$getEntitySlots(Lnet/minecraft/world/entity/EntityType;ZLorg/spongepowered/asm/mixin/injection/callback/CallbackInfoReturnable;)V does use it's CallbackInfoReturnable
[04Sep2026 01:47:20.805] [modloading-worker-0/DEBUG] [mixin/]: curios.neoforge.mixins.json:MixinCuriosApi from mod curios->@Inject::curios$getItemStackSlots(Lnet/minecraft/world/item/ItemStack;ZLorg/spongepowered/asm/mixin/injection/callback/CallbackInfoReturnable;)V does use it's CallbackInfoReturnable
[04Sep2026 01:47:20.805] [modloading-worker-0/DEBUG] [mixin/]: curios.neoforge.mixins.json:MixinCuriosApi from mod curios->@Inject::curios$getItemStackSlots(Lnet/minecraft/world/item/ItemStack;Lnet/minecraft/world/entity/LivingEntity;Lorg/spongepowered/asm/mixin/injection/callback/CallbackInfoReturnable;)V does use it's CallbackInfoReturnable
[04Sep2026 01:47:20.805] [modloading-worker-0/DEBUG] [mixin/]: curios.neoforge.mixins.json:MixinCuriosApi from mod curios->@Inject::curios$getCurio(Lnet/minecraft/world/item/ItemStack;Lorg/spongepowered/asm/mixin/injection/callback/CallbackInfoReturnable;)V does use it's CallbackInfoReturnable
[04Sep2026 01:47:20.805] [modloading-worker-0/DEBUG] [mixin/]: curios.neoforge.mixins.json:MixinCuriosApi from mod curios->@Inject::curios$getCuriosInventory(Lnet/minecraft/world/entity/LivingEntity;Lorg/spongepowered/asm/mixin/injection/callback/CallbackInfoReturnable;)V does use it's CallbackInfoReturnable
[04Sep2026 01:47:20.805] [modloading-worker-0/DEBUG] [mixin/]: curios.neoforge.mixins.json:MixinCuriosApi from mod curios->@Inject::curios$isStackValid(Ltop/theillusivec4/curios/api/SlotContext;Lnet/minecraft/world/item/ItemStack;Lorg/spongepowered/asm/mixin/injection/callback/CallbackInfoReturnable;)V does use it's CallbackInfoReturnable
[04Sep2026 01:47:20.805] [modloading-worker-0/DEBUG] [mixin/]: curios.neoforge.mixins.json:MixinCuriosApi from mod curios->@Inject::curios$getAttributeModifiers(Ltop/theillusivec4/curios/api/SlotContext;Lnet/minecraft/resources/ResourceLocation;Lnet/minecraft/world/item/ItemStack;Lorg/spongepowered/asm/mixin/injection/callback/CallbackInfoReturnable;)V does use it's CallbackInfoReturnable
[04Sep2026 01:47:20.805] [modloading-worker-0/DEBUG] [mixin/]: curios.neoforge.mixins.json:MixinCuriosApi from mod curios->@Inject::curios$addSlotModifier(Lcom/google/common/collect/Multimap;Ljava/lang/String;Lnet/minecraft/resources/ResourceLocation;DLnet/minecraft/world/entity/ai/attributes/AttributeModifier$Operation;Lorg/spongepowered/asm/mixin/injection/callback/CallbackInfo;)V does use it's CallbackInfo
[04Sep2026 01:47:20.805] [modloading-worker-0/DEBUG] [mixin/]: curios.neoforge.mixins.json:MixinCuriosApi from mod curios->@Inject::curios$addSlotModifier(Lnet/minecraft/world/item/ItemStack;Ljava/lang/String;Lnet/minecraft/resources/ResourceLocation;DLnet/minecraft/world/entity/ai/attributes/AttributeModifier$Operation;Ljava/lang/String;Lorg/spongepowered/asm/mixin/injection/callback/CallbackInfo;)V does use it's CallbackInfo
[04Sep2026 01:47:20.805] [modloading-worker-0/DEBUG] [mixin/]: curios.neoforge.mixins.json:MixinCuriosApi from mod curios->@Inject::curios$addModifier(Lnet/minecraft/world/item/ItemStack;Lnet/minecraft/core/Holder;Lnet/minecraft/resources/ResourceLocation;DLnet/minecraft/world/entity/ai/attributes/AttributeModifier$Operation;Ljava/lang/String;Lorg/spongepowered/asm/mixin/injection/callback/CallbackInfo;)V does use it's CallbackInfo
[04Sep2026 01:47:20.805] [modloading-worker-0/DEBUG] [mixin/]: curios.neoforge.mixins.json:MixinCuriosApi from mod curios->@Inject::curios$registerCurioPredicate(Lnet/minecraft/resources/ResourceLocation;Ljava/util/function/Predicate;Lorg/spongepowered/asm/mixin/injection/callback/CallbackInfo;)V does use it's CallbackInfo
[04Sep2026 01:47:20.805] [modloading-worker-0/DEBUG] [mixin/]: curios.neoforge.mixins.json:MixinCuriosApi from mod curios->@Inject::curios$getCurioPredicate(Lnet/minecraft/resources/ResourceLocation;Lorg/spongepowered/asm/mixin/injection/callback/CallbackInfoReturnable;)V does use it's CallbackInfoReturnable
[04Sep2026 01:47:20.805] [modloading-worker-0/DEBUG] [mixin/]: curios.neoforge.mixins.json:MixinCuriosApi from mod curios->@Inject::curios$getCurioPredicates(Lorg/spongepowered/asm/mixin/injection/callback/CallbackInfoReturnable;)V does use it's CallbackInfoReturnable
[04Sep2026 01:47:20.805] [modloading-worker-0/DEBUG] [mixin/]: curios.neoforge.mixins.json:MixinCuriosApi from mod curios->@Inject::curios$testCurioPredicates(Ljava/util/Set;Ltop/theillusivec4/curios/api/SlotResult;Lorg/spongepowered/asm/mixin/injection/callback/CallbackInfoReturnable;)V does use it's CallbackInfoReturnable
[04Sep2026 01:47:20.805] [modloading-worker-0/DEBUG] [mixin/]: curios.neoforge.mixins.json:MixinCuriosApi from mod curios->@Inject::curios$getUuid(Ltop/theillusivec4/curios/api/SlotContext;Lorg/spongepowered/asm/mixin/injection/callback/CallbackInfoReturnable;)V does use it's CallbackInfoReturnable
[04Sep2026 01:47:20.806] [modloading-worker-0/DEBUG] [mixin/]: curios.neoforge.mixins.json:MixinCuriosApi from mod curios->@Inject::curios$broadcastCurioBreakEvent(Ltop/theillusivec4/curios/api/SlotContext;Lorg/spongepowered/asm/mixin/injection/callback/CallbackInfo;)V does use it's CallbackInfo
[04Sep2026 01:47:20.811] [modloading-worker-0/DEBUG] [patchouli/]: Instantiating xplat impl: vazkii.patchouli.neoforge.xplat.NeoForgeXplatImpl
[04Sep2026 01:47:20.834] [modloading-sync-worker/DEBUG] [net.neoforged.fml.DeferredWorkQueue/LOADING]: Dispatching synchronous work for work queue Common setup: 17 jobs
[04Sep2026 01:47:20.848] [modloading-sync-worker/INFO] [tacz/SYNCED_ENTITY_DATA_TAC_COPY]: Registered synced data key tacz:shoot_cool_down for minecraft:living_entity
[04Sep2026 01:47:20.848] [modloading-sync-worker/INFO] [tacz/SYNCED_ENTITY_DATA_TAC_COPY]: Registered synced data key tacz:melee_cool_down for minecraft:living_entity
[04Sep2026 01:47:20.848] [modloading-sync-worker/INFO] [tacz/SYNCED_ENTITY_DATA_TAC_COPY]: Registered synced data key tacz:reload_state for minecraft:living_entity
[04Sep2026 01:47:20.848] [modloading-sync-worker/INFO] [tacz/SYNCED_ENTITY_DATA_TAC_COPY]: Registered synced data key tacz:aiming_progress for minecraft:living_entity
[04Sep2026 01:47:20.848] [modloading-sync-worker/INFO] [tacz/SYNCED_ENTITY_DATA_TAC_COPY]: Registered synced data key tacz:draw_cool_down for minecraft:living_entity
[04Sep2026 01:47:20.848] [modloading-sync-worker/INFO] [tacz/SYNCED_ENTITY_DATA_TAC_COPY]: Registered synced data key tacz:is_aiming for minecraft:living_entity
[04Sep2026 01:47:20.848] [modloading-sync-worker/INFO] [tacz/SYNCED_ENTITY_DATA_TAC_COPY]: Registered synced data key tacz:sprint_time for minecraft:living_entity
[04Sep2026 01:47:20.848] [modloading-sync-worker/INFO] [tacz/SYNCED_ENTITY_DATA_TAC_COPY]: Registered synced data key tacz:is_bolting for minecraft:living_entity
[04Sep2026 01:47:20.848] [modloading-sync-worker/INFO] [tacz/SYNCED_ENTITY_DATA_TAC_COPY]: Registered synced data key tacz:throwable_using for minecraft:living_entity
[04Sep2026 01:47:20.850] [modloading-sync-worker/DEBUG] [touhou_little_maid/ServerCustomPackLoader]: Touhou little maid mod's model is loading...
[04Sep2026 01:47:20.857] [modloading-sync-worker/DEBUG] [touhou_little_maid/ServerCustomPackLoader]: Loaded model info: minecraft_15th:alex
[04Sep2026 01:47:20.857] [modloading-sync-worker/DEBUG] [touhou_little_maid/ServerCustomPackLoader]: Loaded model info: minecraft_15th:rana
[04Sep2026 01:47:20.857] [modloading-sync-worker/DEBUG] [touhou_little_maid/ServerCustomPackLoader]: Loaded model info: minecraft_15th:natalie
[04Sep2026 01:47:20.857] [modloading-sync-worker/DEBUG] [touhou_little_maid/ServerCustomPackLoader]: Loaded model info: minecraft_15th:dawn
[04Sep2026 01:47:20.857] [modloading-sync-worker/DEBUG] [touhou_little_maid/ServerCustomPackLoader]: Touhou little maid mod's model is loaded
[04Sep2026 01:47:20.857] [modloading-sync-worker/DEBUG] [touhou_little_maid/ServerCustomPackLoader]: Touhou little maid mod's model is loading...
[04Sep2026 01:47:20.857] [modloading-sync-worker/DEBUG] [touhou_little_maid/ServerCustomPackLoader]: Touhou little maid mod's model is loading...
[04Sep2026 01:47:20.858] [modloading-sync-worker/DEBUG] [touhou_little_maid/ServerCustomPackLoader]: Loaded model info: touhou_little_maid_old:reimu_hakurei
[04Sep2026 01:47:20.858] [modloading-sync-worker/DEBUG] [touhou_little_maid/ServerCustomPackLoader]: Loaded model info: touhou_little_maid_old:singyoku2
[04Sep2026 01:47:20.858] [modloading-sync-worker/DEBUG] [touhou_little_maid/ServerCustomPackLoader]: Loaded model info: touhou_little_maid_old:singyoku3
[04Sep2026 01:47:20.858] [modloading-sync-worker/DEBUG] [touhou_little_maid/ServerCustomPackLoader]: Loaded model info: touhou_little_maid_old:mima
[04Sep2026 01:47:20.858] [modloading-sync-worker/DEBUG] [touhou_little_maid/ServerCustomPackLoader]: Loaded model info: touhou_little_maid_old:kikuri
[04Sep2026 01:47:20.858] [modloading-sync-worker/DEBUG] [touhou_little_maid/ServerCustomPackLoader]: Loaded model info: touhou_little_maid_old:konngara
[04Sep2026 01:47:20.858] [modloading-sync-worker/DEBUG] [touhou_little_maid/ServerCustomPackLoader]: Loaded model info: touhou_little_maid_old:yuugen_magan
[04Sep2026 01:47:20.858] [modloading-sync-worker/DEBUG] [touhou_little_maid/ServerCustomPackLoader]: Loaded model info: touhou_little_maid_old:elis
[04Sep2026 01:47:20.858] [modloading-sync-worker/DEBUG] [touhou_little_maid/ServerCustomPackLoader]: Loaded model info: touhou_little_maid_old:sariel
[04Sep2026 01:47:20.858] [modloading-sync-worker/DEBUG] [touhou_little_maid/ServerCustomPackLoader]: Loaded model info: touhou_little_maid_old:genjii
[04Sep2026 01:47:20.858] [modloading-sync-worker/DEBUG] [touhou_little_maid/ServerCustomPackLoader]: Loaded model info: touhou_little_maid_old:rika
[04Sep2026 01:47:20.858] [modloading-sync-worker/DEBUG] [touhou_little_maid/ServerCustomPackLoader]: Loaded model info: touhou_little_maid_old:meira
[04Sep2026 01:47:20.858] [modloading-sync-worker/DEBUG] [touhou_little_maid/ServerCustomPackLoader]: Loaded model info: touhou_little_maid_old:kirisame_marisa
[04Sep2026 01:47:20.858] [modloading-sync-worker/DEBUG] [touhou_little_maid/ServerCustomPackLoader]: Loaded model info: touhou_little_maid_old:ellen
[04Sep2026 01:47:20.858] [modloading-sync-worker/DEBUG] [touhou_little_maid/ServerCustomPackLoader]: Loaded model info: touhou_little_maid_old:kotohime
[04Sep2026 01:47:20.858] [modloading-sync-worker/DEBUG] [touhou_little_maid/ServerCustomPackLoader]: Loaded model info: touhou_little_maid_old:kana_anaberal
[04Sep2026 01:47:20.858] [modloading-sync-worker/DEBUG] [touhou_little_maid/ServerCustomPackLoader]: Loaded model info: touhou_little_maid_old:rikako_asakura
[04Sep2026 01:47:20.858] [modloading-sync-worker/DEBUG] [touhou_little_maid/ServerCustomPackLoader]: Loaded model info: touhou_little_maid_old:chiyuri_kitashirakawa
[04Sep2026 01:47:20.858] [modloading-sync-worker/DEBUG] [touhou_little_maid/ServerCustomPackLoader]: Loaded model info: touhou_little_maid_old:yumemi_okazaki
[04Sep2026 01:47:20.858] [modloading-sync-worker/DEBUG] [touhou_little_maid/ServerCustomPackLoader]: Loaded model info: touhou_little_maid_old:orange
[04Sep2026 01:47:20.858] [modloading-sync-worker/DEBUG] [touhou_little_maid/ServerCustomPackLoader]: Loaded model info: touhou_little_maid_old:kurumi
[04Sep2026 01:47:20.858] [modloading-sync-worker/DEBUG] [touhou_little_maid/ServerCustomPackLoader]: Loaded model info: touhou_little_maid_old:elly
[04Sep2026 01:47:20.858] [modloading-sync-worker/DEBUG] [touhou_little_maid/ServerCustomPackLoader]: Loaded model info: touhou_little_maid_old:yuuka_old
[04Sep2026 01:47:20.858] [modloading-sync-worker/DEBUG] [touhou_little_maid/ServerCustomPackLoader]: Loaded model info: touhou_little_maid_old:mugetsu
[04Sep2026 01:47:20.858] [modloading-sync-worker/DEBUG] [touhou_little_maid/ServerCustomPackLoader]: Loaded model info: touhou_little_maid_old:gengetsu
[04Sep2026 01:47:20.858] [modloading-sync-worker/DEBUG] [touhou_little_maid/ServerCustomPackLoader]: Loaded model info: touhou_little_maid_old:sara
[04Sep2026 01:47:20.858] [modloading-sync-worker/DEBUG] [touhou_little_maid/ServerCustomPackLoader]: Loaded model info: touhou_little_maid_old:louise
[04Sep2026 01:47:20.858] [modloading-sync-worker/DEBUG] [touhou_little_maid/ServerCustomPackLoader]: Loaded model info: touhou_little_maid_old:alice
[04Sep2026 01:47:20.858] [modloading-sync-worker/DEBUG] [touhou_little_maid/ServerCustomPackLoader]: Loaded model info: touhou_little_maid_old:yuki
[04Sep2026 01:47:20.858] [modloading-sync-worker/DEBUG] [touhou_little_maid/ServerCustomPackLoader]: Loaded model info: touhou_little_maid_old:mai
[04Sep2026 01:47:20.858] [modloading-sync-worker/DEBUG] [touhou_little_maid/ServerCustomPackLoader]: Loaded model info: touhou_little_maid_old:yumeko
[04Sep2026 01:47:20.858] [modloading-sync-worker/DEBUG] [touhou_little_maid/ServerCustomPackLoader]: Loaded model info: touhou_little_maid_old:shinki
[04Sep2026 01:47:20.858] [modloading-sync-worker/DEBUG] [touhou_little_maid/ServerCustomPackLoader]: Loaded model info: touhou_little_maid_old:ruukoto
[04Sep2026 01:47:20.858] [modloading-sync-worker/DEBUG] [touhou_little_maid/ServerCustomPackLoader]: Loaded model info: touhou_little_maid_old:trump_king
[04Sep2026 01:47:20.858] [modloading-sync-worker/DEBUG] [touhou_little_maid/ServerCustomPackLoader]: Touhou little maid mod's model is loaded
[04Sep2026 01:47:20.858] [modloading-sync-worker/DEBUG] [touhou_little_maid/ServerCustomPackLoader]: Touhou little maid mod's model is loading...
[04Sep2026 01:47:20.858] [modloading-sync-worker/DEBUG] [touhou_little_maid/ServerCustomPackLoader]: Touhou little maid mod's model is loading...
[04Sep2026 01:47:20.858] [modloading-sync-worker/DEBUG] [touhou_little_maid/ServerCustomPackLoader]: Touhou little maid mod's model is loading...
[04Sep2026 01:47:20.860] [modloading-sync-worker/DEBUG] [touhou_little_maid/ServerCustomPackLoader]: Loaded model info: next_update_model:stage
[04Sep2026 01:47:20.860] [modloading-sync-worker/DEBUG] [touhou_little_maid/ServerCustomPackLoader]: Loaded model info: next_update_model:japanese_lottery_machine
[04Sep2026 01:47:20.860] [modloading-sync-worker/DEBUG] [touhou_little_maid/ServerCustomPackLoader]: Loaded model info: next_update_model:fishpond
[04Sep2026 01:47:20.860] [modloading-sync-worker/DEBUG] [touhou_little_maid/ServerCustomPackLoader]: Loaded model info: next_update_model:mine
[04Sep2026 01:47:20.860] [modloading-sync-worker/DEBUG] [touhou_little_maid/ServerCustomPackLoader]: Loaded model info: next_update_model:logging_hut
[04Sep2026 01:47:20.860] [modloading-sync-worker/DEBUG] [touhou_little_maid/ServerCustomPackLoader]: Loaded model info: next_update_model:kitchen
[04Sep2026 01:47:20.860] [modloading-sync-worker/DEBUG] [touhou_little_maid/ServerCustomPackLoader]: Loaded model info: next_update_model:dining_table_default
[04Sep2026 01:47:20.860] [modloading-sync-worker/DEBUG] [touhou_little_maid/ServerCustomPackLoader]: Loaded model info: next_update_model:dining_table_spring
[04Sep2026 01:47:20.860] [modloading-sync-worker/DEBUG] [touhou_little_maid/ServerCustomPackLoader]: Loaded model info: next_update_model:dining_table_summer
[04Sep2026 01:47:20.860] [modloading-sync-worker/DEBUG] [touhou_little_maid/ServerCustomPackLoader]: Loaded model info: next_update_model:dining_table_autumn
[04Sep2026 01:47:20.860] [modloading-sync-worker/DEBUG] [touhou_little_maid/ServerCustomPackLoader]: Loaded model info: next_update_model:dining_table_winter
[04Sep2026 01:47:20.860] [modloading-sync-worker/DEBUG] [touhou_little_maid/ServerCustomPackLoader]: Loaded model info: next_update_model:cumin_lamb_chop
[04Sep2026 01:47:20.860] [modloading-sync-worker/DEBUG] [touhou_little_maid/ServerCustomPackLoader]: Loaded model info: next_update_model:hot_spring
[04Sep2026 01:47:20.860] [modloading-sync-worker/DEBUG] [touhou_little_maid/ServerCustomPackLoader]: Loaded model info: next_update_model:picnic_cloth
[04Sep2026 01:47:20.860] [modloading-sync-worker/DEBUG] [touhou_little_maid/ServerCustomPackLoader]: Loaded model info: next_update_model:elite_slime
[04Sep2026 01:47:20.860] [modloading-sync-worker/DEBUG] [touhou_little_maid/ServerCustomPackLoader]: Loaded model info: next_update_model:slime
[04Sep2026 01:47:20.860] [modloading-sync-worker/DEBUG] [touhou_little_maid/ServerCustomPackLoader]: Loaded model info: next_update_model:flip_phone
[04Sep2026 01:47:20.860] [modloading-sync-worker/DEBUG] [touhou_little_maid/ServerCustomPackLoader]: Loaded model info: next_update_model:fox_demon_statue
[04Sep2026 01:47:20.860] [modloading-sync-worker/DEBUG] [touhou_little_maid/ServerCustomPackLoader]: Loaded model info: next_update_model:fox_demon_statue_1
[04Sep2026 01:47:20.860] [modloading-sync-worker/DEBUG] [touhou_little_maid/ServerCustomPackLoader]: Loaded model info: next_update_model:bathroom
[04Sep2026 01:47:20.860] [modloading-sync-worker/DEBUG] [touhou_little_maid/ServerCustomPackLoader]: Loaded model info: next_update_model:backpack
[04Sep2026 01:47:20.860] [modloading-sync-worker/DEBUG] [touhou_little_maid/ServerCustomPackLoader]: Loaded model info: next_update_model:cabinet
[04Sep2026 01:47:20.860] [modloading-sync-worker/DEBUG] [touhou_little_maid/ServerCustomPackLoader]: Loaded model info: next_update_model:single_bed
[04Sep2026 01:47:20.860] [modloading-sync-worker/DEBUG] [touhou_little_maid/ServerCustomPackLoader]: Loaded model info: next_update_model:double_bed
[04Sep2026 01:47:20.860] [modloading-sync-worker/DEBUG] [touhou_little_maid/ServerCustomPackLoader]: Loaded model info: next_update_model:shrine
[04Sep2026 01:47:20.860] [modloading-sync-worker/DEBUG] [touhou_little_maid/ServerCustomPackLoader]: Loaded model info: next_update_model:3d_printer
[04Sep2026 01:47:20.860] [modloading-sync-worker/DEBUG] [touhou_little_maid/ServerCustomPackLoader]: Loaded model info: next_update_model:doorbell_ground
[04Sep2026 01:47:20.860] [modloading-sync-worker/DEBUG] [touhou_little_maid/ServerCustomPackLoader]: Loaded model info: next_update_model:doorbell_wall
[04Sep2026 01:47:20.860] [modloading-sync-worker/DEBUG] [touhou_little_maid/ServerCustomPackLoader]: Loaded model info: next_update_model:exchange_machine
[04Sep2026 01:47:20.860] [modloading-sync-worker/DEBUG] [touhou_little_maid/ServerCustomPackLoader]: Touhou little maid mod's model is loaded
[04Sep2026 01:47:20.860] [modloading-sync-worker/DEBUG] [touhou_little_maid/ServerCustomPackLoader]: Touhou little maid mod's model is loading...
[04Sep2026 01:47:20.861] [modloading-sync-worker/DEBUG] [touhou_little_maid/ServerCustomPackLoader]: Loaded model info: touhou_little_maid_seihou:vivit
[04Sep2026 01:47:20.861] [modloading-sync-worker/DEBUG] [touhou_little_maid/ServerCustomPackLoader]: Loaded model info: touhou_little_maid_seihou:vivit_2
[04Sep2026 01:47:20.861] [modloading-sync-worker/DEBUG] [touhou_little_maid/ServerCustomPackLoader]: Loaded model info: touhou_little_maid_seihou:milia
[04Sep2026 01:47:20.861] [modloading-sync-worker/DEBUG] [touhou_little_maid/ServerCustomPackLoader]: Loaded model info: touhou_little_maid_seihou:mei
[04Sep2026 01:47:20.861] [modloading-sync-worker/DEBUG] [touhou_little_maid/ServerCustomPackLoader]: Loaded model info: touhou_little_maid_seihou:mai
[04Sep2026 01:47:20.861] [modloading-sync-worker/DEBUG] [touhou_little_maid/ServerCustomPackLoader]: Touhou little maid mod's model is loaded
[04Sep2026 01:47:20.861] [modloading-sync-worker/DEBUG] [touhou_little_maid/ServerCustomPackLoader]: Touhou little maid mod's model is loading...
[04Sep2026 01:47:20.861] [modloading-sync-worker/DEBUG] [touhou_little_maid/ServerCustomPackLoader]: Touhou little maid mod's model is loading...
[04Sep2026 01:47:20.865] [modloading-sync-worker/DEBUG] [touhou_little_maid/ServerCustomPackLoader]: Loaded model info: touhou_little_maid:hakurei_reimu
[04Sep2026 01:47:20.865] [modloading-sync-worker/DEBUG] [touhou_little_maid/ServerCustomPackLoader]: Loaded model info: touhou_little_maid:hakurei_reimu_2
[04Sep2026 01:47:20.865] [modloading-sync-worker/DEBUG] [touhou_little_maid/ServerCustomPackLoader]: Loaded model info: touhou_little_maid:hakurei_reimu_type_b
[04Sep2026 01:47:20.865] [modloading-sync-worker/DEBUG] [touhou_little_maid/ServerCustomPackLoader]: Loaded model info: touhou_little_maid:hakurei_reimu_type_b_716c27087f2716348835e7775121532f
[04Sep2026 01:47:20.865] [modloading-sync-worker/DEBUG] [touhou_little_maid/ServerCustomPackLoader]: Loaded model info: touhou_little_maid:hakurei_reimu_type_b_1720614ea46709023787aae005df1134
[04Sep2026 01:47:20.865] [modloading-sync-worker/DEBUG] [touhou_little_maid/ServerCustomPackLoader]: Loaded model info: touhou_little_maid:hakurei_reimu_type_b_9cc0af67a94bdbb6dbae8056ab30c2bc
[04Sep2026 01:47:20.865] [modloading-sync-worker/DEBUG] [touhou_little_maid/ServerCustomPackLoader]: Loaded model info: touhou_little_maid:kirisame_marisa
[04Sep2026 01:47:20.865] [modloading-sync-worker/DEBUG] [touhou_little_maid/ServerCustomPackLoader]: Loaded model info: touhou_little_maid:kirisame_marisa_2
[04Sep2026 01:47:20.865] [modloading-sync-worker/DEBUG] [touhou_little_maid/ServerCustomPackLoader]: Loaded model info: touhou_little_maid:rumia
[04Sep2026 01:47:20.865] [modloading-sync-worker/DEBUG] [touhou_little_maid/ServerCustomPackLoader]: Loaded model info: touhou_little_maid:daiyousei
[04Sep2026 01:47:20.865] [modloading-sync-worker/DEBUG] [touhou_little_maid/ServerCustomPackLoader]: Loaded model info: touhou_little_maid:cirno
[04Sep2026 01:47:20.865] [modloading-sync-worker/DEBUG] [touhou_little_maid/ServerCustomPackLoader]: Loaded model info: touhou_little_maid:cirno_maid
[04Sep2026 01:47:20.865] [modloading-sync-worker/DEBUG] [touhou_little_maid/ServerCustomPackLoader]: Loaded model info: touhou_little_maid:cirno_tan
[04Sep2026 01:47:20.865] [modloading-sync-worker/DEBUG] [touhou_little_maid/ServerCustomPackLoader]: Loaded model info: touhou_little_maid:cirno_slim
[04Sep2026 01:47:20.865] [modloading-sync-worker/DEBUG] [touhou_little_maid/ServerCustomPackLoader]: Loaded model info: touhou_little_maid:cirno_slim_43e8d943f0564065031ec0efc405edbb
[04Sep2026 01:47:20.865] [modloading-sync-worker/DEBUG] [touhou_little_maid/ServerCustomPackLoader]: Loaded model info: touhou_little_maid:cirno_slim_af6bc1a4e6e95433d0d72fe108ec09b7
[04Sep2026 01:47:20.865] [modloading-sync-worker/DEBUG] [touhou_little_maid/ServerCustomPackLoader]: Loaded model info: touhou_little_maid:hong_meiling
[04Sep2026 01:47:20.865] [modloading-sync-worker/DEBUG] [touhou_little_maid/ServerCustomPackLoader]: Loaded model info: touhou_little_maid:koakuma
[04Sep2026 01:47:20.865] [modloading-sync-worker/DEBUG] [touhou_little_maid/ServerCustomPackLoader]: Loaded model info: touhou_little_maid:patchouli_knowledge
[04Sep2026 01:47:20.865] [modloading-sync-worker/DEBUG] [touhou_little_maid/ServerCustomPackLoader]: Loaded model info: touhou_little_maid:patchouli_knowledge_2
[04Sep2026 01:47:20.865] [modloading-sync-worker/DEBUG] [touhou_little_maid/ServerCustomPackLoader]: Loaded model info: touhou_little_maid:izayoi_sakuya
[04Sep2026 01:47:20.865] [modloading-sync-worker/DEBUG] [touhou_little_maid/ServerCustomPackLoader]: Loaded model info: touhou_little_maid:remilia_scarlet
[04Sep2026 01:47:20.865] [modloading-sync-worker/DEBUG] [touhou_little_maid/ServerCustomPackLoader]: Loaded model info: touhou_little_maid:remilia_scarlet_2
[04Sep2026 01:47:20.865] [modloading-sync-worker/DEBUG] [touhou_little_maid/ServerCustomPackLoader]: Loaded model info: touhou_little_maid:flandre_scarlet
[04Sep2026 01:47:20.865] [modloading-sync-worker/DEBUG] [touhou_little_maid/ServerCustomPackLoader]: Loaded model info: touhou_little_maid:letty_whiterock
[04Sep2026 01:47:20.865] [modloading-sync-worker/DEBUG] [touhou_little_maid/ServerCustomPackLoader]: Loaded model info: touhou_little_maid:chen
[04Sep2026 01:47:20.865] [modloading-sync-worker/DEBUG] [touhou_little_maid/ServerCustomPackLoader]: Loaded model info: touhou_little_maid:alice_margatroid
[04Sep2026 01:47:20.865] [modloading-sync-worker/DEBUG] [touhou_little_maid/ServerCustomPackLoader]: Loaded model info: touhou_little_maid:shanghai_doll
[04Sep2026 01:47:20.865] [modloading-sync-worker/DEBUG] [touhou_little_maid/ServerCustomPackLoader]: Loaded model info: touhou_little_maid:hourai_doll
[04Sep2026 01:47:20.865] [modloading-sync-worker/DEBUG] [touhou_little_maid/ServerCustomPackLoader]: Loaded model info: touhou_little_maid:goliath_doll
[04Sep2026 01:47:20.865] [modloading-sync-worker/DEBUG] [touhou_little_maid/ServerCustomPackLoader]: Loaded model info: touhou_little_maid:lily_white
[04Sep2026 01:47:20.865] [modloading-sync-worker/DEBUG] [touhou_little_maid/ServerCustomPackLoader]: Loaded model info: touhou_little_maid:lily_black
[04Sep2026 01:47:20.865] [modloading-sync-worker/DEBUG] [touhou_little_maid/ServerCustomPackLoader]: Loaded model info: touhou_little_maid:lunasa_prismriver
[04Sep2026 01:47:20.865] [modloading-sync-worker/DEBUG] [touhou_little_maid/ServerCustomPackLoader]: Loaded model info: touhou_little_maid:merlin_prismriver
[04Sep2026 01:47:20.865] [modloading-sync-worker/DEBUG] [touhou_little_maid/ServerCustomPackLoader]: Loaded model info: touhou_little_maid:lyrica_prismriver
[04Sep2026 01:47:20.865] [modloading-sync-worker/DEBUG] [touhou_little_maid/ServerCustomPackLoader]: Loaded model info: touhou_little_maid:konpaku_youmu
[04Sep2026 01:47:20.865] [modloading-sync-worker/DEBUG] [touhou_little_maid/ServerCustomPackLoader]: Loaded model info: touhou_little_maid:saigyouji_yuyuko
[04Sep2026 01:47:20.865] [modloading-sync-worker/DEBUG] [touhou_little_maid/ServerCustomPackLoader]: Loaded model info: touhou_little_maid:yakumo_ran
[04Sep2026 01:47:20.865] [modloading-sync-worker/DEBUG] [touhou_little_maid/ServerCustomPackLoader]: Loaded model info: touhou_little_maid:yukari_yakumo
[04Sep2026 01:47:20.865] [modloading-sync-worker/DEBUG] [touhou_little_maid/ServerCustomPackLoader]: Loaded model info: touhou_little_maid:ibuki_suika
[04Sep2026 01:47:20.865] [modloading-sync-worker/DEBUG] [touhou_little_maid/ServerCustomPackLoader]: Loaded model info: touhou_little_maid:wriggle_nightbug
[04Sep2026 01:47:20.865] [modloading-sync-worker/DEBUG] [touhou_little_maid/ServerCustomPackLoader]: Loaded model info: touhou_little_maid:mystia_lorelei
[04Sep2026 01:47:20.865] [modloading-sync-worker/DEBUG] [touhou_little_maid/ServerCustomPackLoader]: Loaded model info: touhou_little_maid:keine_kamishirasawa
[04Sep2026 01:47:20.865] [modloading-sync-worker/DEBUG] [touhou_little_maid/ServerCustomPackLoader]: Loaded model info: touhou_little_maid:keine_kamishirasawa_2
[04Sep2026 01:47:20.865] [modloading-sync-worker/DEBUG] [touhou_little_maid/ServerCustomPackLoader]: Loaded model info: touhou_little_maid:tewi_inaba
[04Sep2026 01:47:20.865] [modloading-sync-worker/DEBUG] [touhou_little_maid/ServerCustomPackLoader]: Loaded model info: touhou_little_maid:reisen_udongein_inaba
[04Sep2026 01:47:20.865] [modloading-sync-worker/DEBUG] [touhou_little_maid/ServerCustomPackLoader]: Loaded model info: touhou_little_maid:yagokoro_eirin
[04Sep2026 01:47:20.865] [modloading-sync-worker/DEBUG] [touhou_little_maid/ServerCustomPackLoader]: Loaded model info: touhou_little_maid:houraisan_kaguya
[04Sep2026 01:47:20.865] [modloading-sync-worker/DEBUG] [touhou_little_maid/ServerCustomPackLoader]: Loaded model info: touhou_little_maid:fujiwara_no_mokou
[04Sep2026 01:47:20.865] [modloading-sync-worker/DEBUG] [touhou_little_maid/ServerCustomPackLoader]: Loaded model info: touhou_little_maid:syameimaru_aya
[04Sep2026 01:47:20.865] [modloading-sync-worker/DEBUG] [touhou_little_maid/ServerCustomPackLoader]: Loaded model info: touhou_little_maid:medicine_melancholy
[04Sep2026 01:47:20.865] [modloading-sync-worker/DEBUG] [touhou_little_maid/ServerCustomPackLoader]: Loaded model info: touhou_little_maid:kazami_yuka
[04Sep2026 01:47:20.866] [modloading-sync-worker/DEBUG] [touhou_little_maid/ServerCustomPackLoader]: Loaded model info: touhou_little_maid:onozuka_komachi
[04Sep2026 01:47:20.866] [modloading-sync-worker/DEBUG] [touhou_little_maid/ServerCustomPackLoader]: Loaded model info: touhou_little_maid:shikieiki_yamaxanadu
[04Sep2026 01:47:20.866] [modloading-sync-worker/DEBUG] [touhou_little_maid/ServerCustomPackLoader]: Loaded model info: touhou_little_maid:aki_sizuha
[04Sep2026 01:47:20.866] [modloading-sync-worker/DEBUG] [touhou_little_maid/ServerCustomPackLoader]: Loaded model info: touhou_little_maid:minoriko_aki
[04Sep2026 01:47:20.866] [modloading-sync-worker/DEBUG] [touhou_little_maid/ServerCustomPackLoader]: Loaded model info: touhou_little_maid:kagiyama_hina
[04Sep2026 01:47:20.866] [modloading-sync-worker/DEBUG] [touhou_little_maid/ServerCustomPackLoader]: Loaded model info: touhou_little_maid:kawasiro_nitori
[04Sep2026 01:47:20.866] [modloading-sync-worker/DEBUG] [touhou_little_maid/ServerCustomPackLoader]: Loaded model info: touhou_little_maid:inubashiri_momizi
[04Sep2026 01:47:20.866] [modloading-sync-worker/DEBUG] [touhou_little_maid/ServerCustomPackLoader]: Loaded model info: touhou_little_maid:kochiya_sanae
[04Sep2026 01:47:20.866] [modloading-sync-worker/DEBUG] [touhou_little_maid/ServerCustomPackLoader]: Loaded model info: touhou_little_maid:yasaka_kanako
[04Sep2026 01:47:20.866] [modloading-sync-worker/DEBUG] [touhou_little_maid/ServerCustomPackLoader]: Loaded model info: touhou_little_maid:moriya_suwako
[04Sep2026 01:47:20.866] [modloading-sync-worker/DEBUG] [touhou_little_maid/ServerCustomPackLoader]: Loaded model info: touhou_little_maid:nagae_iku
[04Sep2026 01:47:20.866] [modloading-sync-worker/DEBUG] [touhou_little_maid/ServerCustomPackLoader]: Loaded model info: touhou_little_maid:hinanawi_tenshi
[04Sep2026 01:47:20.866] [modloading-sync-worker/DEBUG] [touhou_little_maid/ServerCustomPackLoader]: Loaded model info: touhou_little_maid:kisume
[04Sep2026 01:47:20.866] [modloading-sync-worker/DEBUG] [touhou_little_maid/ServerCustomPackLoader]: Loaded model info: touhou_little_maid:kurodani_yamame
[04Sep2026 01:47:20.866] [modloading-sync-worker/DEBUG] [touhou_little_maid/ServerCustomPackLoader]: Loaded model info: touhou_little_maid:mizuhashi_parsee
[04Sep2026 01:47:20.866] [modloading-sync-worker/DEBUG] [touhou_little_maid/ServerCustomPackLoader]: Loaded model info: touhou_little_maid:hoshiguma_yugi
[04Sep2026 01:47:20.866] [modloading-sync-worker/DEBUG] [touhou_little_maid/ServerCustomPackLoader]: Loaded model info: touhou_little_maid:komeiji_satori
[04Sep2026 01:47:20.866] [modloading-sync-worker/DEBUG] [touhou_little_maid/ServerCustomPackLoader]: Loaded model info: touhou_little_maid:kaenbyou_rin
[04Sep2026 01:47:20.866] [modloading-sync-worker/DEBUG] [touhou_little_maid/ServerCustomPackLoader]: Loaded model info: touhou_little_maid:reiuji_utsuho
[04Sep2026 01:47:20.866] [modloading-sync-worker/DEBUG] [touhou_little_maid/ServerCustomPackLoader]: Loaded model info: touhou_little_maid:komeiji_koishi
[04Sep2026 01:47:20.866] [modloading-sync-worker/DEBUG] [touhou_little_maid/ServerCustomPackLoader]: Loaded model info: touhou_little_maid:komeiji_koishi_2
[04Sep2026 01:47:20.866] [modloading-sync-worker/DEBUG] [touhou_little_maid/ServerCustomPackLoader]: Loaded model info: touhou_little_maid:nazrin
[04Sep2026 01:47:20.866] [modloading-sync-worker/DEBUG] [touhou_little_maid/ServerCustomPackLoader]: Loaded model info: touhou_little_maid:tatara_kogasa
[04Sep2026 01:47:20.866] [modloading-sync-worker/DEBUG] [touhou_little_maid/ServerCustomPackLoader]: Loaded model info: touhou_little_maid:kumoi_ichirin
[04Sep2026 01:47:20.866] [modloading-sync-worker/DEBUG] [touhou_little_maid/ServerCustomPackLoader]: Loaded model info: touhou_little_maid:murasa_minamitsu
[04Sep2026 01:47:20.866] [modloading-sync-worker/DEBUG] [touhou_little_maid/ServerCustomPackLoader]: Loaded model info: touhou_little_maid:toramaru_shou
[04Sep2026 01:47:20.866] [modloading-sync-worker/DEBUG] [touhou_little_maid/ServerCustomPackLoader]: Loaded model info: touhou_little_maid:hijiri_byakuren
[04Sep2026 01:47:20.866] [modloading-sync-worker/DEBUG] [touhou_little_maid/ServerCustomPackLoader]: Loaded model info: touhou_little_maid:houjuu_nue
[04Sep2026 01:47:20.866] [modloading-sync-worker/DEBUG] [touhou_little_maid/ServerCustomPackLoader]: Loaded model info: touhou_little_maid:himekaidou_hatate
[04Sep2026 01:47:20.866] [modloading-sync-worker/DEBUG] [touhou_little_maid/ServerCustomPackLoader]: Loaded model info: touhou_little_maid:kasodani_kyouko
[04Sep2026 01:47:20.866] [modloading-sync-worker/DEBUG] [touhou_little_maid/ServerCustomPackLoader]: Loaded model info: touhou_little_maid:miyako_yoshika
[04Sep2026 01:47:20.866] [modloading-sync-worker/DEBUG] [touhou_little_maid/ServerCustomPackLoader]: Loaded model info: touhou_little_maid:kaku_seiga
[04Sep2026 01:47:20.866] [modloading-sync-worker/DEBUG] [touhou_little_maid/ServerCustomPackLoader]: Loaded model info: touhou_little_maid:mononobe_no_futo
[04Sep2026 01:47:20.866] [modloading-sync-worker/DEBUG] [touhou_little_maid/ServerCustomPackLoader]: Loaded model info: touhou_little_maid:toyosatomimi_no_miko
[04Sep2026 01:47:20.866] [modloading-sync-worker/DEBUG] [touhou_little_maid/ServerCustomPackLoader]: Loaded model info: touhou_little_maid:soga_no_toziko
[04Sep2026 01:47:20.866] [modloading-sync-worker/DEBUG] [touhou_little_maid/ServerCustomPackLoader]: Loaded model info: touhou_little_maid:hata_no_kokoro
[04Sep2026 01:47:20.866] [modloading-sync-worker/DEBUG] [touhou_little_maid/ServerCustomPackLoader]: Loaded model info: touhou_little_maid:hutatsuiwa_mamizou
[04Sep2026 01:47:20.866] [modloading-sync-worker/DEBUG] [touhou_little_maid/ServerCustomPackLoader]: Loaded model info: touhou_little_maid:wakasagihime
[04Sep2026 01:47:20.866] [modloading-sync-worker/DEBUG] [touhou_little_maid/ServerCustomPackLoader]: Loaded model info: touhou_little_maid:sekibanki
[04Sep2026 01:47:20.866] [modloading-sync-worker/DEBUG] [touhou_little_maid/ServerCustomPackLoader]: Loaded model info: touhou_little_maid:imaizumi_kagerou
[04Sep2026 01:47:20.866] [modloading-sync-worker/DEBUG] [touhou_little_maid/ServerCustomPackLoader]: Loaded model info: touhou_little_maid:tsukumo_yatsuhashi
[04Sep2026 01:47:20.866] [modloading-sync-worker/DEBUG] [touhou_little_maid/ServerCustomPackLoader]: Loaded model info: touhou_little_maid:tsukumo_benben
[04Sep2026 01:47:20.866] [modloading-sync-worker/DEBUG] [touhou_little_maid/ServerCustomPackLoader]: Loaded model info: touhou_little_maid:kijin_seija
[04Sep2026 01:47:20.866] [modloading-sync-worker/DEBUG] [touhou_little_maid/ServerCustomPackLoader]: Loaded model info: touhou_little_maid:sukuna_shinmyoumaru
[04Sep2026 01:47:20.866] [modloading-sync-worker/DEBUG] [touhou_little_maid/ServerCustomPackLoader]: Loaded model info: touhou_little_maid:horikawa_raiko
[04Sep2026 01:47:20.866] [modloading-sync-worker/DEBUG] [touhou_little_maid/ServerCustomPackLoader]: Loaded model info: touhou_little_maid:usami_sumireko
[04Sep2026 01:47:20.866] [modloading-sync-worker/DEBUG] [touhou_little_maid/ServerCustomPackLoader]: Loaded model info: touhou_little_maid:seiran
[04Sep2026 01:47:20.866] [modloading-sync-worker/DEBUG] [touhou_little_maid/ServerCustomPackLoader]: Loaded model info: touhou_little_maid:ringo
[04Sep2026 01:47:20.866] [modloading-sync-worker/DEBUG] [touhou_little_maid/ServerCustomPackLoader]: Loaded model info: touhou_little_maid:doremy_sweet
[04Sep2026 01:47:20.866] [modloading-sync-worker/DEBUG] [touhou_little_maid/ServerCustomPackLoader]: Loaded model info: touhou_little_maid:kisin_sagume
[04Sep2026 01:47:20.866] [modloading-sync-worker/DEBUG] [touhou_little_maid/ServerCustomPackLoader]: Loaded model info: touhou_little_maid:clownpiece
[04Sep2026 01:47:20.866] [modloading-sync-worker/DEBUG] [touhou_little_maid/ServerCustomPackLoader]: Loaded model info: touhou_little_maid:junko
[04Sep2026 01:47:20.866] [modloading-sync-worker/DEBUG] [touhou_little_maid/ServerCustomPackLoader]: Loaded model info: touhou_little_maid:hecatia_lapislazuli
[04Sep2026 01:47:20.866] [modloading-sync-worker/DEBUG] [touhou_little_maid/ServerCustomPackLoader]: Loaded model info: touhou_little_maid:yorigami_jyoon
[04Sep2026 01:47:20.866] [modloading-sync-worker/DEBUG] [touhou_little_maid/ServerCustomPackLoader]: Loaded model info: touhou_little_maid:yorigami_shion
[04Sep2026 01:47:20.866] [modloading-sync-worker/DEBUG] [touhou_little_maid/ServerCustomPackLoader]: Loaded model info: touhou_little_maid:eternity_larva
[04Sep2026 01:47:20.866] [modloading-sync-worker/DEBUG] [touhou_little_maid/ServerCustomPackLoader]: Loaded model info: touhou_little_maid:sakata_nemuno
[04Sep2026 01:47:20.866] [modloading-sync-worker/DEBUG] [touhou_little_maid/ServerCustomPackLoader]: Loaded model info: touhou_little_maid:komano_aunn
[04Sep2026 01:47:20.866] [modloading-sync-worker/DEBUG] [touhou_little_maid/ServerCustomPackLoader]: Loaded model info: touhou_little_maid:yatadera_narumi
[04Sep2026 01:47:20.866] [modloading-sync-worker/DEBUG] [touhou_little_maid/ServerCustomPackLoader]: Loaded model info: touhou_little_maid:nishida_satono
[04Sep2026 01:47:20.866] [modloading-sync-worker/DEBUG] [touhou_little_maid/ServerCustomPackLoader]: Loaded model info: touhou_little_maid:teireid_mai
[04Sep2026 01:47:20.866] [modloading-sync-worker/DEBUG] [touhou_little_maid/ServerCustomPackLoader]: Loaded model info: touhou_little_maid:matara_okina
[04Sep2026 01:47:20.866] [modloading-sync-worker/DEBUG] [touhou_little_maid/ServerCustomPackLoader]: Loaded model info: touhou_little_maid:ebisu_eika
[04Sep2026 01:47:20.866] [modloading-sync-worker/DEBUG] [touhou_little_maid/ServerCustomPackLoader]: Loaded model info: touhou_little_maid:ushizaki_urumi
[04Sep2026 01:47:20.866] [modloading-sync-worker/DEBUG] [touhou_little_maid/ServerCustomPackLoader]: Loaded model info: touhou_little_maid:niwatari_kutaka
[04Sep2026 01:47:20.866] [modloading-sync-worker/DEBUG] [touhou_little_maid/ServerCustomPackLoader]: Loaded model info: touhou_little_maid:kitcho_yachie
[04Sep2026 01:47:20.866] [modloading-sync-worker/DEBUG] [touhou_little_maid/ServerCustomPackLoader]: Loaded model info: touhou_little_maid:joutougu_mayumi
[04Sep2026 01:47:20.866] [modloading-sync-worker/DEBUG] [touhou_little_maid/ServerCustomPackLoader]: Loaded model info: touhou_little_maid:haniyasushin_keiki
[04Sep2026 01:47:20.866] [modloading-sync-worker/DEBUG] [touhou_little_maid/ServerCustomPackLoader]: Loaded model info: touhou_little_maid:kurokoma_saki
[04Sep2026 01:47:20.866] [modloading-sync-worker/DEBUG] [touhou_little_maid/ServerCustomPackLoader]: Loaded model info: touhou_little_maid:toutetsu_yuma
[04Sep2026 01:47:20.866] [modloading-sync-worker/DEBUG] [touhou_little_maid/ServerCustomPackLoader]: Loaded model info: touhou_little_maid:goutokuzi_mike
[04Sep2026 01:47:20.866] [modloading-sync-worker/DEBUG] [touhou_little_maid/ServerCustomPackLoader]: Loaded model info: touhou_little_maid:yamashiro_takane
[04Sep2026 01:47:20.866] [modloading-sync-worker/DEBUG] [touhou_little_maid/ServerCustomPackLoader]: Loaded model info: touhou_little_maid:komakusa_sannyo
[04Sep2026 01:47:20.866] [modloading-sync-worker/DEBUG] [touhou_little_maid/ServerCustomPackLoader]: Loaded model info: touhou_little_maid:tamatsukuri_misumaru
[04Sep2026 01:47:20.866] [modloading-sync-worker/DEBUG] [touhou_little_maid/ServerCustomPackLoader]: Loaded model info: touhou_little_maid:kudamaki_tsukasa
[04Sep2026 01:47:20.866] [modloading-sync-worker/DEBUG] [touhou_little_maid/ServerCustomPackLoader]: Loaded model info: touhou_little_maid:iizunamaru_megumu
[04Sep2026 01:47:20.866] [modloading-sync-worker/DEBUG] [touhou_little_maid/ServerCustomPackLoader]: Loaded model info: touhou_little_maid:tenkyu_chimata
[04Sep2026 01:47:20.866] [modloading-sync-worker/DEBUG] [touhou_little_maid/ServerCustomPackLoader]: Loaded model info: touhou_little_maid:himemushi_momoyo
[04Sep2026 01:47:20.866] [modloading-sync-worker/DEBUG] [touhou_little_maid/ServerCustomPackLoader]: Loaded model info: touhou_little_maid:son_biten
[04Sep2026 01:47:20.866] [modloading-sync-worker/DEBUG] [touhou_little_maid/ServerCustomPackLoader]: Loaded model info: touhou_little_maid:mitsugashira_enoko
[04Sep2026 01:47:20.866] [modloading-sync-worker/DEBUG] [touhou_little_maid/ServerCustomPackLoader]: Loaded model info: touhou_little_maid:tenkajin_chiyari
[04Sep2026 01:47:20.866] [modloading-sync-worker/DEBUG] [touhou_little_maid/ServerCustomPackLoader]: Loaded model info: touhou_little_maid:yomotsu_hisami
[04Sep2026 01:47:20.866] [modloading-sync-worker/DEBUG] [touhou_little_maid/ServerCustomPackLoader]: Loaded model info: touhou_little_maid:nippaku_zanmu
[04Sep2026 01:47:20.866] [modloading-sync-worker/DEBUG] [touhou_little_maid/ServerCustomPackLoader]: Loaded model info: touhou_little_maid:ubame_chirizuka
[04Sep2026 01:47:20.866] [modloading-sync-worker/DEBUG] [touhou_little_maid/ServerCustomPackLoader]: Loaded model info: touhou_little_maid:chimi_houjuu
[04Sep2026 01:47:20.866] [modloading-sync-worker/DEBUG] [touhou_little_maid/ServerCustomPackLoader]: Loaded model info: touhou_little_maid:nareko_michigami
[04Sep2026 01:47:20.866] [modloading-sync-worker/DEBUG] [touhou_little_maid/ServerCustomPackLoader]: Loaded model info: touhou_little_maid:yuiman_asama
[04Sep2026 01:47:20.866] [modloading-sync-worker/DEBUG] [touhou_little_maid/ServerCustomPackLoader]: Loaded model info: touhou_little_maid:ariya_iwanaga
[04Sep2026 01:47:20.866] [modloading-sync-worker/DEBUG] [touhou_little_maid/ServerCustomPackLoader]: Loaded model info: touhou_little_maid:watari_nina
[04Sep2026 01:47:20.866] [modloading-sync-worker/DEBUG] [touhou_little_maid/ServerCustomPackLoader]: Loaded model info: touhou_little_maid:morichika_rinnosuke
[04Sep2026 01:47:20.866] [modloading-sync-worker/DEBUG] [touhou_little_maid/ServerCustomPackLoader]: Loaded model info: touhou_little_maid:tokiko
[04Sep2026 01:47:20.866] [modloading-sync-worker/DEBUG] [touhou_little_maid/ServerCustomPackLoader]: Loaded model info: touhou_little_maid:sunny_milk
[04Sep2026 01:47:20.866] [modloading-sync-worker/DEBUG] [touhou_little_maid/ServerCustomPackLoader]: Loaded model info: touhou_little_maid:luna_child
[04Sep2026 01:47:20.866] [modloading-sync-worker/DEBUG] [touhou_little_maid/ServerCustomPackLoader]: Loaded model info: touhou_little_maid:star_sapphire
[04Sep2026 01:47:20.866] [modloading-sync-worker/DEBUG] [touhou_little_maid/ServerCustomPackLoader]: Loaded model info: touhou_little_maid:watatsuki_no_toyohime
[04Sep2026 01:47:20.866] [modloading-sync-worker/DEBUG] [touhou_little_maid/ServerCustomPackLoader]: Loaded model info: touhou_little_maid:watatsuki_no_yorihime
[04Sep2026 01:47:20.866] [modloading-sync-worker/DEBUG] [touhou_little_maid/ServerCustomPackLoader]: Loaded model info: touhou_little_maid:reisen
[04Sep2026 01:47:20.866] [modloading-sync-worker/DEBUG] [touhou_little_maid/ServerCustomPackLoader]: Loaded model info: touhou_little_maid:hieda_no_akyuu
[04Sep2026 01:47:20.866] [modloading-sync-worker/DEBUG] [touhou_little_maid/ServerCustomPackLoader]: Loaded model info: touhou_little_maid:ibaraki_kasen
[04Sep2026 01:47:20.866] [modloading-sync-worker/DEBUG] [touhou_little_maid/ServerCustomPackLoader]: Loaded model info: touhou_little_maid:ibaraki_kasen_2
[04Sep2026 01:47:20.866] [modloading-sync-worker/DEBUG] [touhou_little_maid/ServerCustomPackLoader]: Loaded model info: touhou_little_maid:motoori_kosuzu
[04Sep2026 01:47:20.866] [modloading-sync-worker/DEBUG] [touhou_little_maid/ServerCustomPackLoader]: Loaded model info: touhou_little_maid:miyadeguchi_mizuchi
[04Sep2026 01:47:20.866] [modloading-sync-worker/DEBUG] [touhou_little_maid/ServerCustomPackLoader]: Loaded model info: touhou_little_maid:miyoi_okunoda
[04Sep2026 01:47:20.866] [modloading-sync-worker/DEBUG] [touhou_little_maid/ServerCustomPackLoader]: Loaded model info: touhou_little_maid:usami_renko
[04Sep2026 01:47:20.866] [modloading-sync-worker/DEBUG] [touhou_little_maid/ServerCustomPackLoader]: Loaded model info: touhou_little_maid:maribel_hearn
[04Sep2026 01:47:20.866] [modloading-sync-worker/DEBUG] [touhou_little_maid/ServerCustomPackLoader]: Loaded model info: touhou_little_maid:satsuki_rin
[04Sep2026 01:47:20.866] [modloading-sync-worker/DEBUG] [touhou_little_maid/ServerCustomPackLoader]: Touhou little maid mod's model is loaded
[04Sep2026 01:47:20.866] [modloading-sync-worker/DEBUG] [touhou_little_maid/ServerCustomPackLoader]: Touhou little maid mod's model is loading...
[04Sep2026 01:47:20.867] [modloading-sync-worker/DEBUG] [touhou_little_maid/ServerCustomPackLoader]: Loaded model info: touhou_little_maid:cushion
[04Sep2026 01:47:20.867] [modloading-sync-worker/DEBUG] [touhou_little_maid/ServerCustomPackLoader]: Loaded model info: touhou_little_maid:class_desk
[04Sep2026 01:47:20.867] [modloading-sync-worker/DEBUG] [touhou_little_maid/ServerCustomPackLoader]: Loaded model info: touhou_little_maid:class_chair
[04Sep2026 01:47:20.867] [modloading-sync-worker/DEBUG] [touhou_little_maid/ServerCustomPackLoader]: Loaded model info: touhou_little_maid:kotatsu
[04Sep2026 01:47:20.867] [modloading-sync-worker/DEBUG] [touhou_little_maid/ServerCustomPackLoader]: Loaded model info: touhou_little_maid:play_station
[04Sep2026 01:47:20.867] [modloading-sync-worker/DEBUG] [touhou_little_maid/ServerCustomPackLoader]: Loaded model info: touhou_little_maid:tall_stool
[04Sep2026 01:47:20.867] [modloading-sync-worker/DEBUG] [touhou_little_maid/ServerCustomPackLoader]: Loaded model info: touhou_little_maid:low_stool
[04Sep2026 01:47:20.867] [modloading-sync-worker/DEBUG] [touhou_little_maid/ServerCustomPackLoader]: Loaded model info: touhou_little_maid:barbecue_booth
[04Sep2026 01:47:20.867] [modloading-sync-worker/DEBUG] [touhou_little_maid/ServerCustomPackLoader]: Loaded model info: touhou_little_maid:barbecue_booth_2
[04Sep2026 01:47:20.867] [modloading-sync-worker/DEBUG] [touhou_little_maid/ServerCustomPackLoader]: Loaded model info: touhou_little_maid:long_stool
[04Sep2026 01:47:20.867] [modloading-sync-worker/DEBUG] [touhou_little_maid/ServerCustomPackLoader]: Loaded model info: touhou_little_maid:square_table
[04Sep2026 01:47:20.867] [modloading-sync-worker/DEBUG] [touhou_little_maid/ServerCustomPackLoader]: Loaded model info: touhou_little_maid:mahjong_table
[04Sep2026 01:47:20.867] [modloading-sync-worker/DEBUG] [touhou_little_maid/ServerCustomPackLoader]: Loaded model info: touhou_little_maid:beach_chair
[04Sep2026 01:47:20.867] [modloading-sync-worker/DEBUG] [touhou_little_maid/ServerCustomPackLoader]: Loaded model info: touhou_little_maid:parasol
[04Sep2026 01:47:20.867] [modloading-sync-worker/DEBUG] [touhou_little_maid/ServerCustomPackLoader]: Loaded model info: touhou_little_maid:water_wheel
[04Sep2026 01:47:20.867] [modloading-sync-worker/DEBUG] [touhou_little_maid/ServerCustomPackLoader]: Loaded model info: touhou_little_maid:saisen_bako
[04Sep2026 01:47:20.867] [modloading-sync-worker/DEBUG] [touhou_little_maid/ServerCustomPackLoader]: Loaded model info: touhou_little_maid:well
[04Sep2026 01:47:20.867] [modloading-sync-worker/DEBUG] [touhou_little_maid/ServerCustomPackLoader]: Loaded model info: touhou_little_maid:torii
[04Sep2026 01:47:20.867] [modloading-sync-worker/DEBUG] [touhou_little_maid/ServerCustomPackLoader]: Loaded model info: touhou_little_maid:torii_2
[04Sep2026 01:47:20.867] [modloading-sync-worker/DEBUG] [touhou_little_maid/ServerCustomPackLoader]: Loaded model info: touhou_little_maid:torii_3
[04Sep2026 01:47:20.867] [modloading-sync-worker/DEBUG] [touhou_little_maid/ServerCustomPackLoader]: Loaded model info: touhou_little_maid:ema
[04Sep2026 01:47:20.867] [modloading-sync-worker/DEBUG] [touhou_little_maid/ServerCustomPackLoader]: Loaded model info: touhou_little_maid:anti_collision_bucket
[04Sep2026 01:47:20.867] [modloading-sync-worker/DEBUG] [touhou_little_maid/ServerCustomPackLoader]: Loaded model info: touhou_little_maid:park_bench
[04Sep2026 01:47:20.867] [modloading-sync-worker/DEBUG] [touhou_little_maid/ServerCustomPackLoader]: Loaded model info: touhou_little_maid:rinnosuke_children_toys
[04Sep2026 01:47:20.867] [modloading-sync-worker/DEBUG] [touhou_little_maid/ServerCustomPackLoader]: Loaded model info: touhou_little_maid:moto
[04Sep2026 01:47:20.867] [modloading-sync-worker/DEBUG] [touhou_little_maid/ServerCustomPackLoader]: Loaded model info: touhou_little_maid:bowl
[04Sep2026 01:47:20.867] [modloading-sync-worker/DEBUG] [touhou_little_maid/ServerCustomPackLoader]: Loaded model info: touhou_little_maid:lucky_cat_2m
[04Sep2026 01:47:20.867] [modloading-sync-worker/DEBUG] [touhou_little_maid/ServerCustomPackLoader]: Loaded model info: touhou_little_maid:yumemi_strawberry_milk
[04Sep2026 01:47:20.867] [modloading-sync-worker/DEBUG] [touhou_little_maid/ServerCustomPackLoader]: Loaded model info: touhou_little_maid:crystalizedsuns_moms_tombstone
[04Sep2026 01:47:20.867] [modloading-sync-worker/DEBUG] [touhou_little_maid/ServerCustomPackLoader]: Loaded model info: touhou_little_maid:legendary_pig_man
[04Sep2026 01:47:20.867] [modloading-sync-worker/DEBUG] [touhou_little_maid/ServerCustomPackLoader]: Loaded model info: touhou_little_maid:head_of_academycraft
[04Sep2026 01:47:20.867] [modloading-sync-worker/DEBUG] [touhou_little_maid/ServerCustomPackLoader]: Loaded model info: touhou_little_maid:fogg05
[04Sep2026 01:47:20.867] [modloading-sync-worker/DEBUG] [touhou_little_maid/ServerCustomPackLoader]: Loaded model info: touhou_little_maid:native_drum
[04Sep2026 01:47:20.867] [modloading-sync-worker/DEBUG] [touhou_little_maid/ServerCustomPackLoader]: Touhou little maid mod's model is loaded
[04Sep2026 01:47:20.867] [modloading-sync-worker/DEBUG] [touhou_little_maid/ServerCustomPackLoader]: Touhou little maid mod's model is loading...
[04Sep2026 01:47:20.868] [modloading-sync-worker/DEBUG] [touhou_little_maid/ServerCustomPackLoader]: Loaded model info: authors_and_credits:wine_fox_maid
[04Sep2026 01:47:20.868] [modloading-sync-worker/DEBUG] [touhou_little_maid/ServerCustomPackLoader]: Loaded model info: authors_and_credits:wine_fox_taisho
[04Sep2026 01:47:20.868] [modloading-sync-worker/DEBUG] [touhou_little_maid/ServerCustomPackLoader]: Loaded model info: authors_and_credits:sazuki
[04Sep2026 01:47:20.868] [modloading-sync-worker/DEBUG] [touhou_little_maid/ServerCustomPackLoader]: Loaded model info: authors_and_credits:pajinyi
[04Sep2026 01:47:20.868] [modloading-sync-worker/DEBUG] [touhou_little_maid/ServerCustomPackLoader]: Loaded model info: authors_and_credits:fledge
[04Sep2026 01:47:20.868] [modloading-sync-worker/DEBUG] [touhou_little_maid/ServerCustomPackLoader]: Loaded model info: authors_and_credits:clocklalier
[04Sep2026 01:47:20.868] [modloading-sync-worker/DEBUG] [touhou_little_maid/ServerCustomPackLoader]: Loaded model info: authors_and_credits:cyra
[04Sep2026 01:47:20.868] [modloading-sync-worker/DEBUG] [touhou_little_maid/ServerCustomPackLoader]: Loaded model info: authors_and_credits:cyra_b2eb6fe570df68d353aa9d07b127b902
[04Sep2026 01:47:20.868] [modloading-sync-worker/DEBUG] [touhou_little_maid/ServerCustomPackLoader]: Loaded model info: authors_and_credits:cyra_pow_wow
[04Sep2026 01:47:20.868] [modloading-sync-worker/DEBUG] [touhou_little_maid/ServerCustomPackLoader]: Loaded model info: authors_and_credits:mory_chan
[04Sep2026 01:47:20.868] [modloading-sync-worker/DEBUG] [touhou_little_maid/ServerCustomPackLoader]: Loaded model info: authors_and_credits:flower_candy
[04Sep2026 01:47:20.868] [modloading-sync-worker/DEBUG] [touhou_little_maid/ServerCustomPackLoader]: Touhou little maid mod's model is loaded
[04Sep2026 01:47:20.868] [modloading-sync-worker/DEBUG] [touhou_little_maid/ServerCustomPackLoader]: Touhou little maid mod's model is loading...
[04Sep2026 01:47:20.868] [modloading-sync-worker/DEBUG] [touhou_little_maid/ServerCustomPackLoader]: Touhou little maid mod's model is loading...
[04Sep2026 01:47:20.869] [modloading-sync-worker/DEBUG] [touhou_little_maid/ServerCustomPackLoader]: Loaded model info: geckolib:winefox
[04Sep2026 01:47:20.869] [modloading-sync-worker/DEBUG] [touhou_little_maid/ServerCustomPackLoader]: Loaded model info: geckolib:winefox_blue
[04Sep2026 01:47:20.869] [modloading-sync-worker/DEBUG] [touhou_little_maid/ServerCustomPackLoader]: Loaded model info: geckolib:winefox_nine_tailed
[04Sep2026 01:47:20.869] [modloading-sync-worker/DEBUG] [touhou_little_maid/ServerCustomPackLoader]: Loaded model info: geckolib:winefox_nine_tailed_f609258f13252f11c3f44051b51f93c4
[04Sep2026 01:47:20.869] [modloading-sync-worker/DEBUG] [touhou_little_maid/ServerCustomPackLoader]: Loaded model info: geckolib:winefox_hanfu
[04Sep2026 01:47:20.869] [modloading-sync-worker/DEBUG] [touhou_little_maid/ServerCustomPackLoader]: Loaded model info: geckolib:winefox_new_year
[04Sep2026 01:47:20.869] [modloading-sync-worker/DEBUG] [touhou_little_maid/ServerCustomPackLoader]: Loaded model info: geckolib:winefox_jk
[04Sep2026 01:47:20.869] [modloading-sync-worker/DEBUG] [touhou_little_maid/ServerCustomPackLoader]: Loaded model info: geckolib:winefox_astronaut
[04Sep2026 01:47:20.869] [modloading-sync-worker/DEBUG] [touhou_little_maid/ServerCustomPackLoader]: Loaded model info: geckolib:winefox_kongfu
[04Sep2026 01:47:20.869] [modloading-sync-worker/DEBUG] [touhou_little_maid/ServerCustomPackLoader]: Loaded model info: geckolib:winefox_kongfu_163d46bab6d00d2e2910d32b83c7de53
[04Sep2026 01:47:20.869] [modloading-sync-worker/DEBUG] [touhou_little_maid/ServerCustomPackLoader]: Loaded model info: geckolib:winefox_kongfu_9dcb55de5689ffa419d9009d3eb82cac
[04Sep2026 01:47:20.869] [modloading-sync-worker/DEBUG] [touhou_little_maid/ServerCustomPackLoader]: Loaded model info: geckolib:winefox_kongfu_a4dbe4e83a24193e1005a40204c415ac
[04Sep2026 01:47:20.869] [modloading-sync-worker/DEBUG] [touhou_little_maid/ServerCustomPackLoader]: Loaded model info: geckolib:winefox_kongfu_538780bcc09da2d92795797b65aefe87
[04Sep2026 01:47:20.869] [modloading-sync-worker/DEBUG] [touhou_little_maid/ServerCustomPackLoader]: Loaded model info: geckolib:winefox_kongfu_15030e12f688c8163573af95dc4c6728
[04Sep2026 01:47:20.869] [modloading-sync-worker/DEBUG] [touhou_little_maid/ServerCustomPackLoader]: Loaded model info: geckolib:winefox_magical
[04Sep2026 01:47:20.869] [modloading-sync-worker/DEBUG] [touhou_little_maid/ServerCustomPackLoader]: Loaded model info: geckolib:winefox_magical_a12dc19190c076d8d24aff8714515c8e
[04Sep2026 01:47:20.869] [modloading-sync-worker/DEBUG] [touhou_little_maid/ServerCustomPackLoader]: Loaded model info: geckolib:winefox_magical_b073380075f0d30ea8bbcde8566f825e
[04Sep2026 01:47:20.869] [modloading-sync-worker/DEBUG] [touhou_little_maid/ServerCustomPackLoader]: Loaded model info: geckolib:winefox_magical_3b7aba412b5ededbab0780e258207bf0
[04Sep2026 01:47:20.869] [modloading-sync-worker/DEBUG] [touhou_little_maid/ServerCustomPackLoader]: Loaded model info: geckolib:winefox_magical_38ffa7d8d6f062b86c6bf88ac47a4c73
[04Sep2026 01:47:20.869] [modloading-sync-worker/DEBUG] [touhou_little_maid/ServerCustomPackLoader]: Loaded model info: geckolib:winefox_magical_7952f4718991f317b2f11926a90cbd10
[04Sep2026 01:47:20.869] [modloading-sync-worker/DEBUG] [touhou_little_maid/ServerCustomPackLoader]: Loaded model info: geckolib:winefox_saint
[04Sep2026 01:47:20.869] [modloading-sync-worker/DEBUG] [touhou_little_maid/ServerCustomPackLoader]: Loaded model info: geckolib:winefox_saint_c4f14815c46c13e6eb3d82ba88ed2f96
[04Sep2026 01:47:20.869] [modloading-sync-worker/DEBUG] [touhou_little_maid/ServerCustomPackLoader]: Loaded model info: geckolib:winefox_elf
[04Sep2026 01:47:20.869] [modloading-sync-worker/DEBUG] [touhou_little_maid/ServerCustomPackLoader]: Loaded model info: geckolib:winefox_salesperson
[04Sep2026 01:47:20.869] [modloading-sync-worker/DEBUG] [touhou_little_maid/ServerCustomPackLoader]: Loaded model info: geckolib:winefox_salesperson_84961723c2751ef4c6b9a0f8596f95cc
[04Sep2026 01:47:20.869] [modloading-sync-worker/DEBUG] [touhou_little_maid/ServerCustomPackLoader]: Loaded model info: geckolib:winefox_little
[04Sep2026 01:47:20.869] [modloading-sync-worker/DEBUG] [touhou_little_maid/ServerCustomPackLoader]: Loaded model info: geckolib:winefox_matured
[04Sep2026 01:47:20.869] [modloading-sync-worker/DEBUG] [touhou_little_maid/ServerCustomPackLoader]: Loaded model info: geckolib:winefox_momo
[04Sep2026 01:47:20.869] [modloading-sync-worker/DEBUG] [touhou_little_maid/ServerCustomPackLoader]: Loaded model info: geckolib:winefox_momo_897c13175aa632e673b32ed45ffd4961
[04Sep2026 01:47:20.869] [modloading-sync-worker/DEBUG] [touhou_little_maid/ServerCustomPackLoader]: Loaded model info: geckolib:winefox_wedding
[04Sep2026 01:47:20.869] [modloading-sync-worker/DEBUG] [touhou_little_maid/ServerCustomPackLoader]: Loaded model info: geckolib:winefox_tactics
[04Sep2026 01:47:20.869] [modloading-sync-worker/DEBUG] [touhou_little_maid/ServerCustomPackLoader]: Loaded model info: geckolib:winefox_mini
[04Sep2026 01:47:20.869] [modloading-sync-worker/DEBUG] [touhou_little_maid/ServerCustomPackLoader]: Loaded model info: geckolib:winefox_survivor
[04Sep2026 01:47:20.869] [modloading-sync-worker/DEBUG] [touhou_little_maid/ServerCustomPackLoader]: Loaded model info: geckolib:sta
[04Sep2026 01:47:20.869] [modloading-sync-worker/DEBUG] [touhou_little_maid/ServerCustomPackLoader]: Loaded model info: geckolib:zhiban
[04Sep2026 01:47:20.869] [modloading-sync-worker/DEBUG] [touhou_little_maid/ServerCustomPackLoader]: Loaded model info: geckolib:zhiban_hanfu
[04Sep2026 01:47:20.869] [modloading-sync-worker/DEBUG] [touhou_little_maid/ServerCustomPackLoader]: Loaded model info: geckolib:zhiban_new_year
[04Sep2026 01:47:20.869] [modloading-sync-worker/DEBUG] [touhou_little_maid/ServerCustomPackLoader]: Loaded model info: geckolib:hailuo_new_year
[04Sep2026 01:47:20.869] [modloading-sync-worker/DEBUG] [touhou_little_maid/ServerCustomPackLoader]: Loaded model info: geckolib:kluonoa
[04Sep2026 01:47:20.869] [modloading-sync-worker/DEBUG] [touhou_little_maid/ServerCustomPackLoader]: Loaded model info: geckolib:foxmaid
[04Sep2026 01:47:20.869] [modloading-sync-worker/DEBUG] [touhou_little_maid/ServerCustomPackLoader]: Loaded model info: geckolib:rice_cake_fox
[04Sep2026 01:47:20.869] [modloading-sync-worker/DEBUG] [touhou_little_maid/ServerCustomPackLoader]: Touhou little maid mod's model is loaded
[04Sep2026 01:47:20.897] [NeoForge Version Check/INFO] [net.neoforged.fml.VersionChecker/]: [gravestone] Starting version check at https://update.maxhenkel.de/neoforge/gravestone
[04Sep2026 01:47:20.919] [modloading-sync-worker/DEBUG] [touhou_little_maid/ServerCustomPackLoader]: Touhou little maid mod's model is loading...
[04Sep2026 01:47:20.920] [modloading-sync-worker/DEBUG] [touhou_little_maid/ServerCustomPackLoader]: Loaded model info: geckolib:qingluka
[04Sep2026 01:47:20.920] [modloading-sync-worker/DEBUG] [touhou_little_maid/ServerCustomPackLoader]: Touhou little maid mod's model is loaded
[04Sep2026 01:47:20.920] [modloading-sync-worker/DEBUG] [touhou_little_maid/ServerCustomPackLoader]: Touhou little maid mod's model is loading...
[04Sep2026 01:47:20.920] [modloading-sync-worker/DEBUG] [touhou_little_maid/ServerCustomPackLoader]: Touhou little maid mod's model is loading...
[04Sep2026 01:47:21.041] [modloading-sync-worker/DEBUG] [net.neoforged.fml.DeferredWorkQueue/LOADING]: Synchronous work queue completed in 207.1 ms
[04Sep2026 01:47:21.074] [modloading-sync-worker/DEBUG] [net.neoforged.fml.DeferredWorkQueue/LOADING]: Dispatching synchronous work for work queue Enqueue IMC: 11 jobs
[04Sep2026 01:47:21.086] [modloading-sync-worker/DEBUG] [net.neoforged.fml.DeferredWorkQueue/LOADING]: Synchronous work queue completed in 11.96 ms
[04Sep2026 01:47:21.115] [modloading-worker-0/INFO] [snownee.jade.Jade/]: Start loading plugin from snownee.jade.addon.vanilla.VanillaPlugin
[04Sep2026 01:47:21.130] [modloading-worker-0/INFO] [snownee.jade.Jade/]: Start loading plugin from snownee.jade.addon.universal.UniversalPlugin
[04Sep2026 01:47:21.133] [modloading-worker-0/INFO] [snownee.jade.Jade/]: Start loading plugin from snownee.jade.addon.debug.DebugPlugin
[04Sep2026 01:47:21.134] [modloading-worker-0/INFO] [snownee.jade.Jade/]: Start loading plugin from snownee.jade.addon.core.CorePlugin
[04Sep2026 01:47:21.134] [modloading-worker-0/INFO] [snownee.jade.Jade/]: Start loading plugin from snownee.jade.addon.access.AccessibilityPlugin
[04Sep2026 01:47:21.135] [modloading-worker-0/INFO] [snownee.jade.Jade/]: Start loading plugin from com.teamtea.eclipticseasons.compat.jade.JadeCompact
[04Sep2026 01:47:21.135] [modloading-worker-0/INFO] [snownee.jade.Jade/]: Start loading plugin from com.github.tartaricacid.touhoulittlemaid.compat.jade.JadePlugin
[04Sep2026 01:47:21.136] [modloading-worker-0/INFO] [snownee.jade.Jade/]: Start loading plugin from de.maxhenkel.gravestone.integration.waila.PluginGraveStone
[04Sep2026 01:47:21.137] [modloading-worker-0/INFO] [snownee.jade.Jade/]: Start loading plugin from studio.fantasyit.maid_storage_manager.integration.jade.JadePlugin
[04Sep2026 01:47:21.144] [modloading-sync-worker/DEBUG] [net.neoforged.fml.DeferredWorkQueue/LOADING]: Dispatching synchronous work for work queue Complete loading of 34 mods: 1 jobs
[04Sep2026 01:47:21.166] [modloading-sync-worker/DEBUG] [net.neoforged.fml.DeferredWorkQueue/LOADING]: Synchronous work queue completed in 21.38 ms
[04Sep2026 01:47:21.458] [main/INFO] [com.mojang.authlib.yggdrasil.YggdrasilAuthenticationService/]: Environment: Environment[sessionHost=https://sessionserver.mojang.com, servicesHost=https://api.minecraftservices.com, name=PROD]
[04Sep2026 01:47:21.496] [main/DEBUG] [mixin/]: Mixing perf.dynamic_dfu.DataFixTypesMixin from modernfix-modernfix.mixins.json into net.minecraft.util.datafix.DataFixTypes
[04Sep2026 01:47:21.498] [main/DEBUG] [mixin/]: modernfix-modernfix.mixins.json:perf.dynamic_dfu.DataFixTypesMixin from mod modernfix->@Inject::kickOnUpdate(Lcom/mojang/datafixers/DataFixer;Lcom/mojang/serialization/Dynamic;IILorg/spongepowered/asm/mixin/injection/callback/CallbackInfoReturnable;)V doesn't use it's CallbackInfoReturnable
[04Sep2026 01:47:21.523] [main/DEBUG] [mixin/]: Mixing VanillaPackResourcesAccessor from creativecore.mixins.json into net.minecraft.server.packs.VanillaPackResources
[04Sep2026 01:47:21.525] [main/WARN] [net.minecraft.server.packs.VanillaPackResourcesBuilder/]: Assets URL 'union:/home/ms33/servidor_neo/libraries/net/minecraft/server/1.21.1-20240808.144430/server-1.21.1-20240808.144430-srg.jar%23148!/assets/.mcassetsroot' uses unexpected schema
[04Sep2026 01:47:21.525] [main/WARN] [net.minecraft.server.packs.VanillaPackResourcesBuilder/]: Assets URL 'union:/home/ms33/servidor_neo/libraries/net/minecraft/server/1.21.1-20240808.144430/server-1.21.1-20240808.144430-srg.jar%23148!/data/.mcassetsroot' uses unexpected schema
[04Sep2026 01:47:21.534] [main/DEBUG] [mixin/]: Mixing perf.encoder_cache_leak.ReloadableServerResourcesMixin from modernfix-modernfix.mixins.json into net.minecraft.server.ReloadableServerResources
[04Sep2026 01:47:21.534] [main/DEBUG] [mixin/]: Renaming synthetic method lambda$resetEncoderCache$0(Lnet/minecraft/server/ReloadableServerResources;Ljava/lang/Throwable;)V to mddff919$modernfix$lambda$resetEncoderCache$0$0 in modernfix-modernfix.mixins.json:perf.encoder_cache_leak.ReloadableServerResourcesMixin from mod modernfix
[04Sep2026 01:47:21.534] [main/DEBUG] [mixin/]: Mixing WorldRecipeLoaderMixin from maid_storage_manager.mixins.json into net.minecraft.server.ReloadableServerResources
[04Sep2026 01:47:21.534] [main/DEBUG] [mixin/]: maid_storage_manager.mixins.json:WorldRecipeLoaderMixin from mod maid_storage_manager: Class version 65 required is higher than the class version supported by the current version of Mixin (JAVA_8 supports class version 52)
[04Sep2026 01:47:21.536] [main/DEBUG] [mixin/]: maid_storage_manager.mixins.json:WorldRecipeLoaderMixin from mod maid_storage_manager->@Inject::load(Lorg/spongepowered/asm/mixin/injection/callback/CallbackInfo;)V doesn't use it's CallbackInfo
[04Sep2026 01:47:21.536] [main/DEBUG] [mixin/]: maid_storage_manager.mixins.json:WorldRecipeLoaderMixin from mod maid_storage_manager->@Inject::load(Lorg/spongepowered/asm/mixin/injection/callback/CallbackInfo;)V has 0 override(s) in child classes
[04Sep2026 01:47:21.536] [main/DEBUG] [mixin/]: maid_storage_manager.mixins.json:WorldRecipeLoaderMixin from mod maid_storage_manager->@Inject::load(Lorg/spongepowered/asm/mixin/injection/callback/CallbackInfo;)V won't be passed a CallbackInfo as a result
[04Sep2026 01:47:21.538] [main/DEBUG] [mixin/]: Mixing feature.measure_time.WorldLoaderMixin from modernfix-modernfix.mixins.json into net.minecraft.server.WorldLoader
[04Sep2026 01:47:21.538] [main/DEBUG] [mixin/]: Renaming synthetic method lambda$finishStopwatch$0(Lcom/google/common/base/Stopwatch;Ljava/lang/Object;Ljava/lang/Throwable;)V to mddff919$modernfix$lambda$finishStopwatch$0$0 in modernfix-modernfix.mixins.json:feature.measure_time.WorldLoaderMixin from mod modernfix
[04Sep2026 01:47:21.538] [main/DEBUG] [mixin/]: Mixing core.WorldLoaderMixin from modernfix-modernfix.mixins.json into net.minecraft.server.WorldLoader
[04Sep2026 01:47:21.539] [main/DEBUG] [mixin/]: Renaming synthetic method lambda$trackEndReload$0(Ljava/lang/Object;)Ljava/lang/Object; to mddff919$modernfix$lambda$trackEndReload$0$1 in modernfix-modernfix.mixins.json:core.WorldLoaderMixin from mod modernfix
[04Sep2026 01:47:21.540] [main/DEBUG] [mixin/]: modernfix-modernfix.mixins.json:feature.measure_time.WorldLoaderMixin from mod modernfix->@Inject::startStopwatch(Lorg/spongepowered/asm/mixin/injection/callback/CallbackInfoReturnable;)V doesn't use it's CallbackInfoReturnable
[04Sep2026 01:47:21.540] [main/DEBUG] [mixin/]: modernfix-modernfix.mixins.json:core.WorldLoaderMixin from mod modernfix->@Inject::trackStartReload(Lorg/spongepowered/asm/mixin/injection/callback/CallbackInfoReturnable;)V doesn't use it's CallbackInfoReturnable
[04Sep2026 01:47:21.554] [main/DEBUG] [mixin/]: Mixing PathPackResourcesAccessor from creativecore.mixins.json into net.minecraft.server.packs.PathPackResources
[04Sep2026 01:47:21.554] [main/DEBUG] [mixin/]: Mixing perf.resourcepacks.PathPackResourcesMixin from modernfix-modernfix.mixins.json into net.minecraft.server.packs.PathPackResources
[04Sep2026 01:47:21.555] [main/DEBUG] [mixin/]: Renaming synthetic method lambda$generateResourceCache$0(Lnet/minecraft/server/packs/PackType;)Ljava/nio/file/Path; to mddff919$modernfix$lambda$generateResourceCache$0$0 in modernfix-modernfix.mixins.json:perf.resourcepacks.PathPackResourcesMixin from mod modernfix
[04Sep2026 01:47:21.557] [main/DEBUG] [mixin/]: modernfix-modernfix.mixins.json:perf.resourcepacks.PathPackResourcesMixin from mod modernfix->@Inject::cacheResources(Lnet/minecraft/server/packs/PackLocationInfo;Ljava/nio/file/Path;Lorg/spongepowered/asm/mixin/injection/callback/CallbackInfo;)V doesn't use it's CallbackInfo
[04Sep2026 01:47:21.557] [main/DEBUG] [mixin/]: modernfix-modernfix.mixins.json:perf.resourcepacks.PathPackResourcesMixin from mod modernfix->@Inject::cacheResources(Lnet/minecraft/server/packs/PackLocationInfo;Ljava/nio/file/Path;Lorg/spongepowered/asm/mixin/injection/callback/CallbackInfo;)V has 0 override(s) in child classes
[04Sep2026 01:47:21.557] [main/DEBUG] [mixin/]: modernfix-modernfix.mixins.json:perf.resourcepacks.PathPackResourcesMixin from mod modernfix->@Inject::cacheResources(Lnet/minecraft/server/packs/PackLocationInfo;Ljava/nio/file/Path;Lorg/spongepowered/asm/mixin/injection/callback/CallbackInfo;)V won't be passed a CallbackInfo as a result
[04Sep2026 01:47:21.608] [main/DEBUG] [tacz/]: Skipping unchanged exported resource /home/ms33/servidor_neo/tacz/tacz_default_gun
[04Sep2026 01:47:21.608] [main/INFO] [tacz/GunPackFinder]: Start scanning for gun packs in /home/ms33/servidor_neo/tacz
[04Sep2026 01:47:21.609] [main/INFO] [tacz/GunPackFinder]: - tacz_default_gun, Main namespace: tacz
[04Sep2026 01:47:21.609] [main/INFO] [tacz/GunPackFinder]: Found 1 possible gunpack(s) and added them to resource set.
[04Sep2026 01:47:21.739] [NeoForge Version Check/DEBUG] [net.neoforged.fml.VersionChecker/]: [gravestone] Received version check data:
{"1.20.2":{"1.20.2-1.0.10":"Improved mod icon"},"1.21.1":{"1.21.1-1.0.40":"Fixed obituary screen alignment"},"1.21":{"1.21-1.0.19":"Fixed error when stopping server"},"26.1.1":{"1.0.36+26.1.1":"Re-added jade support"},"26.1.2":{"1.0.40+26.1.2":"Fixed obituary screen alignment"},"26.1":{"1.0.35+26.1":"Updated to 26.1"},"1.21.11":{"1.21.11-1.0.40":"Fixed obituary screen alignment"},"1.21.10":{"1.21.10-1.0.37":"Fixed duplication glitch with Sable"},"1.21.7":{"1.21.7-1.0.32":"Add Hungarian translation"},"1.21.6":{"1.21.6-1.0.29":"Fixed death items not being saved"},"1.21.9":{"1.21.9-1.0.33":"Updated to 1.21.9"},"1.21.8":{"1.21.8-1.0.35":"Fixed restoreinventory command permissions"},"1.20.4":{"1.20.4-1.0.15":"Added Chilean Spanish translation","1.20.4-1.0.10":"Updated to 1.20.4"},"1.21.3":{"1.21.3-1.0.24":"Updated to 1.21.3"},"1.20.3":{"1.20.3-1.0.10":"Updated to 1.20.3"},"1.21.2":{"1.21.2-1.0.24":"Updated to 1.21.2"},"promos":{"1.21.4-latest":"1.21.4-1.0.35","1.21.3-latest":"1.21.3-1.0.24","1.21.1-latest":"1.21.1-1.0.40","1.21.5-latest":"1.21.5-1.0.35","1.21.6-latest":"1.21.6-1.0.29","1.21.2-latest":"1.21.2-1.0.24","26.1.2-latest":"1.0.40+26.1.2","26.1.1-latest":"1.0.36+26.1.1","1.21.11-recommended":"1.21.11-1.0.40","26.1-latest":"1.0.35+26.1","1.21.9-latest":"1.21.9-1.0.33","1.21.8-latest":"1.21.8-1.0.35","1.20.4-recommended":"1.20.4-1.0.10","1.21.7-latest":"1.21.7-1.0.32","1.21-latest":"1.21-1.0.19","1.20.3-recommended":"1.20.3-1.0.10","1.20.2-recommended":"1.20.2-1.0.10","1.21.1-recommended":"1.21.1-1.0.40","26.2-latest":"1.0.40+26.2","1.21.11-latest":"1.21.11-1.0.40","1.21.10-latest":"1.21.10-1.0.37","26.2-recommended":"1.0.40+26.2","26.1.2-recommended":"1.0.40+26.1.2","1.20.2-latest":"1.20.2-1.0.10","1.20.5-latest":"1.20.5-1.0.15","1.20.4-latest":"1.20.4-1.0.15","1.20.3-latest":"1.20.3-1.0.10","1.20.6-latest":"1.20.6-1.0.15"},"1.20.6":{"1.20.6-1.0.15":"Updated to 1.20.6"},"1.21.5":{"1.21.5-1.0.35":"Fixed restoreinventory command permissions"},"1.20.5":{"1.20.5-1.0.15":"Updated to 1.20.5"},"1.21.4":{"1.21.4-1.0.35":"Fixed restoreinventory command permissions"},"26.2":{"1.0.40+26.2":"Fixed obituary screen alignment"},"homepage":"https://www.curseforge.com/minecraft/mc-mods/gravestone-mod"}
[04Sep2026 01:47:21.740] [NeoForge Version Check/INFO] [net.neoforged.fml.VersionChecker/]: [gravestone] Found status: UP_TO_DATE Current: 1.21.1-1.0.40 Target: null
[04Sep2026 01:47:22.356] [Worker-Main-3/DEBUG] [mixin/]: Mixing perf.datapack_reload_exceptions.RecipeManagerMixin from modernfix-modernfix.mixins.json into net.minecraft.world.item.crafting.RecipeManager
[04Sep2026 01:47:22.467] [Worker-Main-3/DEBUG] [mixin/]: Mixing common.command.MixinWeatherCommand from eclipticseasons.mixins.json into net.minecraft.server.commands.WeatherCommand
[04Sep2026 01:47:22.467] [Worker-Main-3/DEBUG] [mixin/]: Renaming synthetic method lambda$es$setThunder$2(Lnet/minecraft/core/Holder;)Z to mddff919$eclipticseasons$lambda$es$setThunder$2$0 in eclipticseasons.mixins.json:common.command.MixinWeatherCommand from mod eclipticseasons
[04Sep2026 01:47:22.467] [Worker-Main-3/DEBUG] [mixin/]: Renaming synthetic method lambda$es$setRain$1(Lnet/minecraft/core/Holder;)Z to mddff919$eclipticseasons$lambda$es$setRain$1$1 in eclipticseasons.mixins.json:common.command.MixinWeatherCommand from mod eclipticseasons
[04Sep2026 01:47:22.467] [Worker-Main-3/DEBUG] [mixin/]: Renaming synthetic method lambda$es$setClear$0(Lnet/minecraft/core/Holder;)Z to mddff919$eclipticseasons$lambda$es$setClear$0$2 in eclipticseasons.mixins.json:common.command.MixinWeatherCommand from mod eclipticseasons
[04Sep2026 01:47:22.470] [Worker-Main-3/DEBUG] [mixin/]: eclipticseasons.mixins.json:common.command.MixinWeatherCommand from mod eclipticseasons->@Inject::es$setClear(Lnet/minecraft/commands/CommandSourceStack;ILorg/spongepowered/asm/mixin/injection/callback/CallbackInfoReturnable;)V doesn't use it's CallbackInfoReturnable
[04Sep2026 01:47:22.470] [Worker-Main-3/DEBUG] [mixin/]: eclipticseasons.mixins.json:common.command.MixinWeatherCommand from mod eclipticseasons->@Inject::es$setRain(Lnet/minecraft/commands/CommandSourceStack;ILorg/spongepowered/asm/mixin/injection/callback/CallbackInfoReturnable;)V doesn't use it's CallbackInfoReturnable
[04Sep2026 01:47:22.470] [Worker-Main-3/DEBUG] [mixin/]: eclipticseasons.mixins.json:common.command.MixinWeatherCommand from mod eclipticseasons->@Inject::es$setThunder(Lnet/minecraft/commands/CommandSourceStack;ILorg/spongepowered/asm/mixin/injection/callback/CallbackInfoReturnable;)V doesn't use it's CallbackInfoReturnable
[04Sep2026 01:47:22.554] [Worker-Main-3/DEBUG] [mixin/]: Mixing ServerAdvancementManagerMixin from naturalist.mixins.json into net.minecraft.server.ServerAdvancementManager
[04Sep2026 01:47:22.558] [Worker-Main-3/DEBUG] [mixin/]: naturalist.mixins.json:ServerAdvancementManagerMixin from mod naturalist->@Inject::naturalist$addFishBucketsToTacticalFishing(Ljava/util/Map;Lnet/minecraft/server/packs/resources/ResourceManager;Lnet/minecraft/util/profiling/ProfilerFiller;Lorg/spongepowered/asm/mixin/injection/callback/CallbackInfo;)V doesn't use it's CallbackInfo
[04Sep2026 01:47:22.558] [Worker-Main-3/DEBUG] [mixin/]: naturalist.mixins.json:ServerAdvancementManagerMixin from mod naturalist->@Inject::naturalist$addFishBucketsToTacticalFishing(Ljava/util/Map;Lnet/minecraft/server/packs/resources/ResourceManager;Lnet/minecraft/util/profiling/ProfilerFiller;Lorg/spongepowered/asm/mixin/injection/callback/CallbackInfo;)V has 0 override(s) in child classes
[04Sep2026 01:47:22.558] [Worker-Main-3/DEBUG] [mixin/]: naturalist.mixins.json:ServerAdvancementManagerMixin from mod naturalist->@Inject::naturalist$addFishBucketsToTacticalFishing(Ljava/util/Map;Lnet/minecraft/server/packs/resources/ResourceManager;Lnet/minecraft/util/profiling/ProfilerFiller;Lorg/spongepowered/asm/mixin/injection/callback/CallbackInfo;)V won't be passed a CallbackInfo as a result
[04Sep2026 01:47:22.563] [Worker-Main-3/DEBUG] [mixin/]: Mixing feature.measure_time.AddReloadListenerEventWrapperMixin from modernfix-modernfix.mixins.json into net.neoforged.neoforge.event.AddReloadListenerEvent$WrappedStateAwareListener
[04Sep2026 01:47:22.581] [Worker-Main-3/DEBUG] [mixin/]: Mixing feature.measure_time.SimpleReloadInstanceMixin from modernfix-modernfix.mixins.json into net.minecraft.server.packs.resources.SimpleReloadInstance
[04Sep2026 01:47:22.591] [Worker-Main-5/DEBUG] [mixin/]: Mixing perf.tag_id_caching.TagEntryMixin from modernfix-modernfix.mixins.json into net.minecraft.tags.TagEntry
[04Sep2026 01:47:22.645] [Worker-Main-4/ERROR] [net.minecraft.tags.TagLoader/]: Couldn't load tag maid_storage_manager:create_package_container as it is missing following references: 
	create:belt (from mod/maid_storage_manager)
	create:depot (from mod/maid_storage_manager)
	create:package_frogport (from mod/maid_storage_manager)
	create:weighted_ejector (from mod/maid_storage_manager)
	create:chute (from mod/maid_storage_manager)
	create:basin (from mod/maid_storage_manager)
	create:packager (from mod/maid_storage_manager)
	create:smart_chute (from mod/maid_storage_manager)
[04Sep2026 01:47:22.849] [main/INFO] [net.minecraft.world.item.crafting.RecipeManager/]: Loaded 2462 recipes
[04Sep2026 01:47:22.854] [main/DEBUG] [mixin/]: Mixing MixinAdvancementRewards from mca.mixins.json into net.minecraft.advancements.AdvancementRewards
[04Sep2026 01:47:22.854] [main/DEBUG] [mixin/]: mca.mixins.json:MixinAdvancementRewards from mod mca: Class version 65 required is higher than the class version supported by the current version of Mixin (JAVA_17 supports class version 61)
[04Sep2026 01:47:22.854] [main/DEBUG] [mixin/]: Renaming synthetic method lambda$mca$filterAdvancementBooks$0(Lnet/minecraft/resources/ResourceKey;)Z to mddff919$mca$lambda$mca$filterAdvancementBooks$0$0 in mca.mixins.json:MixinAdvancementRewards from mod mca
[04Sep2026 01:47:23.063] [main/INFO] [net.minecraft.advancements.AdvancementTree/]: Loaded 2172 advancements
[04Sep2026 01:47:23.103] [main/INFO] [Curios API/]: Loaded 10 curio slots
[04Sep2026 01:47:23.104] [main/DEBUG] [Curios API/]: Skipping loading entity file touhou_little_maid:curseofpandora as its conditions were not met
[04Sep2026 01:47:23.104] [main/DEBUG] [Curios API/]: Skipping loading entity file touhou_little_maid:enigmaticlegacy as its conditions were not met
[04Sep2026 01:47:23.104] [main/DEBUG] [Curios API/]: Skipping loading entity file touhou_little_maid:handheldmoon as its conditions were not met
[04Sep2026 01:47:23.104] [main/DEBUG] [Curios API/]: Skipping loading entity file touhou_little_maid:moonstone as its conditions were not met
[04Sep2026 01:47:23.104] [main/DEBUG] [Curios API/]: Skipping loading entity file touhou_little_maid:superbwarfare as its conditions were not met
[04Sep2026 01:47:23.105] [main/DEBUG] [Curios API/]: Skipping loading entity file touhou_little_maid:cyclic as its conditions were not met
[04Sep2026 01:47:23.105] [main/DEBUG] [Curios API/]: Skipping loading entity file touhou_little_maid:tcc as its conditions were not met
[04Sep2026 01:47:23.105] [main/DEBUG] [Curios API/]: Skipping loading entity file touhou_little_maid:more_mod_tetra as its conditions were not met
[04Sep2026 01:47:23.105] [main/DEBUG] [Curios API/]: Skipping loading entity file touhou_little_maid:majruszsaccessories as its conditions were not met
[04Sep2026 01:47:23.105] [main/DEBUG] [Curios API/]: Skipping loading entity file touhou_little_maid:lovely_sparkle_pieces as its conditions were not met
[04Sep2026 01:47:23.105] [main/DEBUG] [Curios API/]: Skipping loading entity file touhou_little_maid:l2artifacts as its conditions were not met
[04Sep2026 01:47:23.105] [main/DEBUG] [Curios API/]: Skipping loading entity file touhou_little_maid:hostilenetworks as its conditions were not met
[04Sep2026 01:47:23.105] [main/DEBUG] [Curios API/]: Skipping loading entity file touhou_little_maid:terra_curio as its conditions were not met
[04Sep2026 01:47:23.105] [main/DEBUG] [Curios API/]: Skipping loading entity file touhou_little_maid:aether as its conditions were not met
[04Sep2026 01:47:23.105] [main/ERROR] [Curios API/]: scroll is not a registered slot type!
[04Sep2026 01:47:23.105] [main/ERROR] [Curios API/]: feet is not a registered slot type!
[04Sep2026 01:47:23.105] [main/ERROR] [Curios API/]: spellbook is not a registered slot type!
[04Sep2026 01:47:23.106] [main/DEBUG] [Curios API/]: Skipping loading entity file touhou_little_maid:tiab as its conditions were not met
[04Sep2026 01:47:23.106] [main/DEBUG] [Curios API/]: Skipping loading entity file touhou_little_maid:bhc as its conditions were not met
[04Sep2026 01:47:23.106] [main/DEBUG] [Curios API/]: Skipping loading entity file touhou_little_maid:fargo_soul as its conditions were not met
[04Sep2026 01:47:23.106] [main/DEBUG] [Curios API/]: Skipping loading entity file touhou_little_maid:gtceu as its conditions were not met
[04Sep2026 01:47:23.106] [main/DEBUG] [Curios API/]: Skipping loading entity file touhou_little_maid:l2hostility as its conditions were not met
[04Sep2026 01:47:23.106] [main/DEBUG] [Curios API/]: Skipping loading entity file touhou_little_maid:anvilcraft_curios as its conditions were not met
[04Sep2026 01:47:23.106] [main/DEBUG] [Curios API/]: Skipping loading entity file touhou_little_maid:celestial_artifacts as its conditions were not met
[04Sep2026 01:47:23.106] [main/DEBUG] [Curios API/]: Skipping loading entity file touhou_little_maid:projecte as its conditions were not met
[04Sep2026 01:47:23.106] [main/DEBUG] [Curios API/]: Skipping loading entity file touhou_little_maid:ars_nouveau as its conditions were not met
[04Sep2026 01:47:23.106] [main/ERROR] [Curios API/]: tiab is not a registered slot type!
[04Sep2026 01:47:23.106] [main/ERROR] [Curios API/]: accessory is not a registered slot type!
[04Sep2026 01:47:23.106] [main/ERROR] [Curios API/]: tcc_slot is not a registered slot type!
[04Sep2026 01:47:23.106] [main/ERROR] [Curios API/]: dog_tag is not a registered slot type!
[04Sep2026 01:47:23.106] [main/ERROR] [Curios API/]: iff is not a registered slot type!
[04Sep2026 01:47:23.106] [main/ERROR] [Curios API/]: klein_star is not a registered slot type!
[04Sep2026 01:47:23.106] [main/ERROR] [Curios API/]: mmt_emblem is not a registered slot type!
[04Sep2026 01:47:23.106] [main/ERROR] [Curios API/]: nightmare is not a registered slot type!
[04Sep2026 01:47:23.106] [main/ERROR] [Curios API/]: medicine is not a registered slot type!
[04Sep2026 01:47:23.106] [main/ERROR] [Curios API/]: necora is not a registered slot type!
[04Sep2026 01:47:23.106] [main/ERROR] [Curios API/]: nanos is not a registered slot type!
[04Sep2026 01:47:23.106] [main/ERROR] [Curios API/]: ncrdna is not a registered slot type!
[04Sep2026 01:47:23.106] [main/ERROR] [Curios API/]: dna is not a registered slot type!
[04Sep2026 01:47:23.106] [main/ERROR] [Curios API/]: crystal is not a registered slot type!
[04Sep2026 01:47:23.106] [main/ERROR] [Curios API/]: stone is not a registered slot type!
[04Sep2026 01:47:23.106] [main/ERROR] [Curios API/]: man is not a registered slot type!
[04Sep2026 01:47:23.107] [main/ERROR] [Curios API/]: pocket_left is not a registered slot type!
[04Sep2026 01:47:23.107] [main/ERROR] [Curios API/]: pocket_right is not a registered slot type!
[04Sep2026 01:47:23.107] [main/ERROR] [Curios API/]: legendarycurios is not a registered slot type!
[04Sep2026 01:47:23.107] [main/ERROR] [Curios API/]: unlegendarycurios is not a registered slot type!
[04Sep2026 01:47:23.107] [main/ERROR] [Curios API/]: boot is not a registered slot type!
[04Sep2026 01:47:23.107] [main/ERROR] [Curios API/]: set_source is not a registered slot type!
[04Sep2026 01:47:23.107] [main/ERROR] [Curios API/]: set_diverse is not a registered slot type!
[04Sep2026 01:47:23.107] [main/ERROR] [Curios API/]: set_unity is not a registered slot type!
[04Sep2026 01:47:23.107] [main/ERROR] [Curios API/]: set_threshold is not a registered slot type!
[04Sep2026 01:47:23.107] [main/ERROR] [Curios API/]: set_final is not a registered slot type!
[04Sep2026 01:47:23.107] [main/ERROR] [Curios API/]: glasses is not a registered slot type!
[04Sep2026 01:47:23.107] [main/ERROR] [Curios API/]: hipornament is not a registered slot type!
[04Sep2026 01:47:23.107] [main/ERROR] [Curios API/]: hostility_curse is not a registered slot type!
[04Sep2026 01:47:23.107] [main/ERROR] [Curios API/]: artifact_head is not a registered slot type!
[04Sep2026 01:47:23.107] [main/ERROR] [Curios API/]: artifact_necklace is not a registered slot type!
[04Sep2026 01:47:23.107] [main/ERROR] [Curios API/]: artifact_bracelet is not a registered slot type!
[04Sep2026 01:47:23.107] [main/ERROR] [Curios API/]: artifact_body is not a registered slot type!
[04Sep2026 01:47:23.107] [main/ERROR] [Curios API/]: artifact_belt is not a registered slot type!
[04Sep2026 01:47:23.107] [main/ERROR] [Curios API/]: deep_learner is not a registered slot type!
[04Sep2026 01:47:23.107] [main/ERROR] [Curios API/]: shoulder is not a registered slot type!
[04Sep2026 01:47:23.107] [main/ERROR] [Curios API/]: gtceu_magnet is not a registered slot type!
[04Sep2026 01:47:23.107] [main/ERROR] [Curios API/]: soul is not a registered slot type!
[04Sep2026 01:47:23.108] [main/ERROR] [Curios API/]: spellstone is not a registered slot type!
[04Sep2026 01:47:23.108] [main/ERROR] [Curios API/]: quiver is not a registered slot type!
[04Sep2026 01:47:23.108] [main/ERROR] [Curios API/]: pandora_charm is not a registered slot type!
[04Sep2026 01:47:23.108] [main/ERROR] [Curios API/]: scroll is not a registered slot type!
[04Sep2026 01:47:23.108] [main/ERROR] [Curios API/]: feet is not a registered slot type!
[04Sep2026 01:47:23.108] [main/ERROR] [Curios API/]: spellbook is not a registered slot type!
[04Sep2026 01:47:23.108] [main/ERROR] [Curios API/]: scroll is not a registered slot type!
[04Sep2026 01:47:23.108] [main/ERROR] [Curios API/]: pendant is not a registered slot type!
[04Sep2026 01:47:23.108] [main/ERROR] [Curios API/]: heart is not a registered slot type!
[04Sep2026 01:47:23.108] [main/ERROR] [Curios API/]: catastrophe is not a registered slot type!
[04Sep2026 01:47:23.108] [main/ERROR] [Curios API/]: etching is not a registered slot type!
[04Sep2026 01:47:23.108] [main/ERROR] [Curios API/]: heart_amulet is not a registered slot type!
[04Sep2026 01:47:23.108] [main/ERROR] [Curios API/]: an_focus is not a registered slot type!
[04Sep2026 01:47:23.108] [main/ERROR] [Curios API/]: ionocraft_backpack is not a registered slot type!
[04Sep2026 01:47:23.108] [main/ERROR] [Curios API/]: goggles is not a registered slot type!
[04Sep2026 01:47:23.108] [main/ERROR] [Curios API/]: charms is not a registered slot type!
[04Sep2026 01:47:23.108] [main/ERROR] [Curios API/]: aether_accessory is not a registered slot type!
[04Sep2026 01:47:23.108] [main/ERROR] [Curios API/]: aether_cape is not a registered slot type!
[04Sep2026 01:47:23.108] [main/ERROR] [Curios API/]: aether_gloves is not a registered slot type!
[04Sep2026 01:47:23.109] [main/ERROR] [Curios API/]: aether_pendant is not a registered slot type!
[04Sep2026 01:47:23.109] [main/ERROR] [Curios API/]: aether_ring is not a registered slot type!
[04Sep2026 01:47:23.109] [main/ERROR] [Curios API/]: aether_shield is not a registered slot type!
[04Sep2026 01:47:23.109] [main/INFO] [Curios API/]: Loaded 3 curio entities
[04Sep2026 01:47:23.197] [main/DEBUG] [sophisticatedbackpacks/]: Started loading registry data from sophisticatedbackpacks:compat/woot/block_tools 
[04Sep2026 01:47:23.197] [main/DEBUG] [sophisticatedbackpacks/]: Started loading registry data from sophisticatedbackpacks:compat/fluxnetworks/block_tools 
[04Sep2026 01:47:23.197] [main/DEBUG] [sophisticatedbackpacks/]: Started loading registry data from sophisticatedbackpacks:compat/mob_grinding_utils/entity_tools 
[04Sep2026 01:47:23.197] [main/DEBUG] [sophisticatedbackpacks/]: Started loading registry data from sophisticatedbackpacks:compat/astralsorcery/block_tools 
[04Sep2026 01:47:23.197] [main/DEBUG] [sophisticatedbackpacks/]: Started loading registry data from sophisticatedbackpacks:compat/immersivepetroleum/block_tools 
[04Sep2026 01:47:23.197] [main/DEBUG] [sophisticatedbackpacks/]: Started loading registry data from sophisticatedbackpacks:compat/immersiveengineering/block_tools 
[04Sep2026 01:47:23.197] [main/DEBUG] [sophisticatedbackpacks/]: Started loading registry data from sophisticatedbackpacks:compat/pedestals/block_tools 
[04Sep2026 01:47:23.197] [main/DEBUG] [sophisticatedbackpacks/]: Started loading registry data from sophisticatedbackpacks:compat/platforms/block_tools 
[04Sep2026 01:47:23.197] [main/DEBUG] [sophisticatedbackpacks/]: Started loading registry data from sophisticatedbackpacks:compat/rftoolsutility/entity_tools 
[04Sep2026 01:47:23.197] [main/DEBUG] [sophisticatedbackpacks/]: Started loading registry data from sophisticatedbackpacks:compat/compactmachines/block_tools 
[04Sep2026 01:47:23.197] [main/DEBUG] [sophisticatedbackpacks/]: Started loading registry data from sophisticatedbackpacks:compat/mcwwindows/block_tools 
[04Sep2026 01:47:23.197] [main/DEBUG] [sophisticatedbackpacks/]: Started loading registry data from sophisticatedbackpacks:compat/integrateddynamics/block_tools 
[04Sep2026 01:47:23.197] [main/DEBUG] [sophisticatedbackpacks/]: Started loading registry data from sophisticatedbackpacks:entity_tools 
[04Sep2026 01:47:23.198] [main/DEBUG] [sophisticatedbackpacks/]: Finished loading registry data for sophisticatedbackpacks:entity_tools
[04Sep2026 01:47:23.198] [main/DEBUG] [sophisticatedbackpacks/]: Started loading registry data from sophisticatedbackpacks:compat/mekanism/block_tools 
[04Sep2026 01:47:23.198] [main/DEBUG] [sophisticatedbackpacks/]: Started loading registry data from sophisticatedbackpacks:compat/powah/block_tools 
[04Sep2026 01:47:23.198] [main/DEBUG] [sophisticatedbackpacks/]: Started loading registry data from sophisticatedbackpacks:compat/apotheosis/entity_tools 
[04Sep2026 01:47:23.198] [main/DEBUG] [sophisticatedbackpacks/]: Started loading registry data from sophisticatedbackpacks:compat/bloodmagic/block_tools 
[04Sep2026 01:47:23.198] [main/DEBUG] [sophisticatedbackpacks/]: Started loading registry data from sophisticatedbackpacks:compat/immersiveposts/block_tools 
[04Sep2026 01:47:23.198] [main/DEBUG] [sophisticatedbackpacks/]: Started loading registry data from sophisticatedbackpacks:compat/rats/entity_tools 
[04Sep2026 01:47:23.198] [main/DEBUG] [sophisticatedbackpacks/]: Started loading registry data from sophisticatedbackpacks:compat/framedcompactdrawers/block_tools 
[04Sep2026 01:47:23.198] [main/DEBUG] [sophisticatedbackpacks/]: Started loading registry data from sophisticatedbackpacks:compat/iceandfire/entity_tools 
[04Sep2026 01:47:23.198] [main/DEBUG] [sophisticatedbackpacks/]: Started loading registry data from sophisticatedbackpacks:compat/storagedrawers/block_tools 
[04Sep2026 01:47:23.198] [main/DEBUG] [sophisticatedbackpacks/]: Started loading registry data from sophisticatedbackpacks:compat/mcwroofs/block_tools 
[04Sep2026 01:47:23.198] [main/DEBUG] [sophisticatedbackpacks/]: Started loading registry data from sophisticatedbackpacks:compat/morphtool/block_tools 
[04Sep2026 01:47:23.198] [main/DEBUG] [sophisticatedbackpacks/]: Started loading registry data from sophisticatedbackpacks:compat/botania/block_tools 
[04Sep2026 01:47:23.198] [main/DEBUG] [sophisticatedbackpacks/]: Started loading registry data from sophisticatedbackpacks:compat/pneumaticraft/block_tools 
[04Sep2026 01:47:23.198] [main/DEBUG] [sophisticatedbackpacks/]: Started loading registry data from sophisticatedbackpacks:compat/shrink/entity_tools 
[04Sep2026 01:47:23.198] [main/DEBUG] [sophisticatedbackpacks/]: Started loading registry data from sophisticatedbackpacks:compat/blockcarpentry/block_tools 
[04Sep2026 01:47:23.198] [main/DEBUG] [sophisticatedbackpacks/]: Started loading registry data from sophisticatedbackpacks:compat/pipez/block_tools 
[04Sep2026 01:47:23.198] [main/DEBUG] [sophisticatedbackpacks/]: Started loading registry data from sophisticatedbackpacks:compat/transport/block_tools 
[04Sep2026 01:47:23.198] [main/DEBUG] [sophisticatedbackpacks/]: Started loading registry data from sophisticatedbackpacks:compat/thermal/block_tools 
[04Sep2026 01:47:23.198] [main/DEBUG] [sophisticatedbackpacks/]: Started loading registry data from sophisticatedbackpacks:block_tools 
[04Sep2026 01:47:23.198] [main/DEBUG] [sophisticatedbackpacks/]: Finished loading registry data for sophisticatedbackpacks:block_tools
[04Sep2026 01:47:23.198] [main/DEBUG] [sophisticatedbackpacks/]: Started loading registry data from sophisticatedbackpacks:compat/create/block_tools 
[04Sep2026 01:47:23.198] [main/DEBUG] [sophisticatedbackpacks/]: Started loading registry data from sophisticatedbackpacks:compat/farmersdelight/entity_tools 
[04Sep2026 01:47:23.199] [main/DEBUG] [sophisticatedbackpacks/]: Finished loading registry data for sophisticatedbackpacks:compat/farmersdelight/entity_tools
[04Sep2026 01:47:23.199] [main/DEBUG] [sophisticatedbackpacks/]: Started loading registry data from sophisticatedbackpacks:compat/refinedstorage/block_tools 
[04Sep2026 01:47:23.199] [main/DEBUG] [sophisticatedbackpacks/]: Started loading registry data from sophisticatedbackpacks:compat/chiselsandbits/block_tools 
[04Sep2026 01:47:23.199] [main/DEBUG] [sophisticatedbackpacks/]: Started loading registry data from sophisticatedbackpacks:compat/farmersdelight/block_tools 
[04Sep2026 01:47:23.199] [main/DEBUG] [sophisticatedbackpacks/]: Finished loading registry data for sophisticatedbackpacks:compat/farmersdelight/block_tools
[04Sep2026 01:47:23.199] [main/DEBUG] [sophisticatedbackpacks/]: Started loading registry data from sophisticatedbackpacks:compat/resourcefulbees/entity_tools 
[04Sep2026 01:47:23.199] [main/DEBUG] [sophisticatedbackpacks/]: Started loading registry data from sophisticatedbackpacks:compat/tetra/swords 
[04Sep2026 01:47:23.199] [main/DEBUG] [sophisticatedbackpacks/]: Started loading registry data from sophisticatedbackpacks:swords 
[04Sep2026 01:47:23.199] [main/DEBUG] [sophisticatedbackpacks/]: Finished loading registry data for sophisticatedbackpacks:swords
[04Sep2026 01:47:23.199] [main/DEBUG] [sophisticatedbackpacks/]: Started loading registry data from sophisticatedbackpacks:compat/mythicbotany/block_tools 
[04Sep2026 01:47:23.199] [main/DEBUG] [sophisticatedbackpacks/]: Started loading registry data from sophisticatedbackpacks:compat/resourcefulbees/block_tools 
[04Sep2026 01:47:23.199] [main/DEBUG] [sophisticatedbackpacks/]: Started loading registry data from sophisticatedbackpacks:compat/syp/entity_tools 
[04Sep2026 01:47:23.199] [main/DEBUG] [sophisticatedbackpacks/]: Started loading registry data from sophisticatedbackpacks:compat/eidolon/block_tools 
[04Sep2026 01:47:23.199] [main/DEBUG] [sophisticatedbackpacks/]: Started loading registry data from sophisticatedbackpacks:compat/rftoolsbase/block_tools 
[04Sep2026 01:47:23.233] [main/WARN] [net.minecraft.core.MappedRegistry/]: Not all defined tags for registry ResourceKey[minecraft:root / minecraft:worldgen/biome] are present in data pack: eclipticseasons:rain/arid
[04Sep2026 01:47:23.240] [main/DEBUG] [Beltborne Lanterns/]:  - minecraft:lantern
[04Sep2026 01:47:23.240] [main/DEBUG] [Beltborne Lanterns/]:  - minecraft:soul_lantern
[04Sep2026 01:47:23.240] [main/DEBUG] [Beltborne Lanterns/]: Found 2 entries in #beltborne_lanterns:lamps
[04Sep2026 01:47:23.246] [main/INFO] [Beltborne Lanterns/]: Lamp registry ready: 2 items (2 builtin, 0 extra)
[04Sep2026 01:47:23.283] [main/INFO] [eclipticseasons/]: Reload crop data cost 11 ms in server side.
[04Sep2026 01:47:23.285] [main/INFO] [eclipticseasons/]: Has registered extra snow definitions with size 6.
[04Sep2026 01:47:23.313] [main/DEBUG] [mixin/]: Mixing perf.cache_blockstate_cache_arrays.AbstractBlockStateCacheMixin from modernfix-modernfix.mixins.json into net.minecraft.world.level.block.state.BlockBehaviour$BlockStateBase$Cache
[04Sep2026 01:47:23.314] [main/DEBUG] [mixin/]: Mixing BlockStateCacheMixin from ferritecore.blockstatecache.mixin.json into net.minecraft.world.level.block.state.BlockBehaviour$BlockStateBase$Cache
[04Sep2026 01:47:23.314] [main/DEBUG] [mixin/]: ferritecore.blockstatecache.mixin.json:BlockStateCacheMixin from mod ferritecore: Class version 65 required is higher than the class version supported by the current version of Mixin (JAVA_17 supports class version 61)
[04Sep2026 01:47:23.325] [main/DEBUG] [mixin/]: Mixing SubShapeAccess from ferritecore.accessors.mixin.json into net.minecraft.world.phys.shapes.SubShape
[04Sep2026 01:47:23.325] [main/DEBUG] [mixin/]: ferritecore.accessors.mixin.json:SubShapeAccess from mod ferritecore: Class version 65 required is higher than the class version supported by the current version of Mixin (JAVA_17 supports class version 61)
[04Sep2026 01:47:23.513] [main/WARN] [ModernFix/]: Initial datapack load took 1.972 s
[04Sep2026 01:47:23.528] [main/DEBUG] [net.neoforged.neoforge.common.CommonHooks/WP]: Gathered mod list to write to world save world
[04Sep2026 01:47:23.554] [main/DEBUG] [mixin/]: Mixing feature.mcfunction_profiling.ServerFunctionManagerMixin from modernfix-modernfix.mixins.json into net.minecraft.server.ServerFunctionManager
[04Sep2026 01:47:23.555] [main/DEBUG] [mixin/]: Renaming synthetic method lambda$mfix$getProfilingResults$2(Ljava/util/Map$Entry;)Ljava/time/Duration; to mddff919$modernfix$lambda$mfix$getProfilingResults$2$0 in modernfix-modernfix.mixins.json:feature.mcfunction_profiling.ServerFunctionManagerMixin from mod modernfix
[04Sep2026 01:47:23.555] [main/DEBUG] [mixin/]: Renaming synthetic method lambda$pruneUnusedWatches$1(Lcom/google/common/base/Stopwatch;)Z to mddff919$modernfix$lambda$pruneUnusedWatches$1$1 in modernfix-modernfix.mixins.json:feature.mcfunction_profiling.ServerFunctionManagerMixin from mod modernfix
[04Sep2026 01:47:23.555] [main/DEBUG] [mixin/]: Renaming synthetic method lambda$startWatch$0(Lnet/minecraft/resources/ResourceLocation;)Lcom/google/common/base/Stopwatch; to mddff919$modernfix$lambda$startWatch$0$2 in modernfix-modernfix.mixins.json:feature.mcfunction_profiling.ServerFunctionManagerMixin from mod modernfix
[04Sep2026 01:47:23.560] [main/DEBUG] [mixin/]: modernfix-modernfix.mixins.json:feature.mcfunction_profiling.ServerFunctionManagerMixin from mod modernfix->@Inject::resetWatches(Ljava/util/Collection;Lnet/minecraft/resources/ResourceLocation;Lorg/spongepowered/asm/mixin/injection/callback/CallbackInfo;)V doesn't use it's CallbackInfo
[04Sep2026 01:47:23.560] [main/DEBUG] [mixin/]: modernfix-modernfix.mixins.json:feature.mcfunction_profiling.ServerFunctionManagerMixin from mod modernfix->@Inject::resetWatches(Ljava/util/Collection;Lnet/minecraft/resources/ResourceLocation;Lorg/spongepowered/asm/mixin/injection/callback/CallbackInfo;)V has 0 override(s) in child classes
[04Sep2026 01:47:23.560] [main/DEBUG] [mixin/]: modernfix-modernfix.mixins.json:feature.mcfunction_profiling.ServerFunctionManagerMixin from mod modernfix->@Inject::resetWatches(Ljava/util/Collection;Lnet/minecraft/resources/ResourceLocation;Lorg/spongepowered/asm/mixin/injection/callback/CallbackInfo;)V won't be passed a CallbackInfo as a result
[04Sep2026 01:47:23.560] [main/DEBUG] [mixin/]: modernfix-modernfix.mixins.json:feature.mcfunction_profiling.ServerFunctionManagerMixin from mod modernfix->@Inject::startWatch(Ljava/util/Collection;Lnet/minecraft/resources/ResourceLocation;Lorg/spongepowered/asm/mixin/injection/callback/CallbackInfo;)V doesn't use it's CallbackInfo
[04Sep2026 01:47:23.560] [main/DEBUG] [mixin/]: modernfix-modernfix.mixins.json:feature.mcfunction_profiling.ServerFunctionManagerMixin from mod modernfix->@Inject::startWatch(Ljava/util/Collection;Lnet/minecraft/resources/ResourceLocation;Lorg/spongepowered/asm/mixin/injection/callback/CallbackInfo;)V has 0 override(s) in child classes
[04Sep2026 01:47:23.560] [main/DEBUG] [mixin/]: modernfix-modernfix.mixins.json:feature.mcfunction_profiling.ServerFunctionManagerMixin from mod modernfix->@Inject::startWatch(Ljava/util/Collection;Lnet/minecraft/resources/ResourceLocation;Lorg/spongepowered/asm/mixin/injection/callback/CallbackInfo;)V won't be passed a CallbackInfo as a result
[04Sep2026 01:47:23.560] [main/DEBUG] [mixin/]: modernfix-modernfix.mixins.json:feature.mcfunction_profiling.ServerFunctionManagerMixin from mod modernfix->@Inject::stopWatch(Ljava/util/Collection;Lnet/minecraft/resources/ResourceLocation;Lorg/spongepowered/asm/mixin/injection/callback/CallbackInfo;)V doesn't use it's CallbackInfo
[04Sep2026 01:47:23.560] [main/DEBUG] [mixin/]: modernfix-modernfix.mixins.json:feature.mcfunction_profiling.ServerFunctionManagerMixin from mod modernfix->@Inject::stopWatch(Ljava/util/Collection;Lnet/minecraft/resources/ResourceLocation;Lorg/spongepowered/asm/mixin/injection/callback/CallbackInfo;)V has 0 override(s) in child classes
[04Sep2026 01:47:23.560] [main/DEBUG] [mixin/]: modernfix-modernfix.mixins.json:feature.mcfunction_profiling.ServerFunctionManagerMixin from mod modernfix->@Inject::stopWatch(Ljava/util/Collection;Lnet/minecraft/resources/ResourceLocation;Lorg/spongepowered/asm/mixin/injection/callback/CallbackInfo;)V won't be passed a CallbackInfo as a result
[04Sep2026 01:47:23.560] [main/DEBUG] [mixin/]: modernfix-modernfix.mixins.json:feature.mcfunction_profiling.ServerFunctionManagerMixin from mod modernfix->@Inject::pruneUnusedWatches(Ljava/util/Collection;Lnet/minecraft/resources/ResourceLocation;Lorg/spongepowered/asm/mixin/injection/callback/CallbackInfo;)V doesn't use it's CallbackInfo
[04Sep2026 01:47:23.560] [main/DEBUG] [mixin/]: modernfix-modernfix.mixins.json:feature.mcfunction_profiling.ServerFunctionManagerMixin from mod modernfix->@Inject::pruneUnusedWatches(Ljava/util/Collection;Lnet/minecraft/resources/ResourceLocation;Lorg/spongepowered/asm/mixin/injection/callback/CallbackInfo;)V has 0 override(s) in child classes
[04Sep2026 01:47:23.560] [main/DEBUG] [mixin/]: modernfix-modernfix.mixins.json:feature.mcfunction_profiling.ServerFunctionManagerMixin from mod modernfix->@Inject::pruneUnusedWatches(Ljava/util/Collection;Lnet/minecraft/resources/ResourceLocation;Lorg/spongepowered/asm/mixin/injection/callback/CallbackInfo;)V won't be passed a CallbackInfo as a result
[04Sep2026 01:47:23.569] [Server thread/INFO] [net.minecraft.server.dedicated.DedicatedServer/]: Starting minecraft server version 1.21.1
[04Sep2026 01:47:23.569] [Server thread/INFO] [net.minecraft.server.dedicated.DedicatedServer/]: Loading properties
[04Sep2026 01:47:23.569] [Server thread/INFO] [net.minecraft.server.dedicated.DedicatedServer/]: Default game type: SURVIVAL
[04Sep2026 01:47:23.569] [Server thread/INFO] [net.minecraft.server.MinecraftServer/]: Generating keypair
[04Sep2026 01:47:23.621] [Server thread/INFO] [net.minecraft.server.dedicated.DedicatedServer/]: Starting Minecraft server on *:25565
[04Sep2026 01:47:23.622] [Server thread/DEBUG] [net.neoforged.neoforge.network.DualStackUtils/]: Detected IPv6 address: "0:0:0:0:0:0:0:0"
[04Sep2026 01:47:23.626] [Server thread/DEBUG] [io.netty.util.internal.NativeLibraryLoader/]: -Dio.netty.native.workdir: /tmp (io.netty.tmpdir)
[04Sep2026 01:47:23.626] [Server thread/DEBUG] [io.netty.util.internal.NativeLibraryLoader/]: -Dio.netty.native.deleteLibAfterLoading: true
[04Sep2026 01:47:23.626] [Server thread/DEBUG] [io.netty.util.internal.NativeLibraryLoader/]: -Dio.netty.native.tryPatchShadedId: true
[04Sep2026 01:47:23.626] [Server thread/DEBUG] [io.netty.util.internal.NativeLibraryLoader/]: -Dio.netty.native.detectNativeLibraryDuplicates: true
[04Sep2026 01:47:23.630] [Server thread/DEBUG] [io.netty.util.internal.NativeLibraryLoader/]: Successfully loaded the library /tmp/libnetty_transport_native_epoll_x86_6411413943826505520501.so
[04Sep2026 01:47:23.632] [Server thread/DEBUG] [io.netty.util.NetUtil/]: -Djava.net.preferIPv4Stack: false
[04Sep2026 01:47:23.632] [Server thread/DEBUG] [io.netty.util.NetUtil/]: -Djava.net.preferIPv6Addresses: true
[04Sep2026 01:47:23.633] [Server thread/DEBUG] [io.netty.util.NetUtilInitializations/]: Loopback interface: lo (lo, 0:0:0:0:0:0:0:1%lo)
[04Sep2026 01:47:23.634] [Server thread/DEBUG] [io.netty.util.NetUtil/]: /proc/sys/net/core/somaxconn: 4096
[04Sep2026 01:47:23.637] [Server thread/DEBUG] [io.netty.channel.MultithreadEventLoopGroup/]: -Dio.netty.eventLoopThreads: 12
[04Sep2026 01:47:23.641] [Server thread/DEBUG] [io.netty.util.concurrent.GlobalEventExecutor/]: -Dio.netty.globalEventExecutor.quietPeriodSeconds: 1
[04Sep2026 01:47:23.650] [Server thread/DEBUG] [io.netty.util.internal.PlatformDependent/]: org.jctools-core.MpscChunkedArrayQueue: available
[04Sep2026 01:47:23.653] [Server thread/INFO] [net.minecraft.server.network.ServerConnectionListener/]: Using epoll channel type
[04Sep2026 01:47:23.662] [Server thread/DEBUG] [io.netty.channel.DefaultChannelId/]: -Dio.netty.processId: 121921 (auto-detected)
[04Sep2026 01:47:23.663] [Server thread/DEBUG] [io.netty.channel.DefaultChannelId/]: -Dio.netty.machineId: e8:d8:d1:ff:fe:b9:3d:e7 (auto-detected)
[04Sep2026 01:47:23.676] [Server thread/WARN] [net.minecraft.server.dedicated.DedicatedServer/]: **** SERVER IS RUNNING IN OFFLINE/INSECURE MODE!
[04Sep2026 01:47:23.676] [Server thread/WARN] [net.minecraft.server.dedicated.DedicatedServer/]: The server will make no attempt to authenticate usernames. Beware.
[04Sep2026 01:47:23.676] [Server thread/WARN] [net.minecraft.server.dedicated.DedicatedServer/]: While this makes the game possible to play without internet access, it also opens up the ability for hackers to connect with any username they choose.
[04Sep2026 01:47:23.676] [Server thread/WARN] [net.minecraft.server.dedicated.DedicatedServer/]: To change this, set "online-mode" to "true" in the server.properties file.
[04Sep2026 01:47:23.685] [Server thread/DEBUG] [net.neoforged.fml.config.ConfigTracker/CONFIG]: Loading configs type SERVER
[04Sep2026 01:47:23.686] [Server thread/DEBUG] [net.neoforged.fml.config.ConfigTracker/CONFIG]: Loaded TOML config file /home/ms33/servidor_neo/config/goatman-server.toml
[04Sep2026 01:47:23.686] [Server thread/DEBUG] [net.neoforged.fml.config.ConfigTracker/CONFIG]: Watching TOML config file /home/ms33/servidor_neo/config/goatman-server.toml for changes
[04Sep2026 01:47:23.686] [Server thread/DEBUG] [net.neoforged.fml.config.ConfigTracker/CONFIG]: Loaded TOML config file /home/ms33/servidor_neo/config/jei-server.toml
[04Sep2026 01:47:23.686] [Server thread/DEBUG] [net.neoforged.fml.config.ConfigTracker/CONFIG]: Watching TOML config file /home/ms33/servidor_neo/config/jei-server.toml for changes
[04Sep2026 01:47:23.688] [Server thread/DEBUG] [net.neoforged.fml.config.ConfigTracker/CONFIG]: Loaded TOML config file /home/ms33/servidor_neo/config/tacz-server.toml
[04Sep2026 01:47:23.688] [Server thread/DEBUG] [net.neoforged.fml.config.ConfigTracker/CONFIG]: Watching TOML config file /home/ms33/servidor_neo/config/tacz-server.toml for changes
[04Sep2026 01:47:23.688] [Server thread/DEBUG] [net.neoforged.fml.config.ConfigTracker/CONFIG]: Loaded TOML config file /home/ms33/servidor_neo/config/curios-server.toml
[04Sep2026 01:47:23.688] [Server thread/DEBUG] [net.neoforged.fml.config.ConfigTracker/CONFIG]: Watching TOML config file /home/ms33/servidor_neo/config/curios-server.toml for changes
[04Sep2026 01:47:23.690] [Server thread/DEBUG] [net.neoforged.fml.config.ConfigTracker/CONFIG]: Loaded TOML config file /home/ms33/servidor_neo/config/gravestone-server.toml
[04Sep2026 01:47:23.690] [Server thread/DEBUG] [net.neoforged.fml.config.ConfigTracker/CONFIG]: Watching TOML config file /home/ms33/servidor_neo/config/gravestone-server.toml for changes
[04Sep2026 01:47:23.690] [Server thread/DEBUG] [net.neoforged.neoforge.common.NeoForgeConfig/FORGEMOD]: Loaded NeoForge config file neoforge-server.toml
[04Sep2026 01:47:23.690] [Server thread/DEBUG] [net.neoforged.fml.config.ConfigTracker/CONFIG]: Loaded TOML config file /home/ms33/servidor_neo/config/neoforge-server.toml
[04Sep2026 01:47:23.690] [Server thread/DEBUG] [net.neoforged.fml.config.ConfigTracker/CONFIG]: Watching TOML config file /home/ms33/servidor_neo/config/neoforge-server.toml for changes
[04Sep2026 01:47:23.690] [Server thread/DEBUG] [net.neoforged.fml.config.ConfigTracker/CONFIG]: Loaded TOML config file /home/ms33/servidor_neo/config/touhou_little_maid-server.toml
[04Sep2026 01:47:23.690] [Server thread/DEBUG] [net.neoforged.fml.config.ConfigTracker/CONFIG]: Watching TOML config file /home/ms33/servidor_neo/config/touhou_little_maid-server.toml for changes
[04Sep2026 01:47:23.694] [Server thread/DEBUG] [net.neoforged.fml.config.ConfigTracker/CONFIG]: Loaded TOML config file /home/ms33/servidor_neo/config/sophisticatedbackpacks-server.toml
[04Sep2026 01:47:23.694] [Server thread/DEBUG] [net.neoforged.fml.config.ConfigTracker/CONFIG]: Watching TOML config file /home/ms33/servidor_neo/config/sophisticatedbackpacks-server.toml for changes
[04Sep2026 01:47:23.735] [Server thread/INFO] [net.minecraft.server.dedicated.DedicatedServer/]: Preparing level "world"
[04Sep2026 01:47:23.736] [Server thread/DEBUG] [mixin/]: Mixing feature.branding.BrandingControlMixin from modernfix-modernfix.mixins.json into net.neoforged.neoforge.internal.BrandingControl
[04Sep2026 01:47:23.737] [Server thread/DEBUG] [mixin/]: modernfix-modernfix.mixins.json:feature.branding.BrandingControlMixin from mod modernfix->@Inject::addModernFixBranding(Lorg/spongepowered/asm/mixin/injection/callback/CallbackInfo;Lcom/google/common/collect/ImmutableList$Builder;)V doesn't use it's CallbackInfo
[04Sep2026 01:47:23.739] [Server thread/DEBUG] [mixin/]: Mixing perf.optimize_surface_rules.BiomeManagerAccessor from modernfix-modernfix.mixins.json into net.minecraft.world.level.biome.BiomeManager
[04Sep2026 01:47:23.747] [Server thread/DEBUG] [mixin/]: Mixing bugfix.chunk_deadlock.ServerChunkCacheAccessor from modernfix-modernfix.mixins.json into net.minecraft.server.level.ServerChunkCache
[04Sep2026 01:47:23.771] [Server thread/DEBUG] [mixin/]: Mixing PersistentEntitySectionManagerMixin from touhou_little_maid.mixins.json into net.minecraft.world.level.entity.PersistentEntitySectionManager
[04Sep2026 01:47:23.771] [Server thread/DEBUG] [mixin/]: touhou_little_maid.mixins.json:PersistentEntitySectionManagerMixin from mod touhou_little_maid: Class version 65 required is higher than the class version supported by the current version of Mixin (JAVA_17 supports class version 61)
[04Sep2026 01:47:23.771] [Server thread/DEBUG] [mixin/]: Renaming synthetic method lambda$companionTick$0(J)V to mddff919$touhou_little_maid$lambda$companionTick$0$0 in touhou_little_maid.mixins.json:PersistentEntitySectionManagerMixin from mod touhou_little_maid
[04Sep2026 01:47:23.776] [Server thread/DEBUG] [mixin/]: touhou_little_maid.mixins.json:PersistentEntitySectionManagerMixin from mod touhou_little_maid->@Inject::companionTick(Lorg/spongepowered/asm/mixin/injection/callback/CallbackInfo;)V doesn't use it's CallbackInfo
[04Sep2026 01:47:23.776] [Server thread/DEBUG] [mixin/]: touhou_little_maid.mixins.json:PersistentEntitySectionManagerMixin from mod touhou_little_maid->@Inject::companionTick(Lorg/spongepowered/asm/mixin/injection/callback/CallbackInfo;)V has 0 override(s) in child classes
[04Sep2026 01:47:23.776] [Server thread/DEBUG] [mixin/]: touhou_little_maid.mixins.json:PersistentEntitySectionManagerMixin from mod touhou_little_maid->@Inject::companionTick(Lorg/spongepowered/asm/mixin/injection/callback/CallbackInfo;)V won't be passed a CallbackInfo as a result
[04Sep2026 01:47:23.786] [Server thread/DEBUG] [mixin/]: Mixing perf.release_protochunks.ChunkMapMixin from modernfix-modernfix.mixins.json into net.minecraft.server.level.ChunkMap
[04Sep2026 01:47:23.791] [Server thread/DEBUG] [mixin/]: modernfix-modernfix.mixins.json:perf.release_protochunks.ChunkMapMixin from mod modernfix->@Inject::dropProtoChunks(Ljava/util/function/BooleanSupplier;Lorg/spongepowered/asm/mixin/injection/callback/CallbackInfo;)V doesn't use it's CallbackInfo
[04Sep2026 01:47:23.791] [Server thread/DEBUG] [mixin/]: modernfix-modernfix.mixins.json:perf.release_protochunks.ChunkMapMixin from mod modernfix->@Inject::dropProtoChunks(Ljava/util/function/BooleanSupplier;Lorg/spongepowered/asm/mixin/injection/callback/CallbackInfo;)V has 0 override(s) in child classes
[04Sep2026 01:47:23.791] [Server thread/DEBUG] [mixin/]: modernfix-modernfix.mixins.json:perf.release_protochunks.ChunkMapMixin from mod modernfix->@Inject::dropProtoChunks(Ljava/util/function/BooleanSupplier;Lorg/spongepowered/asm/mixin/injection/callback/CallbackInfo;)V won't be passed a CallbackInfo as a result
[04Sep2026 01:47:23.796] [Server thread/DEBUG] [mixin/]: Mixing MixinProtoChunk from mca.mixins.json into net.minecraft.world.level.chunk.ProtoChunk
[04Sep2026 01:47:23.797] [Server thread/DEBUG] [mixin/]: mca.mixins.json:MixinProtoChunk from mod mca: Class version 65 required is higher than the class version supported by the current version of Mixin (JAVA_17 supports class version 61)
[04Sep2026 01:47:23.798] [Server thread/DEBUG] [mixin/]: mca.mixins.json:MixinProtoChunk from mod mca->@Inject::onAddEntity(Lnet/minecraft/world/entity/Entity;Lorg/spongepowered/asm/mixin/injection/callback/CallbackInfo;)V does use it's CallbackInfo
[04Sep2026 01:47:23.800] [Server thread/DEBUG] [mixin/]: Mixing perf.release_protochunks.ChunkHolderMixin from modernfix-modernfix.mixins.json into net.minecraft.server.level.ChunkHolder
[04Sep2026 01:47:23.801] [Server thread/DEBUG] [mixin/]: Renaming synthetic method lambda$mfix$markAsNeedingProtoChunkDrop$0(Lorg/embeddedt/modernfix/duck/release_protochunks/ISuspendedHolderTrackingChunkMap;Lnet/minecraft/world/level/chunk/ChunkAccess;Ljava/lang/Throwable;)V to mddff919$modernfix$lambda$mfix$markAsNeedingProtoChunkDrop$0$0 in modernfix-modernfix.mixins.json:perf.release_protochunks.ChunkHolderMixin from mod modernfix
[04Sep2026 01:47:23.803] [Server thread/DEBUG] [mixin/]: modernfix-modernfix.mixins.json:perf.release_protochunks.ChunkHolderMixin from mod modernfix->@Inject::recheckSuspensionAfterNeighbor(Ljava/util/concurrent/CompletableFuture;Lorg/spongepowered/asm/mixin/injection/callback/CallbackInfo;)V doesn't use it's CallbackInfo
[04Sep2026 01:47:23.803] [Server thread/DEBUG] [mixin/]: modernfix-modernfix.mixins.json:perf.release_protochunks.ChunkHolderMixin from mod modernfix->@Inject::recheckSuspensionAfterNeighbor(Ljava/util/concurrent/CompletableFuture;Lorg/spongepowered/asm/mixin/injection/callback/CallbackInfo;)V has 0 override(s) in child classes
[04Sep2026 01:47:23.803] [Server thread/DEBUG] [mixin/]: modernfix-modernfix.mixins.json:perf.release_protochunks.ChunkHolderMixin from mod modernfix->@Inject::recheckSuspensionAfterNeighbor(Ljava/util/concurrent/CompletableFuture;Lorg/spongepowered/asm/mixin/injection/callback/CallbackInfo;)V won't be passed a CallbackInfo as a result
[04Sep2026 01:47:23.803] [Server thread/DEBUG] [mixin/]: modernfix-modernfix.mixins.json:perf.release_protochunks.ChunkHolderMixin from mod modernfix->@Inject::markForSuspensionOnDemotion(Lnet/minecraft/server/level/ChunkMap;Ljava/util/concurrent/Executor;Lorg/spongepowered/asm/mixin/injection/callback/CallbackInfo;)V doesn't use it's CallbackInfo
[04Sep2026 01:47:23.803] [Server thread/DEBUG] [mixin/]: modernfix-modernfix.mixins.json:perf.release_protochunks.ChunkHolderMixin from mod modernfix->@Inject::markForSuspensionOnDemotion(Lnet/minecraft/server/level/ChunkMap;Ljava/util/concurrent/Executor;Lorg/spongepowered/asm/mixin/injection/callback/CallbackInfo;)V has 0 override(s) in child classes
[04Sep2026 01:47:23.803] [Server thread/DEBUG] [mixin/]: modernfix-modernfix.mixins.json:perf.release_protochunks.ChunkHolderMixin from mod modernfix->@Inject::markForSuspensionOnDemotion(Lnet/minecraft/server/level/ChunkMap;Ljava/util/concurrent/Executor;Lorg/spongepowered/asm/mixin/injection/callback/CallbackInfo;)V won't be passed a CallbackInfo as a result
[04Sep2026 01:47:23.810] [Server thread/DEBUG] [mixin/]: Mixing bugfix.chunk_deadlock.ChunkMapLoadMixin from modernfix-modernfix.mixins.json into net.minecraft.world.level.chunk.status.ChunkStatusTasks
[04Sep2026 01:47:23.810] [Server thread/DEBUG] [mixin/]: Renaming synthetic method lambda$createSurrogateFuture$2(Ljava/util/concurrent/CompletableFuture;Lnet/minecraft/world/level/chunk/ChunkAccess;Ljava/lang/Throwable;)V to mddff919$modernfix$lambda$createSurrogateFuture$2$0 in modernfix-modernfix.mixins.json:bugfix.chunk_deadlock.ChunkMapLoadMixin from mod modernfix
[04Sep2026 01:47:23.810] [Server thread/DEBUG] [mixin/]: Renaming synthetic method lambda$createSurrogateFuture$1(Ljava/util/concurrent/CompletableFuture;Ljava/util/function/Supplier;Ljava/lang/Void;)Lnet/minecraft/world/level/chunk/ChunkAccess; to mddff919$modernfix$lambda$createSurrogateFuture$1$1 in modernfix-modernfix.mixins.json:bugfix.chunk_deadlock.ChunkMapLoadMixin from mod modernfix
[04Sep2026 01:47:23.810] [Server thread/DEBUG] [mixin/]: Renaming synthetic method lambda$createSurrogateFuture$0()V to mddff919$modernfix$lambda$createSurrogateFuture$0$2 in modernfix-modernfix.mixins.json:bugfix.chunk_deadlock.ChunkMapLoadMixin from mod modernfix
[04Sep2026 01:47:23.814] [Server thread/DEBUG] [mixin/]: modernfix-modernfix.mixins.json:bugfix.chunk_deadlock.ChunkMapLoadMixin from mod modernfix->@Inject::completeSurrogateFuture(Lorg/spongepowered/asm/mixin/injection/callback/CallbackInfoReturnable;)V doesn't use it's CallbackInfoReturnable
[04Sep2026 01:47:23.825] [Server thread/DEBUG] [mixin/]: Mixing common.worldgen.MixinSurfaceSystem from eclipticseasons.mixins.json into net.minecraft.world.level.levelgen.SurfaceSystem
[04Sep2026 01:47:23.827] [Server thread/DEBUG] [mixin/]: Mixing perf.optimize_surface_rules.SurfaceSystemMixin from modernfix-modernfix.mixins.json into net.minecraft.world.level.levelgen.SurfaceSystem
[04Sep2026 01:47:23.833] [Server thread/DEBUG] [mixin/]: eclipticseasons.mixins.json:common.worldgen.MixinSurfaceSystem from mod eclipticseasons->@Inject::eclipticseasons$buildSurface_cacheBiome_init(Lnet/minecraft/world/level/levelgen/RandomState;Lnet/minecraft/world/level/biome/BiomeManager;Lnet/minecraft/core/Registry;ZLnet/minecraft/world/level/levelgen/WorldGenerationContext;Lnet/minecraft/world/level/chunk/ChunkAccess;Lnet/minecraft/world/level/levelgen/NoiseChunk;Lnet/minecraft/world/level/levelgen/SurfaceRules$RuleSource;Lorg/spongepowered/asm/mixin/injection/callback/CallbackInfo;)V doesn't use it's CallbackInfo
[04Sep2026 01:47:23.833] [Server thread/DEBUG] [mixin/]: eclipticseasons.mixins.json:common.worldgen.MixinSurfaceSystem from mod eclipticseasons->@Inject::eclipticseasons$buildSurface_cacheBiome_init(Lnet/minecraft/world/level/levelgen/RandomState;Lnet/minecraft/world/level/biome/BiomeManager;Lnet/minecraft/core/Registry;ZLnet/minecraft/world/level/levelgen/WorldGenerationContext;Lnet/minecraft/world/level/chunk/ChunkAccess;Lnet/minecraft/world/level/levelgen/NoiseChunk;Lnet/minecraft/world/level/levelgen/SurfaceRules$RuleSource;Lorg/spongepowered/asm/mixin/injection/callback/CallbackInfo;)V has 0 override(s) in child classes
[04Sep2026 01:47:23.833] [Server thread/DEBUG] [mixin/]: eclipticseasons.mixins.json:common.worldgen.MixinSurfaceSystem from mod eclipticseasons->@Inject::eclipticseasons$buildSurface_cacheBiome_init(Lnet/minecraft/world/level/levelgen/RandomState;Lnet/minecraft/world/level/biome/BiomeManager;Lnet/minecraft/core/Registry;ZLnet/minecraft/world/level/levelgen/WorldGenerationContext;Lnet/minecraft/world/level/chunk/ChunkAccess;Lnet/minecraft/world/level/levelgen/NoiseChunk;Lnet/minecraft/world/level/levelgen/SurfaceRules$RuleSource;Lorg/spongepowered/asm/mixin/injection/callback/CallbackInfo;)V won't be passed a CallbackInfo as a result
[04Sep2026 01:47:23.834] [Server thread/DEBUG] [mixin/]: eclipticseasons.mixins.json:common.worldgen.MixinSurfaceSystem from mod eclipticseasons->@Inject::eclipticseasons$buildSurface_cacheBiome(Lnet/minecraft/world/level/levelgen/RandomState;Lnet/minecraft/world/level/biome/BiomeManager;Lnet/minecraft/core/Registry;ZLnet/minecraft/world/level/levelgen/WorldGenerationContext;Lnet/minecraft/world/level/chunk/ChunkAccess;Lnet/minecraft/world/level/levelgen/NoiseChunk;Lnet/minecraft/world/level/levelgen/SurfaceRules$RuleSource;Lorg/spongepowered/asm/mixin/injection/callback/CallbackInfo;)V doesn't use it's CallbackInfo
[04Sep2026 01:47:23.834] [Server thread/DEBUG] [mixin/]: eclipticseasons.mixins.json:common.worldgen.MixinSurfaceSystem from mod eclipticseasons->@Inject::eclipticseasons$buildSurface_cacheBiome(Lnet/minecraft/world/level/levelgen/RandomState;Lnet/minecraft/world/level/biome/BiomeManager;Lnet/minecraft/core/Registry;ZLnet/minecraft/world/level/levelgen/WorldGenerationContext;Lnet/minecraft/world/level/chunk/ChunkAccess;Lnet/minecraft/world/level/levelgen/NoiseChunk;Lnet/minecraft/world/level/levelgen/SurfaceRules$RuleSource;Lorg/spongepowered/asm/mixin/injection/callback/CallbackInfo;)V has 0 override(s) in child classes
[04Sep2026 01:47:23.834] [Server thread/DEBUG] [mixin/]: eclipticseasons.mixins.json:common.worldgen.MixinSurfaceSystem from mod eclipticseasons->@Inject::eclipticseasons$buildSurface_cacheBiome(Lnet/minecraft/world/level/levelgen/RandomState;Lnet/minecraft/world/level/biome/BiomeManager;Lnet/minecraft/core/Registry;ZLnet/minecraft/world/level/levelgen/WorldGenerationContext;Lnet/minecraft/world/level/chunk/ChunkAccess;Lnet/minecraft/world/level/levelgen/NoiseChunk;Lnet/minecraft/world/level/levelgen/SurfaceRules$RuleSource;Lorg/spongepowered/asm/mixin/injection/callback/CallbackInfo;)V won't be passed a CallbackInfo as a result
[04Sep2026 01:47:23.834] [Server thread/DEBUG] [mixin/]: eclipticseasons.mixins.json:common.worldgen.MixinSurfaceSystem from mod eclipticseasons->@Inject::eclipticseasons$buildSurface_cacheBiome_end(Lnet/minecraft/world/level/levelgen/RandomState;Lnet/minecraft/world/level/biome/BiomeManager;Lnet/minecraft/core/Registry;ZLnet/minecraft/world/level/levelgen/WorldGenerationContext;Lnet/minecraft/world/level/chunk/ChunkAccess;Lnet/minecraft/world/level/levelgen/NoiseChunk;Lnet/minecraft/world/level/levelgen/SurfaceRules$RuleSource;Lorg/spongepowered/asm/mixin/injection/callback/CallbackInfo;)V doesn't use it's CallbackInfo
[04Sep2026 01:47:23.834] [Server thread/DEBUG] [mixin/]: eclipticseasons.mixins.json:common.worldgen.MixinSurfaceSystem from mod eclipticseasons->@Inject::eclipticseasons$buildSurface_cacheBiome_end(Lnet/minecraft/world/level/levelgen/RandomState;Lnet/minecraft/world/level/biome/BiomeManager;Lnet/minecraft/core/Registry;ZLnet/minecraft/world/level/levelgen/WorldGenerationContext;Lnet/minecraft/world/level/chunk/ChunkAccess;Lnet/minecraft/world/level/levelgen/NoiseChunk;Lnet/minecraft/world/level/levelgen/SurfaceRules$RuleSource;Lorg/spongepowered/asm/mixin/injection/callback/CallbackInfo;)V has 0 override(s) in child classes
[04Sep2026 01:47:23.834] [Server thread/DEBUG] [mixin/]: eclipticseasons.mixins.json:common.worldgen.MixinSurfaceSystem from mod eclipticseasons->@Inject::eclipticseasons$buildSurface_cacheBiome_end(Lnet/minecraft/world/level/levelgen/RandomState;Lnet/minecraft/world/level/biome/BiomeManager;Lnet/minecraft/core/Registry;ZLnet/minecraft/world/level/levelgen/WorldGenerationContext;Lnet/minecraft/world/level/chunk/ChunkAccess;Lnet/minecraft/world/level/levelgen/NoiseChunk;Lnet/minecraft/world/level/levelgen/SurfaceRules$RuleSource;Lorg/spongepowered/asm/mixin/injection/callback/CallbackInfo;)V won't be passed a CallbackInfo as a result
[04Sep2026 01:47:23.834] [Server thread/DEBUG] [mixin/]: modernfix-modernfix.mixins.json:perf.optimize_surface_rules.SurfaceSystemMixin from mod modernfix->@Inject::injectBiomesOnContext(Lorg/spongepowered/asm/mixin/injection/callback/CallbackInfo;)V doesn't use it's CallbackInfo
[04Sep2026 01:47:23.834] [Server thread/DEBUG] [mixin/]: modernfix-modernfix.mixins.json:perf.optimize_surface_rules.SurfaceSystemMixin from mod modernfix->@Inject::injectBiomesOnContext(Lorg/spongepowered/asm/mixin/injection/callback/CallbackInfo;)V has 0 override(s) in child classes
[04Sep2026 01:47:23.834] [Server thread/DEBUG] [mixin/]: modernfix-modernfix.mixins.json:perf.optimize_surface_rules.SurfaceSystemMixin from mod modernfix->@Inject::injectBiomesOnContext(Lorg/spongepowered/asm/mixin/injection/callback/CallbackInfo;)V won't be passed a CallbackInfo as a result
[04Sep2026 01:47:23.834] [Server thread/DEBUG] [mixin/]: modernfix-modernfix.mixins.json:perf.optimize_surface_rules.SurfaceSystemMixin from mod modernfix->@Inject::finishAndDisposeLookups(Lnet/minecraft/world/level/levelgen/RandomState;Lnet/minecraft/world/level/biome/BiomeManager;Lnet/minecraft/core/Registry;ZLnet/minecraft/world/level/levelgen/WorldGenerationContext;Lnet/minecraft/world/level/chunk/ChunkAccess;Lnet/minecraft/world/level/levelgen/NoiseChunk;Lnet/minecraft/world/level/levelgen/SurfaceRules$RuleSource;Lorg/spongepowered/asm/mixin/injection/callback/CallbackInfo;)V doesn't use it's CallbackInfo
[04Sep2026 01:47:23.834] [Server thread/DEBUG] [mixin/]: modernfix-modernfix.mixins.json:perf.optimize_surface_rules.SurfaceSystemMixin from mod modernfix->@Inject::finishAndDisposeLookups(Lnet/minecraft/world/level/levelgen/RandomState;Lnet/minecraft/world/level/biome/BiomeManager;Lnet/minecraft/core/Registry;ZLnet/minecraft/world/level/levelgen/WorldGenerationContext;Lnet/minecraft/world/level/chunk/ChunkAccess;Lnet/minecraft/world/level/levelgen/NoiseChunk;Lnet/minecraft/world/level/levelgen/SurfaceRules$RuleSource;Lorg/spongepowered/asm/mixin/injection/callback/CallbackInfo;)V has 0 override(s) in child classes
[04Sep2026 01:47:23.834] [Server thread/DEBUG] [mixin/]: modernfix-modernfix.mixins.json:perf.optimize_surface_rules.SurfaceSystemMixin from mod modernfix->@Inject::finishAndDisposeLookups(Lnet/minecraft/world/level/levelgen/RandomState;Lnet/minecraft/world/level/biome/BiomeManager;Lnet/minecraft/core/Registry;ZLnet/minecraft/world/level/levelgen/WorldGenerationContext;Lnet/minecraft/world/level/chunk/ChunkAccess;Lnet/minecraft/world/level/levelgen/NoiseChunk;Lnet/minecraft/world/level/levelgen/SurfaceRules$RuleSource;Lorg/spongepowered/asm/mixin/injection/callback/CallbackInfo;)V won't be passed a CallbackInfo as a result
[04Sep2026 01:47:23.834] [Server thread/DEBUG] [mixin/]: modernfix-modernfix.mixins.json:perf.optimize_surface_rules.SurfaceSystemMixin from mod modernfix->@Inject::captureRealBlockColumn(Lorg/spongepowered/asm/mixin/injection/callback/CallbackInfo;)V doesn't use it's CallbackInfo
[04Sep2026 01:47:23.834] [Server thread/DEBUG] [mixin/]: modernfix-modernfix.mixins.json:perf.optimize_surface_rules.SurfaceSystemMixin from mod modernfix->@Inject::captureRealBlockColumn(Lorg/spongepowered/asm/mixin/injection/callback/CallbackInfo;)V has 0 override(s) in child classes
[04Sep2026 01:47:23.834] [Server thread/DEBUG] [mixin/]: modernfix-modernfix.mixins.json:perf.optimize_surface_rules.SurfaceSystemMixin from mod modernfix->@Inject::captureRealBlockColumn(Lorg/spongepowered/asm/mixin/injection/callback/CallbackInfo;)V won't be passed a CallbackInfo as a result
[04Sep2026 01:47:23.834] [Server thread/DEBUG] [mixin/]: modernfix-modernfix.mixins.json:perf.optimize_surface_rules.SurfaceSystemMixin from mod modernfix->@Inject::prefetchBlockArray(Lnet/minecraft/world/level/levelgen/RandomState;Lnet/minecraft/world/level/biome/BiomeManager;Lnet/minecraft/core/Registry;ZLnet/minecraft/world/level/levelgen/WorldGenerationContext;Lnet/minecraft/world/level/chunk/ChunkAccess;Lnet/minecraft/world/level/levelgen/NoiseChunk;Lnet/minecraft/world/level/levelgen/SurfaceRules$RuleSource;Lorg/spongepowered/asm/mixin/injection/callback/CallbackInfo;)V doesn't use it's CallbackInfo
[04Sep2026 01:47:23.834] [Server thread/DEBUG] [mixin/]: modernfix-modernfix.mixins.json:perf.optimize_surface_rules.SurfaceSystemMixin from mod modernfix->@Inject::prefetchBlockArray(Lnet/minecraft/world/level/levelgen/RandomState;Lnet/minecraft/world/level/biome/BiomeManager;Lnet/minecraft/core/Registry;ZLnet/minecraft/world/level/levelgen/WorldGenerationContext;Lnet/minecraft/world/level/chunk/ChunkAccess;Lnet/minecraft/world/level/levelgen/NoiseChunk;Lnet/minecraft/world/level/levelgen/SurfaceRules$RuleSource;Lorg/spongepowered/asm/mixin/injection/callback/CallbackInfo;)V has 0 override(s) in child classes
[04Sep2026 01:47:23.834] [Server thread/DEBUG] [mixin/]: modernfix-modernfix.mixins.json:perf.optimize_surface_rules.SurfaceSystemMixin from mod modernfix->@Inject::prefetchBlockArray(Lnet/minecraft/world/level/levelgen/RandomState;Lnet/minecraft/world/level/biome/BiomeManager;Lnet/minecraft/core/Registry;ZLnet/minecraft/world/level/levelgen/WorldGenerationContext;Lnet/minecraft/world/level/chunk/ChunkAccess;Lnet/minecraft/world/level/levelgen/NoiseChunk;Lnet/minecraft/world/level/levelgen/SurfaceRules$RuleSource;Lorg/spongepowered/asm/mixin/injection/callback/CallbackInfo;)V won't be passed a CallbackInfo as a result
[04Sep2026 01:47:23.937] [Server thread/DEBUG] [mixin/]: Mixing perf.cache_strongholds.ChunkGeneratorMixin from modernfix-modernfix.mixins.json into net.minecraft.world.level.chunk.ChunkGeneratorStructureState
[04Sep2026 01:47:23.937] [Server thread/DEBUG] [mixin/]: Renaming synthetic method lambda$modernfix$cacheRingPositions$0(Lnet/minecraft/server/MinecraftServer;Ljava/lang/String;Ljava/util/List;)Ljava/util/List; to mddff919$modernfix$lambda$modernfix$cacheRingPositions$0$0 in modernfix-modernfix.mixins.json:perf.cache_strongholds.ChunkGeneratorMixin from mod modernfix
[04Sep2026 01:47:23.963] [Server thread/DEBUG] [mixin/]: Mixing common.chunk.MixinSimpleBitStorage from eclipticseasons.mixins.json into net.minecraft.util.SimpleBitStorage
[04Sep2026 01:47:23.981] [Server thread/DEBUG] [ModernFix/]: Using cached stronghold positions for e510847ccb4e1143dcd3ca778593eafc82a68b1384d2500c73399bd65a654284
[04Sep2026 01:47:24.001] [Server thread/WARN] [net.arphex.ArphexMod/]: [LEVEL LOAD] minecraft:overworld
[04Sep2026 01:47:24.020] [Server thread/WARN] [net.arphex.ArphexMod/]: [LEVEL LOAD] minecraft:the_end
[04Sep2026 01:47:24.027] [Server thread/WARN] [net.arphex.ArphexMod/]: [LEVEL LOAD] arphex:the_crawling
[04Sep2026 01:47:24.032] [Server thread/WARN] [net.arphex.ArphexMod/]: [LEVEL LOAD] minecraft:the_nether
[04Sep2026 01:47:24.035] [Server thread/WARN] [net.arphex.ArphexMod/]: [LEVEL LOAD] arphex:the_webrooms
[04Sep2026 01:47:24.037] [Server thread/INFO] [net.minecraft.server.MinecraftServer/]: Preparing start region for dimension minecraft:overworld
[04Sep2026 01:47:24.038] [Server thread/DEBUG] [mixin/]: Mixing bugfix.paper_chunk_patches.SortedArraySetMixin from modernfix-modernfix.mixins.json into net.minecraft.util.SortedArraySet
[04Sep2026 01:47:24.072] [Server thread/DEBUG] [mixin/]: Mixing neoforge.MixinChunkSerializer from architectury.mixins.json into net.minecraft.world.level.chunk.storage.ChunkSerializer
[04Sep2026 01:47:24.072] [Server thread/DEBUG] [mixin/]: architectury.mixins.json:neoforge.MixinChunkSerializer from mod architectury: Class version 65 required is higher than the class version supported by the current version of Mixin (JAVA_16 supports class version 60)
[04Sep2026 01:47:24.074] [Server thread/DEBUG] [mixin/]: architectury.mixins.json:neoforge.MixinChunkSerializer from mod architectury->@Inject::read(Lnet/minecraft/server/level/ServerLevel;Lnet/minecraft/world/entity/ai/village/poi/PoiManager;Lnet/minecraft/world/level/chunk/storage/RegionStorageInfo;Lnet/minecraft/world/level/ChunkPos;Lnet/minecraft/nbt/CompoundTag;Lorg/spongepowered/asm/mixin/injection/callback/CallbackInfoReturnable;)V doesn't use it's CallbackInfoReturnable
[04Sep2026 01:47:24.079] [Server thread/DEBUG] [mixin/]: Mixing perf.compact_imposterprotochunks.ImposterProtoChunkMixin from modernfix-modernfix.mixins.json into net.minecraft.world.level.chunk.ImposterProtoChunk
[04Sep2026 01:47:24.079] [Server thread/DEBUG] [mixin/]: Mixing perf.release_protochunks.ImposterProtoChunkMixin from modernfix-modernfix.mixins.json into net.minecraft.world.level.chunk.ImposterProtoChunk
[04Sep2026 01:47:24.081] [Server thread/DEBUG] [mixin/]: modernfix-modernfix.mixins.json:perf.compact_imposterprotochunks.ImposterProtoChunkMixin from mod modernfix->@Inject::replaceDuplicateObjects(Lnet/minecraft/world/level/chunk/LevelChunk;ZLorg/spongepowered/asm/mixin/injection/callback/CallbackInfo;)V doesn't use it's CallbackInfo
[04Sep2026 01:47:24.081] [Server thread/DEBUG] [mixin/]: modernfix-modernfix.mixins.json:perf.compact_imposterprotochunks.ImposterProtoChunkMixin from mod modernfix->@Inject::replaceDuplicateObjects(Lnet/minecraft/world/level/chunk/LevelChunk;ZLorg/spongepowered/asm/mixin/injection/callback/CallbackInfo;)V has 0 override(s) in child classes
[04Sep2026 01:47:24.081] [Server thread/DEBUG] [mixin/]: modernfix-modernfix.mixins.json:perf.compact_imposterprotochunks.ImposterProtoChunkMixin from mod modernfix->@Inject::replaceDuplicateObjects(Lnet/minecraft/world/level/chunk/LevelChunk;ZLorg/spongepowered/asm/mixin/injection/callback/CallbackInfo;)V won't be passed a CallbackInfo as a result
[04Sep2026 01:47:24.084] [Server thread/DEBUG] [mixin/]: Mixing common.chunk.MixinPalettedContainer from eclipticseasons.mixins.json into net.minecraft.world.level.chunk.PalettedContainer
[04Sep2026 01:47:24.085] [Server thread/DEBUG] [mixin/]: Mixing core.PalettedContainerMixin from modernfix-modernfix.mixins.json into net.minecraft.world.level.chunk.PalettedContainer
[04Sep2026 01:47:24.085] [Server thread/DEBUG] [mixin/]: Mixing perf.compact_bit_storage.PalettedContainerMixin from modernfix-modernfix.mixins.json into net.minecraft.world.level.chunk.PalettedContainer
[04Sep2026 01:47:24.087] [Server thread/DEBUG] [mixin/]: modernfix-modernfix.mixins.json:perf.compact_bit_storage.PalettedContainerMixin from mod modernfix->@Inject::validateData(Lnet/minecraft/network/FriendlyByteBuf;Lorg/spongepowered/asm/mixin/injection/callback/CallbackInfo;I)V doesn't use it's CallbackInfo
[04Sep2026 01:47:24.087] [Server thread/DEBUG] [mixin/]: modernfix-modernfix.mixins.json:perf.compact_bit_storage.PalettedContainerMixin from mod modernfix->@Inject::validateData(Lnet/minecraft/network/FriendlyByteBuf;Lorg/spongepowered/asm/mixin/injection/callback/CallbackInfo;I)V has 0 override(s) in child classes
[04Sep2026 01:47:24.087] [Server thread/DEBUG] [mixin/]: modernfix-modernfix.mixins.json:perf.compact_bit_storage.PalettedContainerMixin from mod modernfix->@Inject::validateData(Lnet/minecraft/network/FriendlyByteBuf;Lorg/spongepowered/asm/mixin/injection/callback/CallbackInfo;I)V won't be passed a CallbackInfo as a result
[04Sep2026 01:47:24.094] [Server thread/DEBUG] [mixin/]: Mixing common.chunk.MixinAccessorLevelChunkSection from eclipticseasons.mixins.json into net.minecraft.world.level.chunk.LevelChunkSection
[04Sep2026 01:47:24.098] [Server thread/DEBUG] [mixin/]: Mixing common.chunk.MixinZeroBitStorage from eclipticseasons.mixins.json into net.minecraft.util.ZeroBitStorage
[04Sep2026 01:47:24.306] [Server thread/DEBUG] [mixin/]: Mixing StructureTemplateMixin from touhou_little_maid.mixins.json into net.minecraft.world.level.levelgen.structure.templatesystem.StructureTemplate
[04Sep2026 01:47:24.306] [Server thread/DEBUG] [mixin/]: touhou_little_maid.mixins.json:StructureTemplateMixin from mod touhou_little_maid: Class version 65 required is higher than the class version supported by the current version of Mixin (JAVA_17 supports class version 61)
[04Sep2026 01:47:24.306] [Server thread/DEBUG] [mixin/]: Renaming synthetic method lambda$createEntityIgnoreException$0(Lnet/minecraft/world/level/ServerLevelAccessor;Lorg/spongepowered/asm/mixin/injection/callback/CallbackInfoReturnable;Lnet/minecraft/world/entity/Entity;)V to mddff919$touhou_little_maid$lambda$createEntityIgnoreException$0$0 in touhou_little_maid.mixins.json:StructureTemplateMixin from mod touhou_little_maid
[04Sep2026 01:47:24.310] [Server thread/DEBUG] [mixin/]: touhou_little_maid.mixins.json:StructureTemplateMixin from mod touhou_little_maid->@Inject::createEntityIgnoreException(Lnet/minecraft/world/level/ServerLevelAccessor;Lnet/minecraft/nbt/CompoundTag;Lorg/spongepowered/asm/mixin/injection/callback/CallbackInfoReturnable;)V does use it's CallbackInfoReturnable
[04Sep2026 01:47:24.310] [Server thread/DEBUG] [mixin/]: touhou_little_maid.mixins.json:StructureTemplateMixin from mod touhou_little_maid->@Inject::createEntityIgnoreException(Lnet/minecraft/world/level/ServerLevelAccessor;Lnet/minecraft/nbt/CompoundTag;Lorg/spongepowered/asm/mixin/injection/callback/CallbackInfoReturnable;)V does use it's CallbackInfoReturnable
[04Sep2026 01:47:24.434] [Worker-Main-2/INFO] [net.minecraft.server.level.progress.LoggerChunkProgressListener/]: Preparing spawn area: 0%
[04Sep2026 01:47:24.471] [Server thread/DEBUG] [eclipticseasons/]:  End create [-1, 1]
[04Sep2026 01:47:24.506] [Server thread/DEBUG] [mixin/]: Mixing LivingEntityAimMixin from tacz_tactical_breaching.mixins.json into com.tacz.guns.entity.shooter.LivingEntityAim
[04Sep2026 01:47:24.509] [Server thread/DEBUG] [mixin/]: tacz_tactical_breaching.mixins.json:LivingEntityAimMixin from mod tacz_tactical_breaching->@Inject::taczTacticalBreaching$suppressGunRunPoseWhenAllowed(Lorg/spongepowered/asm/mixin/injection/callback/CallbackInfo;)V doesn't use it's CallbackInfo
[04Sep2026 01:47:24.509] [Server thread/DEBUG] [mixin/]: tacz_tactical_breaching.mixins.json:LivingEntityAimMixin from mod tacz_tactical_breaching->@Inject::taczTacticalBreaching$suppressGunRunPoseWhenAllowed(Lorg/spongepowered/asm/mixin/injection/callback/CallbackInfo;)V has 0 override(s) in child classes
[04Sep2026 01:47:24.509] [Server thread/DEBUG] [mixin/]: tacz_tactical_breaching.mixins.json:LivingEntityAimMixin from mod tacz_tactical_breaching->@Inject::taczTacticalBreaching$suppressGunRunPoseWhenAllowed(Lorg/spongepowered/asm/mixin/injection/callback/CallbackInfo;)V won't be passed a CallbackInfo as a result
[04Sep2026 01:47:24.511] [Server thread/DEBUG] [mixin/]: Mixing LivingEntityShootMixin from tacz_tactical_breaching.mixins.json into com.tacz.guns.entity.shooter.LivingEntityShoot
[04Sep2026 01:47:24.513] [Server thread/DEBUG] [mixin/]: Mixing LivingEntityReloadMixin from tacz_tactical_breaching.mixins.json into com.tacz.guns.entity.shooter.LivingEntityReload
[04Sep2026 01:47:24.515] [Server thread/DEBUG] [mixin/]: Mixing LivingEntitySprintMixin from tacz_tactical_breaching.mixins.json into com.tacz.guns.entity.shooter.LivingEntitySprint
[04Sep2026 01:47:24.516] [Server thread/DEBUG] [mixin/]: tacz_tactical_breaching.mixins.json:LivingEntitySprintMixin from mod tacz_tactical_breaching->@Inject::taczTacticalBreaching$keepPlayerSprintingWhenAllowed(ZLorg/spongepowered/asm/mixin/injection/callback/CallbackInfoReturnable;)V does use it's CallbackInfoReturnable
[04Sep2026 01:47:24.517] [Server thread/DEBUG] [mixin/]: Mixing CombatTrackerAccessor from playerrevive.mixins.json into net.minecraft.world.damagesource.CombatTracker
[04Sep2026 01:47:24.517] [Server thread/DEBUG] [mixin/]: playerrevive.mixins.json:CombatTrackerAccessor from mod playerrevive: Class version 65 required is higher than the class version supported by the current version of Mixin (JAVA_17 supports class version 61)
[04Sep2026 01:47:24.524] [Server thread/DEBUG] [mixin/]: Mixing NodeEvaluatorBurningCacher from touhou_little_maid.mixins.json into net.minecraft.world.level.pathfinder.NodeEvaluator
[04Sep2026 01:47:24.524] [Server thread/DEBUG] [mixin/]: touhou_little_maid.mixins.json:NodeEvaluatorBurningCacher from mod touhou_little_maid: Class version 65 required is higher than the class version supported by the current version of Mixin (JAVA_17 supports class version 61)
[04Sep2026 01:47:24.528] [Server thread/DEBUG] [mixin/]: touhou_little_maid.mixins.json:NodeEvaluatorBurningCacher from mod touhou_little_maid->@Inject::isBurningBlock(Lnet/minecraft/world/level/block/state/BlockState;Lorg/spongepowered/asm/mixin/injection/callback/CallbackInfoReturnable;)V does use it's CallbackInfoReturnable
[04Sep2026 01:47:24.528] [Server thread/DEBUG] [mixin/]: touhou_little_maid.mixins.json:NodeEvaluatorBurningCacher from mod touhou_little_maid->@Inject::postIsBurningBlock(Lnet/minecraft/world/level/block/state/BlockState;Lorg/spongepowered/asm/mixin/injection/callback/CallbackInfoReturnable;)V does use it's CallbackInfoReturnable
[04Sep2026 01:47:24.565] [Server thread/INFO] [net.minecraft.server.level.progress.LoggerChunkProgressListener/]: Time elapsed: 528 ms
[04Sep2026 01:47:24.565] [Server thread/INFO] [net.minecraft.server.dedicated.DedicatedServer/]: Done (0.881s)! For help, type "help"
[04Sep2026 01:47:24.569] [Server thread/DEBUG] [net.neoforged.neoforge.network.DualStackUtils/]: Detected IPv6 address: "0:0:0:0:0:0:0:0"
[04Sep2026 01:47:24.617] [Server thread/DEBUG] [net.neoforged.neoforge.server.LanguageHook/]: Loaded 49 language files for en_us
[04Sep2026 01:47:24.625] [Server thread/INFO] [net.neoforged.neoforge.server.permission.PermissionAPI/]: Successfully initialized permission handler neoforge:default_handler
[04Sep2026 01:47:24.626] [Server thread/DEBUG] [Beltborne Lanterns/]:  - minecraft:lantern
[04Sep2026 01:47:24.626] [Server thread/DEBUG] [Beltborne Lanterns/]:  - minecraft:soul_lantern
[04Sep2026 01:47:24.626] [Server thread/DEBUG] [Beltborne Lanterns/]: Found 2 entries in #beltborne_lanterns:lamps
[04Sep2026 01:47:24.626] [Server thread/INFO] [Beltborne Lanterns/]: Lamp registry ready: 2 items (2 builtin, 0 extra)
[04Sep2026 01:47:24.626] [Server thread/DEBUG] [Beltborne Lanterns/]: Runtime datapack up-to-date (2 entries)
[04Sep2026 01:47:24.635] [Server thread/INFO] [patchouli/]: Sending reload packet to clients
[04Sep2026 01:47:24.635] [Server thread/WARN] [ModernFix/]: Dedicated server took 12.702 seconds to load
[04Sep2026 01:47:24.695] [Server thread/DEBUG] [mixin/]: Mixing MixinMoveToTargetSink from mca.mixins.json into net.minecraft.world.entity.ai.behavior.MoveToTargetSink
[04Sep2026 01:47:24.696] [Server thread/DEBUG] [mixin/]: mca.mixins.json:MixinMoveToTargetSink from mod mca: Class version 65 required is higher than the class version supported by the current version of Mixin (JAVA_17 supports class version 61)
[04Sep2026 01:47:28.005] [Netty Epoll Server IO #1/DEBUG] [io.netty.util.Recycler/]: -Dio.netty.recycler.maxCapacityPerThread: 4096
[04Sep2026 01:47:28.005] [Netty Epoll Server IO #1/DEBUG] [io.netty.util.Recycler/]: -Dio.netty.recycler.ratio: 8
[04Sep2026 01:47:28.005] [Netty Epoll Server IO #1/DEBUG] [io.netty.util.Recycler/]: -Dio.netty.recycler.chunkSize: 32
[04Sep2026 01:47:28.005] [Netty Epoll Server IO #1/DEBUG] [io.netty.util.Recycler/]: -Dio.netty.recycler.blocking: false
[04Sep2026 01:47:28.005] [Netty Epoll Server IO #1/DEBUG] [io.netty.util.Recycler/]: -Dio.netty.recycler.batchFastThreadLocalOnly: true
[04Sep2026 01:47:28.866] [Netty Epoll Server IO #2/DEBUG] [net.neoforged.neoforge.network.filters.NetworkFilters/]: Injected net.neoforged.neoforge.network.filters.GenericPacketSplitter@3a59109c into net.minecraft.network.Connection@7ad29134
[04Sep2026 01:47:29.676] [Netty Epoll Server IO #2/DEBUG] [tacz/HANDSHAKE_ACKNOWLEDGE]: Received acknowledgement from client
[04Sep2026 01:47:30.509] [Netty Epoll Server IO #2/DEBUG] [net.neoforged.neoforge.network.filters.NetworkFilters/]: Injected net.neoforged.neoforge.network.filters.GenericPacketSplitter@40a2e422 into net.minecraft.network.Connection@7ad29134
[04Sep2026 01:47:30.562] [Server thread/INFO] [net.minecraft.server.players.PlayerList/]: M4ST3RPR0[/127.137.205.19:57649] logged in with entity id 67 at (-376.7598949676598, 90.0, 622.4820045482596)
[04Sep2026 01:47:30.612] [Server thread/INFO] [net.minecraft.server.MinecraftServer/]: M4ST3RPR0 joined the game
[04Sep2026 01:47:30.653] [Server thread/DEBUG] [snownee.jade.Jade/]: Syncing config to M4ST3RPR0 (4ea693b3-ee2e-3401-a5ab-f674d11304a6)
[04Sep2026 01:47:30.669] [Server thread/DEBUG] [com.victoriomods.taczballisticbreaching.TaczTacticalBreaching/]: Synced 269 config values to M4ST3RPR0
[04Sep2026 01:47:30.762] [Server thread/DEBUG] [mixin/]: Mixing MixinItemExtension from architectury.mixins.json into dev.architectury.extensions.ItemExtension
[04Sep2026 01:47:30.762] [Server thread/DEBUG] [mixin/]: architectury.mixins.json:MixinItemExtension from mod architectury: Class version 65 required is higher than the class version supported by the current version of Mixin (JAVA_16 supports class version 60)
[04Sep2026 01:47:31.039] [Netty Epoll Server IO #3/DEBUG] [net.neoforged.neoforge.network.filters.NetworkFilters/]: Injected net.neoforged.neoforge.network.filters.GenericPacketSplitter@24a2d59e into net.minecraft.network.Connection@209d55d2
[04Sep2026 01:47:31.250] [Server thread/DEBUG] [eclipticseasons/]:  End create [-1, 0]
[04Sep2026 01:47:31.597] [Server thread/DEBUG] [eclipticseasons/]:  End create [-2, 1]
[04Sep2026 01:47:31.808] [Server thread/DEBUG] [eclipticseasons/]:  End create [-2, 0]
[04Sep2026 01:47:31.826] [Netty Epoll Server IO #3/DEBUG] [tacz/HANDSHAKE_ACKNOWLEDGE]: Received acknowledgement from client
[04Sep2026 01:47:32.084] [Server thread/DEBUG] [tacz/SYNC_BASE_TIMESTAMP]: Update server base timestamp: 1788486452082
[04Sep2026 01:47:32.621] [Netty Epoll Server IO #3/DEBUG] [net.neoforged.neoforge.network.filters.NetworkFilters/]: Injected net.neoforged.neoforge.network.filters.GenericPacketSplitter@668c6d9a into net.minecraft.network.Connection@209d55d2
[04Sep2026 01:47:32.635] [Server thread/INFO] [net.minecraft.server.players.PlayerList/]: Donvergas[/127.180.136.86:48107] logged in with entity id 342 at (-321.79977279363646, 66.0, 535.4239839073297)
[04Sep2026 01:47:32.637] [Server thread/INFO] [net.minecraft.server.MinecraftServer/]: Donvergas joined the game
[04Sep2026 01:47:32.647] [Server thread/DEBUG] [snownee.jade.Jade/]: Syncing config to Donvergas (f0f24110-3f87-3f68-94b6-f357b850a744)
[04Sep2026 01:47:32.648] [Server thread/DEBUG] [com.victoriomods.taczballisticbreaching.TaczTacticalBreaching/]: Synced 269 config values to Donvergas
[04Sep2026 01:47:34.421] [Server thread/DEBUG] [tacz/SYNC_BASE_TIMESTAMP]: Update server base timestamp: 1788486454421
[04Sep2026 01:47:34.700] [Worker-Main-3/DEBUG] [mixin/]: Mixing perf.worldgen_allocation.NoiseChunkMixin from modernfix-modernfix.mixins.json into net.minecraft.world.level.levelgen.NoiseChunk
[04Sep2026 01:47:34.770] [Worker-Main-1/DEBUG] [mixin/]: Mixing perf.worldgen_allocation.MaterialRuleListMixin from modernfix-modernfix.mixins.json into net.minecraft.world.level.levelgen.material.MaterialRuleList
[04Sep2026 01:47:34.976] [Worker-Main-4/DEBUG] [mixin/]: Mixing perf.worldgen_allocation.SurfaceRulesContextMixin from modernfix-modernfix.mixins.json into net.minecraft.world.level.levelgen.SurfaceRules$Context
[04Sep2026 01:47:34.977] [Worker-Main-4/DEBUG] [mixin/]: Mixing perf.optimize_surface_rules.SurfaceRulesContextMixin from modernfix-modernfix.mixins.json into net.minecraft.world.level.levelgen.SurfaceRules$Context
[04Sep2026 01:47:34.986] [Worker-Main-4/DEBUG] [mixin/]: Mixing perf.worldgen_allocation.SurfaceRulesMixin from modernfix-modernfix.mixins.json into net.minecraft.world.level.levelgen.SurfaceRules$VerticalGradientConditionSource$1VerticalGradientCondition
[04Sep2026 01:47:34.987] [Worker-Main-4/DEBUG] [mixin/]: Mixing perf.worldgen_allocation.SurfaceRulesMixin from modernfix-modernfix.mixins.json into net.minecraft.world.level.levelgen.SurfaceRules$StoneDepthCheck$1StoneDepthCondition
[04Sep2026 01:47:34.989] [Worker-Main-4/DEBUG] [mixin/]: Mixing perf.worldgen_allocation.SurfaceRulesMixin from modernfix-modernfix.mixins.json into net.minecraft.world.level.levelgen.SurfaceRules$YConditionSource$1YCondition
[04Sep2026 01:47:34.992] [Worker-Main-4/DEBUG] [mixin/]: Mixing perf.worldgen_allocation.SurfaceRulesMixin from modernfix-modernfix.mixins.json into net.minecraft.world.level.levelgen.SurfaceRules$WaterConditionSource$1WaterCondition
[04Sep2026 01:47:34.993] [Worker-Main-4/DEBUG] [mixin/]: Mixing perf.worldgen_allocation.SequenceRuleMixin from modernfix-modernfix.mixins.json into net.minecraft.world.level.levelgen.SurfaceRules$SequenceRule
[04Sep2026 01:47:42.513] [Server thread/INFO] [net.minecraft.server.MinecraftServer/]: [M4ST3RPR0: Set own game mode to Creative Mode]
[04Sep2026 01:47:46.610] [Worker-Main-1/DEBUG] [mixin/]: Mixing perf.worldgen_allocation.SurfaceRulesMixin from modernfix-modernfix.mixins.json into net.minecraft.world.level.levelgen.SurfaceRules$BiomeConditionSource$1BiomeCondition
[04Sep2026 01:47:53.846] [Server thread/DEBUG] [eclipticseasons/]:  Remove the empty Height Map [-2, 1]
[04Sep2026 01:47:53.846] [Server thread/DEBUG] [eclipticseasons/]:  Remove the empty Height Map [-2, 0]
[04Sep2026 01:50:14.614] [Server thread/INFO] [net.minecraft.server.MinecraftServer/]: Donvergas has made the advancement [Monster Hunter]
[04Sep2026 01:50:52.300] [Server thread/INFO] [net.minecraft.server.MinecraftServer/]: M4ST3RPR0 has made the advancement [Cover Me with Diamonds]
[04Sep2026 01:50:56.556] [Server thread/DEBUG] [mixin/]: Mixing MixinPiglinAi from curios.neoforge.mixins.json into net.minecraft.world.entity.monster.piglin.PiglinAi
[04Sep2026 01:50:56.565] [Server thread/DEBUG] [mixin/]: curios.neoforge.mixins.json:MixinPiglinAi from mod curios->@Inject::curios$isWearingGold(Lnet/minecraft/world/entity/LivingEntity;Lorg/spongepowered/asm/mixin/injection/callback/CallbackInfoReturnable;)V does use it's CallbackInfoReturnable
[04Sep2026 01:50:56.565] [Server thread/DEBUG] [mixin/]: curios.neoforge.mixins.json:MixinPiglinAi from mod curios->@Inject::curios$isWearingGold(Lnet/minecraft/world/entity/LivingEntity;Lorg/spongepowered/asm/mixin/injection/callback/CallbackInfoReturnable;)V does use it's CallbackInfoReturnable
[04Sep2026 01:50:57.656] [Server thread/INFO] [net.minecraft.server.MinecraftServer/]: M4ST3RPR0 has made the advancement [Gearing Up]
[04Sep2026 01:51:17.033] [Server thread/INFO] [net.minecraft.server.MinecraftServer/]: M4ST3RPR0 has made the advancement [Pack It Up]
[04Sep2026 01:51:41.559] [Server thread/INFO] [net.minecraft.server.MinecraftServer/]: Donvergas has made the advancement [Cover Me with Diamonds]
[04Sep2026 01:52:24.654] [Server thread/DEBUG] [net.neoforged.neoforge.common.CommonHooks/WP]: Gathered mod list to write to world save world
[04Sep2026 01:53:38.685] [Server thread/INFO] [net.minecraft.server.MinecraftServer/]: M4ST3RPR0 has made the advancement [Voice Acting]
[04Sep2026 01:55:56.237] [Server thread/DEBUG] [mixin/]: Mixing MixinSleepInBed from mca.mixins.json into net.minecraft.world.entity.ai.behavior.SleepInBed
[04Sep2026 01:55:56.238] [Server thread/DEBUG] [mixin/]: mca.mixins.json:MixinSleepInBed from mod mca: Class version 65 required is higher than the class version supported by the current version of Mixin (JAVA_17 supports class version 61)
[04Sep2026 01:55:56.280] [Server thread/DEBUG] [net.conczin.mca.MCA/]: [MCA player hitbox] projected player-data scale uuid=4ea693b3-ee2e-3401-a5ab-f674d11304a6 scale=1.0x1.0
[04Sep2026 01:55:56.280] [Server thread/DEBUG] [net.conczin.mca.MCA/]: [MCA player hitbox] refresh before server player data refresh player=M4ST3RPR0 uuid=4ea693b3-ee2e-3401-a5ab-f674d11304a6 side=server pose=STANDING cached=0.6x1.8 bb=[-256.8399326833757, 64.0, 507.39999997615814 -> -256.23993265953385, 65.79999995231628, 508.0]
[04Sep2026 01:55:56.280] [Server thread/DEBUG] [net.conczin.mca.MCA/]: [MCA player hitbox] refresh after server player data refresh player=M4ST3RPR0 uuid=4ea693b3-ee2e-3401-a5ab-f674d11304a6 side=server pose=STANDING cached=0.6x1.8 bb=[-256.8399326833757, 64.0, 507.39999997615814 -> -256.23993265953385, 65.79999995231628, 508.0]
[04Sep2026 01:56:07.011] [Server thread/DEBUG] [net.conczin.mca.MCA/]: [MCA player hitbox] projected player-data scale uuid=4ea693b3-ee2e-3401-a5ab-f674d11304a6 scale=0.9015776x0.86594343
[04Sep2026 01:56:07.012] [Server thread/DEBUG] [net.conczin.mca.MCA/]: [MCA player hitbox] refresh before server player data refresh player=M4ST3RPR0 uuid=4ea693b3-ee2e-3401-a5ab-f674d11304a6 side=server pose=STANDING cached=0.6x1.8 bb=[-256.8399326833757, 64.0, 507.39999997615814 -> -256.23993265953385, 65.79999995231628, 508.0]
[04Sep2026 01:56:07.012] [Server thread/DEBUG] [net.conczin.mca.MCA/]: [MCA player hitbox] refresh after server player data refresh player=M4ST3RPR0 uuid=4ea693b3-ee2e-3401-a5ab-f674d11304a6 side=server pose=STANDING cached=0.6x1.8 bb=[-256.8399326833757, 64.0, 507.39999997615814 -> -256.23993265953385, 65.79999995231628, 508.0]
[04Sep2026 01:56:07.420] [Server thread/DEBUG] [net.conczin.mca.MCA/]: [MCA player hitbox] projected player-data scale uuid=4ea693b3-ee2e-3401-a5ab-f674d11304a6 scale=1.0x1.0
[04Sep2026 01:56:07.421] [Server thread/DEBUG] [net.conczin.mca.MCA/]: [MCA player hitbox] refresh before server player data refresh player=M4ST3RPR0 uuid=4ea693b3-ee2e-3401-a5ab-f674d11304a6 side=server pose=STANDING cached=0.6x1.8 bb=[-256.8399326833757, 64.0, 507.39999997615814 -> -256.23993265953385, 65.79999995231628, 508.0]
[04Sep2026 01:56:07.422] [Server thread/DEBUG] [net.conczin.mca.MCA/]: [MCA player hitbox] refresh after server player data refresh player=M4ST3RPR0 uuid=4ea693b3-ee2e-3401-a5ab-f674d11304a6 side=server pose=STANDING cached=0.6x1.8 bb=[-256.8399326833757, 64.0, 507.39999997615814 -> -256.23993265953385, 65.79999995231628, 508.0]
[04Sep2026 01:56:38.555] [Server thread/INFO] [net.minecraft.server.MinecraftServer/]: [M4ST3RPR0: Set own game mode to Survival Mode]
[04Sep2026 01:56:54.059] [Server thread/INFO] [net.minecraft.server.MinecraftServer/]: M4ST3RPR0 has made the advancement [Monster Hunter]
[04Sep2026 01:56:56.760] [Server thread/INFO] [net.minecraft.server.MinecraftServer/]: M4ST3RPR0 has made the advancement [Keep Track of Time]
[04Sep2026 01:57:24.664] [Server thread/DEBUG] [net.neoforged.neoforge.common.CommonHooks/WP]: Gathered mod list to write to world save world
[04Sep2026 01:57:26.329] [Server thread/DEBUG] [eclipticseasons/]:  End create [-2, 0]
[04Sep2026 01:59:09.907] [Server thread/DEBUG] [eclipticseasons/]:  End create [-1, -1]
[04Sep2026 01:59:09.992] [Server thread/DEBUG] [eclipticseasons/]:  End create [-2, -1]
[04Sep2026 01:59:49.464] [Server thread/INFO] [net.minecraft.server.MinecraftServer/]: [M4ST3RPR0: Set the weather to clear]
[04Sep2026 02:00:01.861] [Server thread/DEBUG] [eclipticseasons/]:  Remove the empty Height Map [-1, 0]
[04Sep2026 02:00:01.861] [Server thread/DEBUG] [eclipticseasons/]:  Remove the empty Height Map [-2, 0]
[04Sep2026 02:00:35.332] [Server thread/DEBUG] [eclipticseasons/]:  End create [-1, -2]
[04Sep2026 02:00:35.682] [Server thread/DEBUG] [eclipticseasons/]:  End create [-2, -2]
[04Sep2026 02:00:50.142] [Server thread/DEBUG] [eclipticseasons/]:  Remove the empty Height Map [-1, -2]
[04Sep2026 02:00:50.143] [Server thread/DEBUG] [eclipticseasons/]:  Remove the empty Height Map [-2, -2]
[04Sep2026 02:00:57.736] [Server thread/WARN] [net.minecraft.server.network.ServerGamePacketListenerImpl/]: Oak Boat (vehicle of Donvergas) moved wrongly! 0.27390764835513437
[04Sep2026 02:00:57.738] [Server thread/WARN] [net.minecraft.server.network.ServerGamePacketListenerImpl/]: Oak Boat (vehicle of Donvergas) moved wrongly! 0.2796946838858503
[04Sep2026 02:00:57.784] [Server thread/WARN] [net.minecraft.server.network.ServerGamePacketListenerImpl/]: Oak Boat (vehicle of Donvergas) moved wrongly! 0.35141756582322614
[04Sep2026 02:00:57.914] [Server thread/WARN] [net.minecraft.server.network.ServerGamePacketListenerImpl/]: Oak Boat (vehicle of Donvergas) moved wrongly! 0.46032326310614735
[04Sep2026 02:01:27.060] [Server thread/DEBUG] [eclipticseasons/]:  Remove the empty Height Map [-2, -1]
[04Sep2026 02:01:31.685] [Server thread/DEBUG] [eclipticseasons/]:  End create [0, -1]
[04Sep2026 02:01:45.484] [Server thread/DEBUG] [eclipticseasons/]:  End create [-1, -2]
[04Sep2026 02:01:45.493] [Server thread/DEBUG] [eclipticseasons/]:  End create [0, -2]
[04Sep2026 02:02:24.643] [Server thread/DEBUG] [net.neoforged.neoforge.common.CommonHooks/WP]: Gathered mod list to write to world save world
[04Sep2026 02:03:03.617] [Server thread/DEBUG] [eclipticseasons/]:  End create [1, -2]
[04Sep2026 02:03:03.626] [Server thread/DEBUG] [eclipticseasons/]:  End create [1, -1]
[04Sep2026 02:03:03.714] [Server thread/DEBUG] [eclipticseasons/]:  Remove the empty Height Map [-1, -1]
[04Sep2026 02:03:03.714] [Server thread/DEBUG] [eclipticseasons/]:  Remove the empty Height Map [-1, -2]
[04Sep2026 02:03:51.642] [Server thread/DEBUG] [eclipticseasons/]:  Remove the empty Height Map [0, -1]
[04Sep2026 02:03:51.642] [Server thread/DEBUG] [eclipticseasons/]:  Remove the empty Height Map [1, -1]
[04Sep2026 02:04:17.651] [Server thread/DEBUG] [eclipticseasons/]:  Remove the empty Height Map [0, -2]
[04Sep2026 02:04:18.692] [Server thread/DEBUG] [eclipticseasons/]:  End create [1, -3]
[04Sep2026 02:04:59.601] [Server thread/DEBUG] [eclipticseasons/]:  End create [2, -3]
[04Sep2026 02:04:59.625] [Server thread/DEBUG] [eclipticseasons/]:  End create [2, -2]
[04Sep2026 02:07:24.616] [Server thread/DEBUG] [net.neoforged.neoforge.common.CommonHooks/WP]: Gathered mod list to write to world save world
[04Sep2026 02:07:37.183] [Server thread/INFO] [net.minecraft.server.MinecraftServer/]: Donvergas has made the advancement [Gearing Up]
[04Sep2026 02:08:05.904] [Server thread/DEBUG] [eclipticseasons/]:  Remove the empty Height Map [1, -2]
[04Sep2026 02:08:05.904] [Server thread/DEBUG] [eclipticseasons/]:  Remove the empty Height Map [1, -3]
[04Sep2026 02:08:59.542] [Server thread/DEBUG] [eclipticseasons/]:  End create [3, -2]
[04Sep2026 02:08:59.555] [Server thread/DEBUG] [eclipticseasons/]:  End create [3, -3]
[04Sep2026 02:09:22.254] [Server thread/INFO] [net.minecraft.server.MinecraftServer/]: M4ST3RPR0 has made the advancement [Crops of the Wild]
[04Sep2026 02:09:31.855] [Server thread/DEBUG] [eclipticseasons/]:  Remove the empty Height Map [2, -3]
[04Sep2026 02:09:31.855] [Server thread/DEBUG] [eclipticseasons/]:  Remove the empty Height Map [3, -3]
[04Sep2026 02:09:56.593] [Server thread/INFO] [net.minecraft.server.MinecraftServer/]: M4ST3RPR0 has reached the goal [Little Hunter]
[04Sep2026 02:09:56.594] [Server thread/INFO] [net.minecraft.server.MinecraftServer/]: M4ST3RPR0 has made the advancement [Annoying Little Faes]
[04Sep2026 02:09:58.056] [Server thread/INFO] [net.minecraft.server.MinecraftServer/]: M4ST3RPR0 has made the advancement [Taste the Rainbow]
[04Sep2026 02:10:26.182] [Server thread/DEBUG] [eclipticseasons/]:  End create [2, -1]
[04Sep2026 02:10:26.310] [Server thread/DEBUG] [eclipticseasons/]:  End create [3, -1]
[04Sep2026 02:11:40.601] [Server thread/INFO] [net.minecraft.server.network.ServerGamePacketListenerImpl/]: M4ST3RPR0 lost connection: Disconnected
[04Sep2026 02:11:40.602] [Server thread/INFO] [net.minecraft.server.MinecraftServer/]: M4ST3RPR0 left the game
[04Sep2026 02:12:24.608] [Server thread/DEBUG] [net.neoforged.neoforge.common.CommonHooks/WP]: Gathered mod list to write to world save world
[04Sep2026 02:12:59.194] [Server thread/INFO] [net.minecraft.server.MinecraftServer/]: Donvergas has made the advancement [Taste the Rainbow]
[04Sep2026 02:13:06.961] [Server thread/INFO] [net.minecraft.server.MinecraftServer/]: Donvergas has made the advancement [Keep Track of Time]
[04Sep2026 02:13:53.870] [Server thread/INFO] [net.minecraft.server.MinecraftServer/]: Donvergas has made the advancement [Crimson Promise]
[04Sep2026 02:17:24.631] [Server thread/DEBUG] [net.neoforged.neoforge.common.CommonHooks/WP]: Gathered mod list to write to world save world
[04Sep2026 02:17:58.882] [Server thread/INFO] [net.minecraft.server.MinecraftServer/]: Donvergas has made the advancement [Cosplay!]
[04Sep2026 02:19:51.961] [Server thread/INFO] [net.minecraft.server.MinecraftServer/]: Donvergas has made the advancement [Sunny Affection]
[04Sep2026 02:19:56.763] [Server thread/INFO] [net.minecraft.server.MinecraftServer/]: Donvergas has made the advancement [Pure Vow]
[04Sep2026 02:22:24.627] [Server thread/DEBUG] [net.neoforged.neoforge.common.CommonHooks/WP]: Gathered mod list to write to world save world
[04Sep2026 02:23:34.674] [Server thread/INFO] [net.minecraft.server.MinecraftServer/]: Donvergas has made the advancement [Job-Change]
[04Sep2026 02:26:37.914] [Server thread/INFO] [net.minecraft.server.MinecraftServer/]: Donvergas has made the advancement [Acquire Hardware]
[04Sep2026 02:27:24.639] [Server thread/DEBUG] [net.neoforged.neoforge.common.CommonHooks/WP]: Gathered mod list to write to world save world
[04Sep2026 02:28:51.310] [Server thread/INFO] [net.minecraft.server.MinecraftServer/]: Donvergas has made the advancement [Suit Up]
[04Sep2026 02:32:24.633] [Server thread/DEBUG] [net.neoforged.neoforge.common.CommonHooks/WP]: Gathered mod list to write to world save world
[04Sep2026 02:33:55.193] [Server thread/INFO] [net.minecraft.server.MinecraftServer/]: Donvergas has reached the goal [Little Hunter]
[04Sep2026 02:34:48.258] [Server thread/INFO] [net.minecraft.server.MinecraftServer/]: Donvergas has made the advancement [Annoying Little Faes]
[04Sep2026 02:35:05.342] [Server thread/DEBUG] [eclipticseasons/]:  Remove the empty Height Map [2, -2]
[04Sep2026 02:35:05.342] [Server thread/DEBUG] [eclipticseasons/]:  Remove the empty Height Map [3, -2]
[04Sep2026 02:35:05.342] [Server thread/DEBUG] [eclipticseasons/]:  Remove the empty Height Map [3, -1]
[04Sep2026 02:35:57.756] [Server thread/DEBUG] [eclipticseasons/]:  End create [1, -1]
[04Sep2026 02:35:58.504] [Server thread/DEBUG] [eclipticseasons/]:  Remove the empty Height Map [1, -1]
[04Sep2026 02:36:05.547] [Server thread/DEBUG] [eclipticseasons/]:  End create [1, -1]
[04Sep2026 02:36:59.750] [Server thread/DEBUG] [eclipticseasons/]:  End create [2, -2]
[04Sep2026 02:36:59.808] [Server thread/DEBUG] [eclipticseasons/]:  End create [1, -2]
[04Sep2026 02:37:24.641] [Server thread/DEBUG] [net.neoforged.neoforge.common.CommonHooks/WP]: Gathered mod list to write to world save world
[04Sep2026 02:37:37.115] [Server thread/DEBUG] [eclipticseasons/]:  Remove the empty Height Map [1, -1]
[04Sep2026 02:37:37.115] [Server thread/DEBUG] [eclipticseasons/]:  Remove the empty Height Map [1, -2]
[04Sep2026 02:38:06.043] [Server thread/INFO] [net.minecraft.server.network.ServerGamePacketListenerImpl/]: Donvergas lost connection: Disconnected
[04Sep2026 02:38:06.043] [Server thread/INFO] [net.minecraft.server.MinecraftServer/]: Donvergas left the game
[04Sep2026 02:38:06.044] [Server thread/INFO] [net.minecraft.server.MinecraftServer/]: Donvergas withered away
[04Sep2026 02:38:06.045] [Server thread/INFO] [gravestone/]: The death ID of player Donvergas is 715868c1-13e6-43bb-b68f-ca74d15ba154
[04Sep2026 02:38:08.037] [Server thread/DEBUG] [eclipticseasons/]:  Remove the empty Height Map [2, -1]
[04Sep2026 02:38:08.037] [Server thread/DEBUG] [eclipticseasons/]:  Remove the empty Height Map [2, -2]
[04Sep2026 02:42:24.592] [Server thread/DEBUG] [net.neoforged.neoforge.common.CommonHooks/WP]: Gathered mod list to write to world save world
[04Sep2026 02:47:24.592] [Server thread/DEBUG] [net.neoforged.neoforge.common.CommonHooks/WP]: Gathered mod list to write to world save world
[04Sep2026 02:52:24.593] [Server thread/DEBUG] [net.neoforged.neoforge.common.CommonHooks/WP]: Gathered mod list to write to world save world
[04Sep2026 02:57:24.594] [Server thread/DEBUG] [net.neoforged.neoforge.common.CommonHooks/WP]: Gathered mod list to write to world save world
[04Sep2026 03:02:24.592] [Server thread/DEBUG] [net.neoforged.neoforge.common.CommonHooks/WP]: Gathered mod list to write to world save world
[04Sep2026 03:07:24.592] [Server thread/DEBUG] [net.neoforged.neoforge.common.CommonHooks/WP]: Gathered mod list to write to world save world
[04Sep2026 03:12:24.593] [Server thread/DEBUG] [net.neoforged.neoforge.common.CommonHooks/WP]: Gathered mod list to write to world save world
[04Sep2026 03:17:24.592] [Server thread/DEBUG] [net.neoforged.neoforge.common.CommonHooks/WP]: Gathered mod list to write to world save world
[04Sep2026 03:22:24.593] [Server thread/DEBUG] [net.neoforged.neoforge.common.CommonHooks/WP]: Gathered mod list to write to world save world
[04Sep2026 03:27:24.592] [Server thread/DEBUG] [net.neoforged.neoforge.common.CommonHooks/WP]: Gathered mod list to write to world save world
[04Sep2026 03:32:24.594] [Server thread/DEBUG] [net.neoforged.neoforge.common.CommonHooks/WP]: Gathered mod list to write to world save world
[04Sep2026 03:37:24.592] [Server thread/DEBUG] [net.neoforged.neoforge.common.CommonHooks/WP]: Gathered mod list to write to world save world
[04Sep2026 03:42:24.594] [Server thread/DEBUG] [net.neoforged.neoforge.common.CommonHooks/WP]: Gathered mod list to write to world save world
[04Sep2026 03:47:24.592] [Server thread/DEBUG] [net.neoforged.neoforge.common.CommonHooks/WP]: Gathered mod list to write to world save world
[04Sep2026 03:52:24.593] [Server thread/DEBUG] [net.neoforged.neoforge.common.CommonHooks/WP]: Gathered mod list to write to world save world
[04Sep2026 03:57:24.592] [Server thread/DEBUG] [net.neoforged.neoforge.common.CommonHooks/WP]: Gathered mod list to write to world save world
[04Sep2026 04:02:24.593] [Server thread/DEBUG] [net.neoforged.neoforge.common.CommonHooks/WP]: Gathered mod list to write to world save world
[04Sep2026 04:07:24.593] [Server thread/DEBUG] [net.neoforged.neoforge.common.CommonHooks/WP]: Gathered mod list to write to world save world
[04Sep2026 04:12:24.594] [Server thread/DEBUG] [net.neoforged.neoforge.common.CommonHooks/WP]: Gathered mod list to write to world save world
[04Sep2026 04:17:24.594] [Server thread/DEBUG] [net.neoforged.neoforge.common.CommonHooks/WP]: Gathered mod list to write to world save world
[04Sep2026 04:22:24.593] [Server thread/DEBUG] [net.neoforged.neoforge.common.CommonHooks/WP]: Gathered mod list to write to world save world
[04Sep2026 04:27:24.594] [Server thread/DEBUG] [net.neoforged.neoforge.common.CommonHooks/WP]: Gathered mod list to write to world save world
[04Sep2026 04:32:24.594] [Server thread/DEBUG] [net.neoforged.neoforge.common.CommonHooks/WP]: Gathered mod list to write to world save world
[04Sep2026 04:37:24.593] [Server thread/DEBUG] [net.neoforged.neoforge.common.CommonHooks/WP]: Gathered mod list to write to world save world
[04Sep2026 04:42:24.592] [Server thread/DEBUG] [net.neoforged.neoforge.common.CommonHooks/WP]: Gathered mod list to write to world save world
[04Sep2026 04:47:24.593] [Server thread/DEBUG] [net.neoforged.neoforge.common.CommonHooks/WP]: Gathered mod list to write to world save world
[04Sep2026 04:52:24.594] [Server thread/DEBUG] [net.neoforged.neoforge.common.CommonHooks/WP]: Gathered mod list to write to world save world
[04Sep2026 04:57:24.594] [Server thread/DEBUG] [net.neoforged.neoforge.common.CommonHooks/WP]: Gathered mod list to write to world save world
[04Sep2026 05:02:24.593] [Server thread/DEBUG] [net.neoforged.neoforge.common.CommonHooks/WP]: Gathered mod list to write to world save world
[04Sep2026 05:07:24.594] [Server thread/DEBUG] [net.neoforged.neoforge.common.CommonHooks/WP]: Gathered mod list to write to world save world
[04Sep2026 05:12:24.592] [Server thread/DEBUG] [net.neoforged.neoforge.common.CommonHooks/WP]: Gathered mod list to write to world save world
[04Sep2026 05:17:24.593] [Server thread/DEBUG] [net.neoforged.neoforge.common.CommonHooks/WP]: Gathered mod list to write to world save world
[04Sep2026 05:22:24.593] [Server thread/DEBUG] [net.neoforged.neoforge.common.CommonHooks/WP]: Gathered mod list to write to world save world
[04Sep2026 05:27:24.594] [Server thread/DEBUG] [net.neoforged.neoforge.common.CommonHooks/WP]: Gathered mod list to write to world save world
[04Sep2026 05:32:24.593] [Server thread/DEBUG] [net.neoforged.neoforge.common.CommonHooks/WP]: Gathered mod list to write to world save world
[04Sep2026 05:37:24.594] [Server thread/DEBUG] [net.neoforged.neoforge.common.CommonHooks/WP]: Gathered mod list to write to world save world
[04Sep2026 05:42:24.592] [Server thread/DEBUG] [net.neoforged.neoforge.common.CommonHooks/WP]: Gathered mod list to write to world save world
[04Sep2026 05:47:24.593] [Server thread/DEBUG] [net.neoforged.neoforge.common.CommonHooks/WP]: Gathered mod list to write to world save world
[04Sep2026 05:52:24.592] [Server thread/DEBUG] [net.neoforged.neoforge.common.CommonHooks/WP]: Gathered mod list to write to world save world
[04Sep2026 05:57:24.592] [Server thread/DEBUG] [net.neoforged.neoforge.common.CommonHooks/WP]: Gathered mod list to write to world save world
[04Sep2026 06:02:24.594] [Server thread/DEBUG] [net.neoforged.neoforge.common.CommonHooks/WP]: Gathered mod list to write to world save world
[04Sep2026 06:07:24.593] [Server thread/DEBUG] [net.neoforged.neoforge.common.CommonHooks/WP]: Gathered mod list to write to world save world
[04Sep2026 06:12:24.593] [Server thread/DEBUG] [net.neoforged.neoforge.common.CommonHooks/WP]: Gathered mod list to write to world save world
[04Sep2026 06:17:24.592] [Server thread/DEBUG] [net.neoforged.neoforge.common.CommonHooks/WP]: Gathered mod list to write to world save world
[04Sep2026 06:22:24.593] [Server thread/DEBUG] [net.neoforged.neoforge.common.CommonHooks/WP]: Gathered mod list to write to world save world
[04Sep2026 06:27:24.594] [Server thread/DEBUG] [net.neoforged.neoforge.common.CommonHooks/WP]: Gathered mod list to write to world save world
[04Sep2026 06:32:24.592] [Server thread/DEBUG] [net.neoforged.neoforge.common.CommonHooks/WP]: Gathered mod list to write to world save world
[04Sep2026 06:37:24.593] [Server thread/DEBUG] [net.neoforged.neoforge.common.CommonHooks/WP]: Gathered mod list to write to world save world
[04Sep2026 06:42:24.592] [Server thread/DEBUG] [net.neoforged.neoforge.common.CommonHooks/WP]: Gathered mod list to write to world save world
[04Sep2026 06:47:24.592] [Server thread/DEBUG] [net.neoforged.neoforge.common.CommonHooks/WP]: Gathered mod list to write to world save world
[04Sep2026 06:52:24.592] [Server thread/DEBUG] [net.neoforged.neoforge.common.CommonHooks/WP]: Gathered mod list to write to world save world
[04Sep2026 06:57:24.592] [Server thread/DEBUG] [net.neoforged.neoforge.common.CommonHooks/WP]: Gathered mod list to write to world save world
[04Sep2026 07:02:24.594] [Server thread/DEBUG] [net.neoforged.neoforge.common.CommonHooks/WP]: Gathered mod list to write to world save world
[04Sep2026 07:07:24.592] [Server thread/DEBUG] [net.neoforged.neoforge.common.CommonHooks/WP]: Gathered mod list to write to world save world
[04Sep2026 07:12:24.592] [Server thread/DEBUG] [net.neoforged.neoforge.common.CommonHooks/WP]: Gathered mod list to write to world save world
[04Sep2026 07:17:24.592] [Server thread/DEBUG] [net.neoforged.neoforge.common.CommonHooks/WP]: Gathered mod list to write to world save world
[04Sep2026 07:22:24.592] [Server thread/DEBUG] [net.neoforged.neoforge.common.CommonHooks/WP]: Gathered mod list to write to world save world
[04Sep2026 07:27:24.592] [Server thread/DEBUG] [net.neoforged.neoforge.common.CommonHooks/WP]: Gathered mod list to write to world save world
[04Sep2026 07:32:24.592] [Server thread/DEBUG] [net.neoforged.neoforge.common.CommonHooks/WP]: Gathered mod list to write to world save world
[04Sep2026 07:37:24.594] [Server thread/DEBUG] [net.neoforged.neoforge.common.CommonHooks/WP]: Gathered mod list to write to world save world
[04Sep2026 07:42:24.592] [Server thread/DEBUG] [net.neoforged.neoforge.common.CommonHooks/WP]: Gathered mod list to write to world save world
[04Sep2026 07:47:24.593] [Server thread/DEBUG] [net.neoforged.neoforge.common.CommonHooks/WP]: Gathered mod list to write to world save world
[04Sep2026 07:52:24.593] [Server thread/DEBUG] [net.neoforged.neoforge.common.CommonHooks/WP]: Gathered mod list to write to world save world
[04Sep2026 07:57:24.592] [Server thread/DEBUG] [net.neoforged.neoforge.common.CommonHooks/WP]: Gathered mod list to write to world save world
[04Sep2026 08:02:24.593] [Server thread/DEBUG] [net.neoforged.neoforge.common.CommonHooks/WP]: Gathered mod list to write to world save world
[04Sep2026 08:07:24.592] [Server thread/DEBUG] [net.neoforged.neoforge.common.CommonHooks/WP]: Gathered mod list to write to world save world
[04Sep2026 08:12:24.594] [Server thread/DEBUG] [net.neoforged.neoforge.common.CommonHooks/WP]: Gathered mod list to write to world save world
[04Sep2026 08:17:24.592] [Server thread/DEBUG] [net.neoforged.neoforge.common.CommonHooks/WP]: Gathered mod list to write to world save world
[04Sep2026 08:22:24.593] [Server thread/DEBUG] [net.neoforged.neoforge.common.CommonHooks/WP]: Gathered mod list to write to world save world
[04Sep2026 08:27:24.593] [Server thread/DEBUG] [net.neoforged.neoforge.common.CommonHooks/WP]: Gathered mod list to write to world save world
[04Sep2026 08:32:24.592] [Server thread/DEBUG] [net.neoforged.neoforge.common.CommonHooks/WP]: Gathered mod list to write to world save world
[04Sep2026 08:37:24.592] [Server thread/DEBUG] [net.neoforged.neoforge.common.CommonHooks/WP]: Gathered mod list to write to world save world
[04Sep2026 08:42:24.592] [Server thread/DEBUG] [net.neoforged.neoforge.common.CommonHooks/WP]: Gathered mod list to write to world save world
[04Sep2026 08:47:24.593] [Server thread/DEBUG] [net.neoforged.neoforge.common.CommonHooks/WP]: Gathered mod list to write to world save world
[04Sep2026 08:52:24.593] [Server thread/DEBUG] [net.neoforged.neoforge.common.CommonHooks/WP]: Gathered mod list to write to world save world
[04Sep2026 08:57:24.593] [Server thread/DEBUG] [net.neoforged.neoforge.common.CommonHooks/WP]: Gathered mod list to write to world save world
[04Sep2026 09:02:24.594] [Server thread/DEBUG] [net.neoforged.neoforge.common.CommonHooks/WP]: Gathered mod list to write to world save world
[04Sep2026 09:07:24.592] [Server thread/DEBUG] [net.neoforged.neoforge.common.CommonHooks/WP]: Gathered mod list to write to world save world
[04Sep2026 09:12:24.592] [Server thread/DEBUG] [net.neoforged.neoforge.common.CommonHooks/WP]: Gathered mod list to write to world save world
[04Sep2026 09:17:24.593] [Server thread/DEBUG] [net.neoforged.neoforge.common.CommonHooks/WP]: Gathered mod list to write to world save world
[04Sep2026 09:22:24.592] [Server thread/DEBUG] [net.neoforged.neoforge.common.CommonHooks/WP]: Gathered mod list to write to world save world
[04Sep2026 09:27:24.592] [Server thread/DEBUG] [net.neoforged.neoforge.common.CommonHooks/WP]: Gathered mod list to write to world save world
[04Sep2026 09:32:24.592] [Server thread/DEBUG] [net.neoforged.neoforge.common.CommonHooks/WP]: Gathered mod list to write to world save world
[04Sep2026 09:37:24.593] [Server thread/DEBUG] [net.neoforged.neoforge.common.CommonHooks/WP]: Gathered mod list to write to world save world
[04Sep2026 09:42:24.592] [Server thread/DEBUG] [net.neoforged.neoforge.common.CommonHooks/WP]: Gathered mod list to write to world save world
[04Sep2026 09:47:24.592] [Server thread/DEBUG] [net.neoforged.neoforge.common.CommonHooks/WP]: Gathered mod list to write to world save world
[04Sep2026 09:52:24.593] [Server thread/DEBUG] [net.neoforged.neoforge.common.CommonHooks/WP]: Gathered mod list to write to world save world
[04Sep2026 09:57:24.593] [Server thread/DEBUG] [net.neoforged.neoforge.common.CommonHooks/WP]: Gathered mod list to write to world save world
[04Sep2026 10:02:24.593] [Server thread/DEBUG] [net.neoforged.neoforge.common.CommonHooks/WP]: Gathered mod list to write to world save world
[04Sep2026 10:07:24.593] [Server thread/DEBUG] [net.neoforged.neoforge.common.CommonHooks/WP]: Gathered mod list to write to world save world
[04Sep2026 10:12:24.593] [Server thread/DEBUG] [net.neoforged.neoforge.common.CommonHooks/WP]: Gathered mod list to write to world save world
[04Sep2026 10:17:24.592] [Server thread/DEBUG] [net.neoforged.neoforge.common.CommonHooks/WP]: Gathered mod list to write to world save world
[04Sep2026 10:22:24.592] [Server thread/DEBUG] [net.neoforged.neoforge.common.CommonHooks/WP]: Gathered mod list to write to world save world
[04Sep2026 10:27:24.593] [Server thread/DEBUG] [net.neoforged.neoforge.common.CommonHooks/WP]: Gathered mod list to write to world save world
[04Sep2026 10:32:24.593] [Server thread/DEBUG] [net.neoforged.neoforge.common.CommonHooks/WP]: Gathered mod list to write to world save world
[04Sep2026 10:37:24.593] [Server thread/DEBUG] [net.neoforged.neoforge.common.CommonHooks/WP]: Gathered mod list to write to world save world
[04Sep2026 10:42:24.592] [Server thread/DEBUG] [net.neoforged.neoforge.common.CommonHooks/WP]: Gathered mod list to write to world save world
[04Sep2026 10:47:24.592] [Server thread/DEBUG] [net.neoforged.neoforge.common.CommonHooks/WP]: Gathered mod list to write to world save world
[04Sep2026 10:52:24.593] [Server thread/DEBUG] [net.neoforged.neoforge.common.CommonHooks/WP]: Gathered mod list to write to world save world
[04Sep2026 10:57:24.592] [Server thread/DEBUG] [net.neoforged.neoforge.common.CommonHooks/WP]: Gathered mod list to write to world save world
[04Sep2026 11:02:24.593] [Server thread/DEBUG] [net.neoforged.neoforge.common.CommonHooks/WP]: Gathered mod list to write to world save world
[04Sep2026 11:07:24.592] [Server thread/DEBUG] [net.neoforged.neoforge.common.CommonHooks/WP]: Gathered mod list to write to world save world
[04Sep2026 11:12:24.593] [Server thread/DEBUG] [net.neoforged.neoforge.common.CommonHooks/WP]: Gathered mod list to write to world save world
[04Sep2026 11:17:24.592] [Server thread/DEBUG] [net.neoforged.neoforge.common.CommonHooks/WP]: Gathered mod list to write to world save world
[04Sep2026 11:22:24.592] [Server thread/DEBUG] [net.neoforged.neoforge.common.CommonHooks/WP]: Gathered mod list to write to world save world
[04Sep2026 11:27:24.593] [Server thread/DEBUG] [net.neoforged.neoforge.common.CommonHooks/WP]: Gathered mod list to write to world save world
[04Sep2026 11:32:24.593] [Server thread/DEBUG] [net.neoforged.neoforge.common.CommonHooks/WP]: Gathered mod list to write to world save world
[04Sep2026 11:37:24.593] [Server thread/DEBUG] [net.neoforged.neoforge.common.CommonHooks/WP]: Gathered mod list to write to world save world
[04Sep2026 11:42:24.593] [Server thread/DEBUG] [net.neoforged.neoforge.common.CommonHooks/WP]: Gathered mod list to write to world save world
[04Sep2026 11:47:24.592] [Server thread/DEBUG] [net.neoforged.neoforge.common.CommonHooks/WP]: Gathered mod list to write to world save world
[04Sep2026 11:52:24.593] [Server thread/DEBUG] [net.neoforged.neoforge.common.CommonHooks/WP]: Gathered mod list to write to world save world
[04Sep2026 11:57:24.593] [Server thread/DEBUG] [net.neoforged.neoforge.common.CommonHooks/WP]: Gathered mod list to write to world save world
[04Sep2026 12:02:24.593] [Server thread/DEBUG] [net.neoforged.neoforge.common.CommonHooks/WP]: Gathered mod list to write to world save world
[04Sep2026 12:07:24.593] [Server thread/DEBUG] [net.neoforged.neoforge.common.CommonHooks/WP]: Gathered mod list to write to world save world
[04Sep2026 12:12:24.592] [Server thread/DEBUG] [net.neoforged.neoforge.common.CommonHooks/WP]: Gathered mod list to write to world save world
[04Sep2026 12:17:24.592] [Server thread/DEBUG] [net.neoforged.neoforge.common.CommonHooks/WP]: Gathered mod list to write to world save world
[04Sep2026 12:22:24.594] [Server thread/DEBUG] [net.neoforged.neoforge.common.CommonHooks/WP]: Gathered mod list to write to world save world
[04Sep2026 12:27:24.593] [Server thread/DEBUG] [net.neoforged.neoforge.common.CommonHooks/WP]: Gathered mod list to write to world save world
[04Sep2026 12:32:24.593] [Server thread/DEBUG] [net.neoforged.neoforge.common.CommonHooks/WP]: Gathered mod list to write to world save world
[04Sep2026 12:37:24.592] [Server thread/DEBUG] [net.neoforged.neoforge.common.CommonHooks/WP]: Gathered mod list to write to world save world
[04Sep2026 12:42:24.593] [Server thread/DEBUG] [net.neoforged.neoforge.common.CommonHooks/WP]: Gathered mod list to write to world save world
[04Sep2026 12:47:24.593] [Server thread/DEBUG] [net.neoforged.neoforge.common.CommonHooks/WP]: Gathered mod list to write to world save world
[04Sep2026 12:52:24.592] [Server thread/DEBUG] [net.neoforged.neoforge.common.CommonHooks/WP]: Gathered mod list to write to world save world
[04Sep2026 12:57:24.592] [Server thread/DEBUG] [net.neoforged.neoforge.common.CommonHooks/WP]: Gathered mod list to write to world save world
[04Sep2026 13:02:24.593] [Server thread/DEBUG] [net.neoforged.neoforge.common.CommonHooks/WP]: Gathered mod list to write to world save world
[04Sep2026 13:07:24.592] [Server thread/DEBUG] [net.neoforged.neoforge.common.CommonHooks/WP]: Gathered mod list to write to world save world
[04Sep2026 13:12:24.592] [Server thread/DEBUG] [net.neoforged.neoforge.common.CommonHooks/WP]: Gathered mod list to write to world save world
[04Sep2026 13:17:24.592] [Server thread/DEBUG] [net.neoforged.neoforge.common.CommonHooks/WP]: Gathered mod list to write to world save world
[04Sep2026 13:22:24.593] [Server thread/DEBUG] [net.neoforged.neoforge.common.CommonHooks/WP]: Gathered mod list to write to world save world
[04Sep2026 13:27:24.593] [Server thread/DEBUG] [net.neoforged.neoforge.common.CommonHooks/WP]: Gathered mod list to write to world save world
[04Sep2026 13:32:24.594] [Server thread/DEBUG] [net.neoforged.neoforge.common.CommonHooks/WP]: Gathered mod list to write to world save world
[04Sep2026 13:37:24.593] [Server thread/DEBUG] [net.neoforged.neoforge.common.CommonHooks/WP]: Gathered mod list to write to world save world
[04Sep2026 13:42:24.593] [Server thread/DEBUG] [net.neoforged.neoforge.common.CommonHooks/WP]: Gathered mod list to write to world save world
[04Sep2026 13:47:24.593] [Server thread/DEBUG] [net.neoforged.neoforge.common.CommonHooks/WP]: Gathered mod list to write to world save world
[04Sep2026 13:52:24.592] [Server thread/DEBUG] [net.neoforged.neoforge.common.CommonHooks/WP]: Gathered mod list to write to world save world
[04Sep2026 13:57:24.593] [Server thread/DEBUG] [net.neoforged.neoforge.common.CommonHooks/WP]: Gathered mod list to write to world save world
[04Sep2026 14:02:24.592] [Server thread/DEBUG] [net.neoforged.neoforge.common.CommonHooks/WP]: Gathered mod list to write to world save world
[04Sep2026 14:07:24.592] [Server thread/DEBUG] [net.neoforged.neoforge.common.CommonHooks/WP]: Gathered mod list to write to world save world
[04Sep2026 14:12:24.593] [Server thread/DEBUG] [net.neoforged.neoforge.common.CommonHooks/WP]: Gathered mod list to write to world save world
[04Sep2026 14:17:24.592] [Server thread/DEBUG] [net.neoforged.neoforge.common.CommonHooks/WP]: Gathered mod list to write to world save world
[04Sep2026 14:22:24.592] [Server thread/DEBUG] [net.neoforged.neoforge.common.CommonHooks/WP]: Gathered mod list to write to world save world
[04Sep2026 14:27:24.592] [Server thread/DEBUG] [net.neoforged.neoforge.common.CommonHooks/WP]: Gathered mod list to write to world save world
[04Sep2026 14:32:24.593] [Server thread/DEBUG] [net.neoforged.neoforge.common.CommonHooks/WP]: Gathered mod list to write to world save world
[04Sep2026 14:37:24.593] [Server thread/DEBUG] [net.neoforged.neoforge.common.CommonHooks/WP]: Gathered mod list to write to world save world
[04Sep2026 14:42:24.593] [Server thread/DEBUG] [net.neoforged.neoforge.common.CommonHooks/WP]: Gathered mod list to write to world save world
[04Sep2026 14:47:24.593] [Server thread/DEBUG] [net.neoforged.neoforge.common.CommonHooks/WP]: Gathered mod list to write to world save world
[04Sep2026 14:52:24.592] [Server thread/DEBUG] [net.neoforged.neoforge.common.CommonHooks/WP]: Gathered mod list to write to world save world
[04Sep2026 14:57:24.592] [Server thread/DEBUG] [net.neoforged.neoforge.common.CommonHooks/WP]: Gathered mod list to write to world save world
[04Sep2026 15:02:24.592] [Server thread/DEBUG] [net.neoforged.neoforge.common.CommonHooks/WP]: Gathered mod list to write to world save world
[04Sep2026 15:07:24.593] [Server thread/DEBUG] [net.neoforged.neoforge.common.CommonHooks/WP]: Gathered mod list to write to world save world
[04Sep2026 15:12:24.592] [Server thread/DEBUG] [net.neoforged.neoforge.common.CommonHooks/WP]: Gathered mod list to write to world save world
[04Sep2026 15:17:24.593] [Server thread/DEBUG] [net.neoforged.neoforge.common.CommonHooks/WP]: Gathered mod list to write to world save world
[04Sep2026 15:22:24.592] [Server thread/DEBUG] [net.neoforged.neoforge.common.CommonHooks/WP]: Gathered mod list to write to world save world
[04Sep2026 15:27:24.592] [Server thread/DEBUG] [net.neoforged.neoforge.common.CommonHooks/WP]: Gathered mod list to write to world save world
[04Sep2026 15:32:24.593] [Server thread/DEBUG] [net.neoforged.neoforge.common.CommonHooks/WP]: Gathered mod list to write to world save world
[04Sep2026 15:37:24.593] [Server thread/DEBUG] [net.neoforged.neoforge.common.CommonHooks/WP]: Gathered mod list to write to world save world
[04Sep2026 15:42:24.594] [Server thread/DEBUG] [net.neoforged.neoforge.common.CommonHooks/WP]: Gathered mod list to write to world save world
[04Sep2026 15:47:24.593] [Server thread/DEBUG] [net.neoforged.neoforge.common.CommonHooks/WP]: Gathered mod list to write to world save world
[04Sep2026 15:52:24.592] [Server thread/DEBUG] [net.neoforged.neoforge.common.CommonHooks/WP]: Gathered mod list to write to world save world
[04Sep2026 15:57:24.592] [Server thread/DEBUG] [net.neoforged.neoforge.common.CommonHooks/WP]: Gathered mod list to write to world save world
[04Sep2026 16:02:24.592] [Server thread/DEBUG] [net.neoforged.neoforge.common.CommonHooks/WP]: Gathered mod list to write to world save world
[04Sep2026 16:07:24.592] [Server thread/DEBUG] [net.neoforged.neoforge.common.CommonHooks/WP]: Gathered mod list to write to world save world
[04Sep2026 16:12:24.592] [Server thread/DEBUG] [net.neoforged.neoforge.common.CommonHooks/WP]: Gathered mod list to write to world save world
[04Sep2026 16:17:24.593] [Server thread/DEBUG] [net.neoforged.neoforge.common.CommonHooks/WP]: Gathered mod list to write to world save world
[04Sep2026 16:22:24.593] [Server thread/DEBUG] [net.neoforged.neoforge.common.CommonHooks/WP]: Gathered mod list to write to world save world
[04Sep2026 16:27:24.593] [Server thread/DEBUG] [net.neoforged.neoforge.common.CommonHooks/WP]: Gathered mod list to write to world save world
[04Sep2026 16:32:24.592] [Server thread/DEBUG] [net.neoforged.neoforge.common.CommonHooks/WP]: Gathered mod list to write to world save world
[04Sep2026 16:37:24.592] [Server thread/DEBUG] [net.neoforged.neoforge.common.CommonHooks/WP]: Gathered mod list to write to world save world
[04Sep2026 16:42:24.592] [Server thread/DEBUG] [net.neoforged.neoforge.common.CommonHooks/WP]: Gathered mod list to write to world save world
[04Sep2026 16:47:24.593] [Server thread/DEBUG] [net.neoforged.neoforge.common.CommonHooks/WP]: Gathered mod list to write to world save world
[04Sep2026 16:52:24.593] [Server thread/DEBUG] [net.neoforged.neoforge.common.CommonHooks/WP]: Gathered mod list to write to world save world
[04Sep2026 16:57:24.593] [Server thread/DEBUG] [net.neoforged.neoforge.common.CommonHooks/WP]: Gathered mod list to write to world save world
[04Sep2026 17:02:24.593] [Server thread/DEBUG] [net.neoforged.neoforge.common.CommonHooks/WP]: Gathered mod list to write to world save world
[04Sep2026 17:07:24.593] [Server thread/DEBUG] [net.neoforged.neoforge.common.CommonHooks/WP]: Gathered mod list to write to world save world
[04Sep2026 17:12:24.593] [Server thread/DEBUG] [net.neoforged.neoforge.common.CommonHooks/WP]: Gathered mod list to write to world save world
[04Sep2026 17:17:24.593] [Server thread/DEBUG] [net.neoforged.neoforge.common.CommonHooks/WP]: Gathered mod list to write to world save world
[04Sep2026 17:22:24.593] [Server thread/DEBUG] [net.neoforged.neoforge.common.CommonHooks/WP]: Gathered mod list to write to world save world
[04Sep2026 17:27:24.593] [Server thread/DEBUG] [net.neoforged.neoforge.common.CommonHooks/WP]: Gathered mod list to write to world save world
[04Sep2026 17:32:24.593] [Server thread/DEBUG] [net.neoforged.neoforge.common.CommonHooks/WP]: Gathered mod list to write to world save world
[04Sep2026 17:37:24.592] [Server thread/DEBUG] [net.neoforged.neoforge.common.CommonHooks/WP]: Gathered mod list to write to world save world
[04Sep2026 17:42:24.594] [Server thread/DEBUG] [net.neoforged.neoforge.common.CommonHooks/WP]: Gathered mod list to write to world save world
[04Sep2026 17:47:24.592] [Server thread/DEBUG] [net.neoforged.neoforge.common.CommonHooks/WP]: Gathered mod list to write to world save world
[04Sep2026 17:52:24.592] [Server thread/DEBUG] [net.neoforged.neoforge.common.CommonHooks/WP]: Gathered mod list to write to world save world
[04Sep2026 17:57:24.592] [Server thread/DEBUG] [net.neoforged.neoforge.common.CommonHooks/WP]: Gathered mod list to write to world save world
[04Sep2026 18:02:24.593] [Server thread/DEBUG] [net.neoforged.neoforge.common.CommonHooks/WP]: Gathered mod list to write to world save world
[04Sep2026 18:07:24.592] [Server thread/DEBUG] [net.neoforged.neoforge.common.CommonHooks/WP]: Gathered mod list to write to world save world
[04Sep2026 18:12:24.593] [Server thread/DEBUG] [net.neoforged.neoforge.common.CommonHooks/WP]: Gathered mod list to write to world save world
[04Sep2026 18:17:24.593] [Server thread/DEBUG] [net.neoforged.neoforge.common.CommonHooks/WP]: Gathered mod list to write to world save world
[04Sep2026 18:22:24.593] [Server thread/DEBUG] [net.neoforged.neoforge.common.CommonHooks/WP]: Gathered mod list to write to world save world
[04Sep2026 18:27:24.593] [Server thread/DEBUG] [net.neoforged.neoforge.common.CommonHooks/WP]: Gathered mod list to write to world save world
[04Sep2026 18:32:24.592] [Server thread/DEBUG] [net.neoforged.neoforge.common.CommonHooks/WP]: Gathered mod list to write to world save world
[04Sep2026 18:37:24.593] [Server thread/DEBUG] [net.neoforged.neoforge.common.CommonHooks/WP]: Gathered mod list to write to world save world
[04Sep2026 18:42:24.593] [Server thread/DEBUG] [net.neoforged.neoforge.common.CommonHooks/WP]: Gathered mod list to write to world save world
[04Sep2026 18:47:24.592] [Server thread/DEBUG] [net.neoforged.neoforge.common.CommonHooks/WP]: Gathered mod list to write to world save world
[04Sep2026 18:52:24.593] [Server thread/DEBUG] [net.neoforged.neoforge.common.CommonHooks/WP]: Gathered mod list to write to world save world
[04Sep2026 18:57:24.592] [Server thread/DEBUG] [net.neoforged.neoforge.common.CommonHooks/WP]: Gathered mod list to write to world save world
[04Sep2026 19:02:24.592] [Server thread/DEBUG] [net.neoforged.neoforge.common.CommonHooks/WP]: Gathered mod list to write to world save world
[04Sep2026 19:07:24.592] [Server thread/DEBUG] [net.neoforged.neoforge.common.CommonHooks/WP]: Gathered mod list to write to world save world
[04Sep2026 19:12:24.592] [Server thread/DEBUG] [net.neoforged.neoforge.common.CommonHooks/WP]: Gathered mod list to write to world save world
[04Sep2026 19:17:24.592] [Server thread/DEBUG] [net.neoforged.neoforge.common.CommonHooks/WP]: Gathered mod list to write to world save world
[04Sep2026 19:22:24.592] [Server thread/DEBUG] [net.neoforged.neoforge.common.CommonHooks/WP]: Gathered mod list to write to world save world
[04Sep2026 19:27:24.592] [Server thread/DEBUG] [net.neoforged.neoforge.common.CommonHooks/WP]: Gathered mod list to write to world save world
[04Sep2026 19:32:24.592] [Server thread/DEBUG] [net.neoforged.neoforge.common.CommonHooks/WP]: Gathered mod list to write to world save world
[04Sep2026 19:37:24.592] [Server thread/DEBUG] [net.neoforged.neoforge.common.CommonHooks/WP]: Gathered mod list to write to world save world
[04Sep2026 19:42:24.593] [Server thread/DEBUG] [net.neoforged.neoforge.common.CommonHooks/WP]: Gathered mod list to write to world save world
[04Sep2026 19:47:24.592] [Server thread/DEBUG] [net.neoforged.neoforge.common.CommonHooks/WP]: Gathered mod list to write to world save world
[04Sep2026 19:52:24.592] [Server thread/DEBUG] [net.neoforged.neoforge.common.CommonHooks/WP]: Gathered mod list to write to world save world
[04Sep2026 19:57:24.592] [Server thread/DEBUG] [net.neoforged.neoforge.common.CommonHooks/WP]: Gathered mod list to write to world save world
[04Sep2026 20:02:24.592] [Server thread/DEBUG] [net.neoforged.neoforge.common.CommonHooks/WP]: Gathered mod list to write to world save world
[04Sep2026 20:07:24.592] [Server thread/DEBUG] [net.neoforged.neoforge.common.CommonHooks/WP]: Gathered mod list to write to world save world
[04Sep2026 20:12:24.592] [Server thread/DEBUG] [net.neoforged.neoforge.common.CommonHooks/WP]: Gathered mod list to write to world save world
[04Sep2026 20:17:24.592] [Server thread/DEBUG] [net.neoforged.neoforge.common.CommonHooks/WP]: Gathered mod list to write to world save world
[04Sep2026 20:22:24.593] [Server thread/DEBUG] [net.neoforged.neoforge.common.CommonHooks/WP]: Gathered mod list to write to world save world
[04Sep2026 20:27:24.592] [Server thread/DEBUG] [net.neoforged.neoforge.common.CommonHooks/WP]: Gathered mod list to write to world save world
[04Sep2026 20:32:24.592] [Server thread/DEBUG] [net.neoforged.neoforge.common.CommonHooks/WP]: Gathered mod list to write to world save world
[04Sep2026 20:37:24.592] [Server thread/DEBUG] [net.neoforged.neoforge.common.CommonHooks/WP]: Gathered mod list to write to world save world
[04Sep2026 20:42:24.592] [Server thread/DEBUG] [net.neoforged.neoforge.common.CommonHooks/WP]: Gathered mod list to write to world save world
[04Sep2026 20:47:24.592] [Server thread/DEBUG] [net.neoforged.neoforge.common.CommonHooks/WP]: Gathered mod list to write to world save world
[04Sep2026 20:52:24.593] [Server thread/DEBUG] [net.neoforged.neoforge.common.CommonHooks/WP]: Gathered mod list to write to world save world
[04Sep2026 20:57:24.592] [Server thread/DEBUG] [net.neoforged.neoforge.common.CommonHooks/WP]: Gathered mod list to write to world save world
[04Sep2026 21:02:24.592] [Server thread/DEBUG] [net.neoforged.neoforge.common.CommonHooks/WP]: Gathered mod list to write to world save world
[04Sep2026 21:07:24.592] [Server thread/DEBUG] [net.neoforged.neoforge.common.CommonHooks/WP]: Gathered mod list to write to world save world
[04Sep2026 21:12:24.592] [Server thread/DEBUG] [net.neoforged.neoforge.common.CommonHooks/WP]: Gathered mod list to write to world save world
[04Sep2026 21:17:24.592] [Server thread/DEBUG] [net.neoforged.neoforge.common.CommonHooks/WP]: Gathered mod list to write to world save world
[04Sep2026 21:22:24.592] [Server thread/DEBUG] [net.neoforged.neoforge.common.CommonHooks/WP]: Gathered mod list to write to world save world
[04Sep2026 21:27:24.592] [Server thread/DEBUG] [net.neoforged.neoforge.common.CommonHooks/WP]: Gathered mod list to write to world save world
[04Sep2026 21:32:24.592] [Server thread/DEBUG] [net.neoforged.neoforge.common.CommonHooks/WP]: Gathered mod list to write to world save world
[04Sep2026 21:37:24.593] [Server thread/DEBUG] [net.neoforged.neoforge.common.CommonHooks/WP]: Gathered mod list to write to world save world
[04Sep2026 21:42:24.592] [Server thread/DEBUG] [net.neoforged.neoforge.common.CommonHooks/WP]: Gathered mod list to write to world save world
[04Sep2026 21:47:24.593] [Server thread/DEBUG] [net.neoforged.neoforge.common.CommonHooks/WP]: Gathered mod list to write to world save world
[04Sep2026 21:52:24.593] [Server thread/DEBUG] [net.neoforged.neoforge.common.CommonHooks/WP]: Gathered mod list to write to world save world
[04Sep2026 21:57:24.592] [Server thread/DEBUG] [net.neoforged.neoforge.common.CommonHooks/WP]: Gathered mod list to write to world save world
[04Sep2026 22:02:24.592] [Server thread/DEBUG] [net.neoforged.neoforge.common.CommonHooks/WP]: Gathered mod list to write to world save world
[04Sep2026 22:07:24.592] [Server thread/DEBUG] [net.neoforged.neoforge.common.CommonHooks/WP]: Gathered mod list to write to world save world
[04Sep2026 22:12:24.592] [Server thread/DEBUG] [net.neoforged.neoforge.common.CommonHooks/WP]: Gathered mod list to write to world save world
[04Sep2026 22:17:24.592] [Server thread/DEBUG] [net.neoforged.neoforge.common.CommonHooks/WP]: Gathered mod list to write to world save world
[04Sep2026 22:22:24.592] [Server thread/DEBUG] [net.neoforged.neoforge.common.CommonHooks/WP]: Gathered mod list to write to world save world
[04Sep2026 22:27:04.307] [Netty Epoll Server IO #5/DEBUG] [net.neoforged.neoforge.network.filters.NetworkFilters/]: Injected net.neoforged.neoforge.network.filters.GenericPacketSplitter@113391ef into net.minecraft.network.Connection@150c0711
[04Sep2026 22:27:05.844] [Netty Epoll Server IO #5/DEBUG] [tacz/HANDSHAKE_ACKNOWLEDGE]: Received acknowledgement from client
[04Sep2026 22:27:07.129] [Netty Epoll Server IO #5/DEBUG] [net.neoforged.neoforge.network.filters.NetworkFilters/]: Injected net.neoforged.neoforge.network.filters.GenericPacketSplitter@6c2572d0 into net.minecraft.network.Connection@150c0711
[04Sep2026 22:27:07.172] [Server thread/INFO] [net.minecraft.server.players.PlayerList/]: M4ST3RPR0[/127.137.205.19:36885] logged in with entity id 17322 at (1450.3869477682258, 65.0, -458.56409104668273)
[04Sep2026 22:27:07.207] [Server thread/INFO] [net.minecraft.server.MinecraftServer/]: M4ST3RPR0 joined the game
[04Sep2026 22:27:07.231] [Server thread/DEBUG] [snownee.jade.Jade/]: Syncing config to M4ST3RPR0 (4ea693b3-ee2e-3401-a5ab-f674d11304a6)
[04Sep2026 22:27:07.237] [Server thread/DEBUG] [com.victoriomods.taczballisticbreaching.TaczTacticalBreaching/]: Synced 269 config values to M4ST3RPR0
[04Sep2026 22:27:07.609] [Server thread/DEBUG] [eclipticseasons/]:  End create [2, -1]
[04Sep2026 22:27:07.761] [Server thread/DEBUG] [eclipticseasons/]:  End create [2, -2]
[04Sep2026 22:27:08.260] [Server thread/DEBUG] [eclipticseasons/]:  End create [3, -1]
[04Sep2026 22:27:08.321] [Server thread/DEBUG] [eclipticseasons/]:  End create [3, -2]
[04Sep2026 22:27:11.016] [Server thread/DEBUG] [tacz/SYNC_BASE_TIMESTAMP]: Update server base timestamp: 1788560831016
[04Sep2026 22:27:24.636] [Server thread/DEBUG] [net.neoforged.neoforge.common.CommonHooks/WP]: Gathered mod list to write to world save world
[04Sep2026 22:27:57.144] [Server thread/DEBUG] [eclipticseasons/]:  Remove the empty Height Map [2, -2]
[04Sep2026 22:27:57.144] [Server thread/DEBUG] [eclipticseasons/]:  Remove the empty Height Map [3, -2]
[04Sep2026 22:29:08.317] [Server thread/DEBUG] [eclipticseasons/]:  End create [2, 0]
[04Sep2026 22:29:08.382] [Server thread/DEBUG] [eclipticseasons/]:  End create [3, 0]
[04Sep2026 22:29:13.942] [Server thread/DEBUG] [eclipticseasons/]:  Remove the empty Height Map [2, 0]
[04Sep2026 22:29:13.942] [Server thread/DEBUG] [eclipticseasons/]:  Remove the empty Height Map [3, 0]
[04Sep2026 22:29:18.964] [Server thread/DEBUG] [eclipticseasons/]:  End create [2, 0]
[04Sep2026 22:30:12.319] [Server thread/DEBUG] [eclipticseasons/]:  End create [3, 0]
[04Sep2026 22:31:10.029] [Server thread/INFO] [net.minecraft.server.MinecraftServer/]: M4ST3RPR0 has made the advancement [Acquire Hardware]
[04Sep2026 22:32:20.771] [Server thread/INFO] [net.minecraft.server.MinecraftServer/]: M4ST3RPR0 has made the advancement [Suit Up]
[04Sep2026 22:32:24.638] [Server thread/DEBUG] [net.neoforged.neoforge.common.CommonHooks/WP]: Gathered mod list to write to world save world
[04Sep2026 22:36:22.704] [Server thread/INFO] [net.minecraft.server.MinecraftServer/]: M4ST3RPR0 has made the advancement [Diamonds!]
[04Sep2026 22:37:24.643] [Server thread/DEBUG] [net.neoforged.neoforge.common.CommonHooks/WP]: Gathered mod list to write to world save world
[04Sep2026 22:38:06.756] [Server thread/DEBUG] [eclipticseasons/]:  Remove the empty Height Map [3, -1]
[04Sep2026 22:38:06.757] [Server thread/DEBUG] [eclipticseasons/]:  Remove the empty Height Map [3, 0]
[04Sep2026 22:42:24.611] [Server thread/DEBUG] [net.neoforged.neoforge.common.CommonHooks/WP]: Gathered mod list to write to world save world
[04Sep2026 22:42:33.096] [Server thread/DEBUG] [eclipticseasons/]:  End create [3, -1]
[04Sep2026 22:43:51.405] [Server thread/DEBUG] [eclipticseasons/]:  Remove the empty Height Map [3, -1]
[04Sep2026 22:43:51.559] [Server thread/INFO] [net.minecraft.server.network.ServerGamePacketListenerImpl/]: M4ST3RPR0 lost connection: Disconnected
[04Sep2026 22:43:51.560] [Server thread/INFO] [net.minecraft.server.MinecraftServer/]: M4ST3RPR0 left the game
[04Sep2026 22:43:57.737] [Server thread/DEBUG] [eclipticseasons/]:  Remove the empty Height Map [2, -1]
[04Sep2026 22:43:57.738] [Server thread/DEBUG] [eclipticseasons/]:  Remove the empty Height Map [2, 0]
[04Sep2026 22:47:24.595] [Server thread/DEBUG] [net.neoforged.neoforge.common.CommonHooks/WP]: Gathered mod list to write to world save world
[04Sep2026 22:52:24.593] [Server thread/DEBUG] [net.neoforged.neoforge.common.CommonHooks/WP]: Gathered mod list to write to world save world
[04Sep2026 22:57:24.594] [Server thread/DEBUG] [net.neoforged.neoforge.common.CommonHooks/WP]: Gathered mod list to write to world save world
[04Sep2026 23:02:24.594] [Server thread/DEBUG] [net.neoforged.neoforge.common.CommonHooks/WP]: Gathered mod list to write to world save world
[04Sep2026 23:07:24.594] [Server thread/DEBUG] [net.neoforged.neoforge.common.CommonHooks/WP]: Gathered mod list to write to world save world
[04Sep2026 23:12:24.594] [Server thread/DEBUG] [net.neoforged.neoforge.common.CommonHooks/WP]: Gathered mod list to write to world save world
[04Sep2026 23:17:24.592] [Server thread/DEBUG] [net.neoforged.neoforge.common.CommonHooks/WP]: Gathered mod list to write to world save world
[04Sep2026 23:22:24.594] [Server thread/DEBUG] [net.neoforged.neoforge.common.CommonHooks/WP]: Gathered mod list to write to world save world
[04Sep2026 23:27:24.592] [Server thread/DEBUG] [net.neoforged.neoforge.common.CommonHooks/WP]: Gathered mod list to write to world save world
[04Sep2026 23:32:24.589] [Server thread/DEBUG] [net.neoforged.neoforge.common.CommonHooks/WP]: Gathered mod list to write to world save world
[04Sep2026 23:37:24.593] [Server thread/DEBUG] [net.neoforged.neoforge.common.CommonHooks/WP]: Gathered mod list to write to world save world
[04Sep2026 23:42:24.593] [Server thread/DEBUG] [net.neoforged.neoforge.common.CommonHooks/WP]: Gathered mod list to write to world save world
[04Sep2026 23:47:24.592] [Server thread/DEBUG] [net.neoforged.neoforge.common.CommonHooks/WP]: Gathered mod list to write to world save world
[04Sep2026 23:52:24.592] [Server thread/DEBUG] [net.neoforged.neoforge.common.CommonHooks/WP]: Gathered mod list to write to world save world
[04Sep2026 23:57:24.592] [Server thread/DEBUG] [net.neoforged.neoforge.common.CommonHooks/WP]: Gathered mod list to write to world save world
[05Sep2026 00:02:24.592] [Server thread/DEBUG] [net.neoforged.neoforge.common.CommonHooks/WP]: Gathered mod list to write to world save world
[05Sep2026 00:07:24.592] [Server thread/DEBUG] [net.neoforged.neoforge.common.CommonHooks/WP]: Gathered mod list to write to world save world
[05Sep2026 00:12:24.593] [Server thread/DEBUG] [net.neoforged.neoforge.common.CommonHooks/WP]: Gathered mod list to write to world save world
[05Sep2026 00:17:24.592] [Server thread/DEBUG] [net.neoforged.neoforge.common.CommonHooks/WP]: Gathered mod list to write to world save world
[05Sep2026 00:22:24.592] [Server thread/DEBUG] [net.neoforged.neoforge.common.CommonHooks/WP]: Gathered mod list to write to world save world
[05Sep2026 00:27:24.592] [Server thread/DEBUG] [net.neoforged.neoforge.common.CommonHooks/WP]: Gathered mod list to write to world save world
[05Sep2026 00:32:24.592] [Server thread/DEBUG] [net.neoforged.neoforge.common.CommonHooks/WP]: Gathered mod list to write to world save world
[05Sep2026 00:37:24.592] [Server thread/DEBUG] [net.neoforged.neoforge.common.CommonHooks/WP]: Gathered mod list to write to world save world
[05Sep2026 00:42:24.592] [Server thread/DEBUG] [net.neoforged.neoforge.common.CommonHooks/WP]: Gathered mod list to write to world save world
[05Sep2026 00:47:24.592] [Server thread/DEBUG] [net.neoforged.neoforge.common.CommonHooks/WP]: Gathered mod list to write to world save world
[05Sep2026 00:52:24.593] [Server thread/DEBUG] [net.neoforged.neoforge.common.CommonHooks/WP]: Gathered mod list to write to world save world
[05Sep2026 00:57:24.592] [Server thread/DEBUG] [net.neoforged.neoforge.common.CommonHooks/WP]: Gathered mod list to write to world save world
[05Sep2026 01:02:24.592] [Server thread/DEBUG] [net.neoforged.neoforge.common.CommonHooks/WP]: Gathered mod list to write to world save world
[05Sep2026 01:07:24.592] [Server thread/DEBUG] [net.neoforged.neoforge.common.CommonHooks/WP]: Gathered mod list to write to world save world
[05Sep2026 01:12:24.593] [Server thread/DEBUG] [net.neoforged.neoforge.common.CommonHooks/WP]: Gathered mod list to write to world save world
[05Sep2026 01:17:24.593] [Server thread/DEBUG] [net.neoforged.neoforge.common.CommonHooks/WP]: Gathered mod list to write to world save world
[05Sep2026 01:22:24.592] [Server thread/DEBUG] [net.neoforged.neoforge.common.CommonHooks/WP]: Gathered mod list to write to world save world
[05Sep2026 01:27:24.592] [Server thread/DEBUG] [net.neoforged.neoforge.common.CommonHooks/WP]: Gathered mod list to write to world save world
[05Sep2026 01:32:24.593] [Server thread/DEBUG] [net.neoforged.neoforge.common.CommonHooks/WP]: Gathered mod list to write to world save world
[05Sep2026 01:37:24.593] [Server thread/DEBUG] [net.neoforged.neoforge.common.CommonHooks/WP]: Gathered mod list to write to world save world
[05Sep2026 01:42:24.592] [Server thread/DEBUG] [net.neoforged.neoforge.common.CommonHooks/WP]: Gathered mod list to write to world save world
[05Sep2026 01:47:24.592] [Server thread/DEBUG] [net.neoforged.neoforge.common.CommonHooks/WP]: Gathered mod list to write to world save world
[05Sep2026 01:52:24.592] [Server thread/DEBUG] [net.neoforged.neoforge.common.CommonHooks/WP]: Gathered mod list to write to world save world
[05Sep2026 01:57:24.593] [Server thread/DEBUG] [net.neoforged.neoforge.common.CommonHooks/WP]: Gathered mod list to write to world save world
[05Sep2026 02:02:24.593] [Server thread/DEBUG] [net.neoforged.neoforge.common.CommonHooks/WP]: Gathered mod list to write to world save world
[05Sep2026 02:07:24.593] [Server thread/DEBUG] [net.neoforged.neoforge.common.CommonHooks/WP]: Gathered mod list to write to world save world
[05Sep2026 02:12:24.593] [Server thread/DEBUG] [net.neoforged.neoforge.common.CommonHooks/WP]: Gathered mod list to write to world save world
[05Sep2026 02:17:24.592] [Server thread/DEBUG] [net.neoforged.neoforge.common.CommonHooks/WP]: Gathered mod list to write to world save world
[05Sep2026 02:22:24.592] [Server thread/DEBUG] [net.neoforged.neoforge.common.CommonHooks/WP]: Gathered mod list to write to world save world
[05Sep2026 02:27:24.593] [Server thread/DEBUG] [net.neoforged.neoforge.common.CommonHooks/WP]: Gathered mod list to write to world save world
[05Sep2026 02:32:24.591] [Server thread/DEBUG] [net.neoforged.neoforge.common.CommonHooks/WP]: Gathered mod list to write to world save world
[05Sep2026 02:37:24.593] [Server thread/DEBUG] [net.neoforged.neoforge.common.CommonHooks/WP]: Gathered mod list to write to world save world
[05Sep2026 02:42:24.592] [Server thread/DEBUG] [net.neoforged.neoforge.common.CommonHooks/WP]: Gathered mod list to write to world save world
[05Sep2026 02:47:24.592] [Server thread/DEBUG] [net.neoforged.neoforge.common.CommonHooks/WP]: Gathered mod list to write to world save world
[05Sep2026 02:52:24.593] [Server thread/DEBUG] [net.neoforged.neoforge.common.CommonHooks/WP]: Gathered mod list to write to world save world
[05Sep2026 02:57:24.593] [Server thread/DEBUG] [net.neoforged.neoforge.common.CommonHooks/WP]: Gathered mod list to write to world save world
[05Sep2026 03:02:24.593] [Server thread/DEBUG] [net.neoforged.neoforge.common.CommonHooks/WP]: Gathered mod list to write to world save world
[05Sep2026 03:07:24.593] [Server thread/DEBUG] [net.neoforged.neoforge.common.CommonHooks/WP]: Gathered mod list to write to world save world
[05Sep2026 03:12:24.592] [Server thread/DEBUG] [net.neoforged.neoforge.common.CommonHooks/WP]: Gathered mod list to write to world save world
[05Sep2026 03:17:24.593] [Server thread/DEBUG] [net.neoforged.neoforge.common.CommonHooks/WP]: Gathered mod list to write to world save world
[05Sep2026 03:22:24.593] [Server thread/DEBUG] [net.neoforged.neoforge.common.CommonHooks/WP]: Gathered mod list to write to world save world
[05Sep2026 03:27:24.592] [Server thread/DEBUG] [net.neoforged.neoforge.common.CommonHooks/WP]: Gathered mod list to write to world save world
[05Sep2026 03:32:24.592] [Server thread/DEBUG] [net.neoforged.neoforge.common.CommonHooks/WP]: Gathered mod list to write to world save world
[05Sep2026 03:37:24.593] [Server thread/DEBUG] [net.neoforged.neoforge.common.CommonHooks/WP]: Gathered mod list to write to world save world
[05Sep2026 03:42:24.592] [Server thread/DEBUG] [net.neoforged.neoforge.common.CommonHooks/WP]: Gathered mod list to write to world save world
[05Sep2026 03:47:24.592] [Server thread/DEBUG] [net.neoforged.neoforge.common.CommonHooks/WP]: Gathered mod list to write to world save world
[05Sep2026 03:52:24.592] [Server thread/DEBUG] [net.neoforged.neoforge.common.CommonHooks/WP]: Gathered mod list to write to world save world
[05Sep2026 03:57:24.592] [Server thread/DEBUG] [net.neoforged.neoforge.common.CommonHooks/WP]: Gathered mod list to write to world save world
[05Sep2026 04:02:24.592] [Server thread/DEBUG] [net.neoforged.neoforge.common.CommonHooks/WP]: Gathered mod list to write to world save world
[05Sep2026 04:07:24.592] [Server thread/DEBUG] [net.neoforged.neoforge.common.CommonHooks/WP]: Gathered mod list to write to world save world
[05Sep2026 04:12:24.592] [Server thread/DEBUG] [net.neoforged.neoforge.common.CommonHooks/WP]: Gathered mod list to write to world save world
[05Sep2026 04:17:24.593] [Server thread/DEBUG] [net.neoforged.neoforge.common.CommonHooks/WP]: Gathered mod list to write to world save world
[05Sep2026 04:22:24.591] [Server thread/DEBUG] [net.neoforged.neoforge.common.CommonHooks/WP]: Gathered mod list to write to world save world
[05Sep2026 04:27:24.593] [Server thread/DEBUG] [net.neoforged.neoforge.common.CommonHooks/WP]: Gathered mod list to write to world save world
[05Sep2026 04:32:24.591] [Server thread/DEBUG] [net.neoforged.neoforge.common.CommonHooks/WP]: Gathered mod list to write to world save world
[05Sep2026 04:37:24.593] [Server thread/DEBUG] [net.neoforged.neoforge.common.CommonHooks/WP]: Gathered mod list to write to world save world
[05Sep2026 04:42:24.592] [Server thread/DEBUG] [net.neoforged.neoforge.common.CommonHooks/WP]: Gathered mod list to write to world save world
[05Sep2026 04:47:24.592] [Server thread/DEBUG] [net.neoforged.neoforge.common.CommonHooks/WP]: Gathered mod list to write to world save world
[05Sep2026 04:52:24.592] [Server thread/DEBUG] [net.neoforged.neoforge.common.CommonHooks/WP]: Gathered mod list to write to world save world
[05Sep2026 04:57:24.593] [Server thread/DEBUG] [net.neoforged.neoforge.common.CommonHooks/WP]: Gathered mod list to write to world save world
[05Sep2026 05:02:24.592] [Server thread/DEBUG] [net.neoforged.neoforge.common.CommonHooks/WP]: Gathered mod list to write to world save world
[05Sep2026 05:07:24.593] [Server thread/DEBUG] [net.neoforged.neoforge.common.CommonHooks/WP]: Gathered mod list to write to world save world
[05Sep2026 05:12:24.598] [Server thread/DEBUG] [net.neoforged.neoforge.common.CommonHooks/WP]: Gathered mod list to write to world save world
[05Sep2026 05:17:24.593] [Server thread/DEBUG] [net.neoforged.neoforge.common.CommonHooks/WP]: Gathered mod list to write to world save world
[05Sep2026 05:22:24.593] [Server thread/DEBUG] [net.neoforged.neoforge.common.CommonHooks/WP]: Gathered mod list to write to world save world
[05Sep2026 05:27:24.593] [Server thread/DEBUG] [net.neoforged.neoforge.common.CommonHooks/WP]: Gathered mod list to write to world save world
[05Sep2026 05:32:24.592] [Server thread/DEBUG] [net.neoforged.neoforge.common.CommonHooks/WP]: Gathered mod list to write to world save world
[05Sep2026 05:37:24.592] [Server thread/DEBUG] [net.neoforged.neoforge.common.CommonHooks/WP]: Gathered mod list to write to world save world
[05Sep2026 05:42:24.593] [Server thread/DEBUG] [net.neoforged.neoforge.common.CommonHooks/WP]: Gathered mod list to write to world save world
[05Sep2026 05:47:24.588] [Server thread/DEBUG] [net.neoforged.neoforge.common.CommonHooks/WP]: Gathered mod list to write to world save world
[05Sep2026 05:52:24.594] [Server thread/DEBUG] [net.neoforged.neoforge.common.CommonHooks/WP]: Gathered mod list to write to world save world
[05Sep2026 05:57:24.592] [Server thread/DEBUG] [net.neoforged.neoforge.common.CommonHooks/WP]: Gathered mod list to write to world save world
[05Sep2026 06:02:24.592] [Server thread/DEBUG] [net.neoforged.neoforge.common.CommonHooks/WP]: Gathered mod list to write to world save world
[05Sep2026 06:07:24.592] [Server thread/DEBUG] [net.neoforged.neoforge.common.CommonHooks/WP]: Gathered mod list to write to world save world
[05Sep2026 06:12:24.593] [Server thread/DEBUG] [net.neoforged.neoforge.common.CommonHooks/WP]: Gathered mod list to write to world save world
[05Sep2026 06:17:24.592] [Server thread/DEBUG] [net.neoforged.neoforge.common.CommonHooks/WP]: Gathered mod list to write to world save world
[05Sep2026 06:22:24.592] [Server thread/DEBUG] [net.neoforged.neoforge.common.CommonHooks/WP]: Gathered mod list to write to world save world
[05Sep2026 06:27:24.593] [Server thread/DEBUG] [net.neoforged.neoforge.common.CommonHooks/WP]: Gathered mod list to write to world save world
[05Sep2026 06:32:24.592] [Server thread/DEBUG] [net.neoforged.neoforge.common.CommonHooks/WP]: Gathered mod list to write to world save world
[05Sep2026 06:37:24.593] [Server thread/DEBUG] [net.neoforged.neoforge.common.CommonHooks/WP]: Gathered mod list to write to world save world
[05Sep2026 06:42:24.592] [Server thread/DEBUG] [net.neoforged.neoforge.common.CommonHooks/WP]: Gathered mod list to write to world save world
[05Sep2026 06:47:24.593] [Server thread/DEBUG] [net.neoforged.neoforge.common.CommonHooks/WP]: Gathered mod list to write to world save world
[05Sep2026 06:52:24.592] [Server thread/DEBUG] [net.neoforged.neoforge.common.CommonHooks/WP]: Gathered mod list to write to world save world
[05Sep2026 06:57:24.592] [Server thread/DEBUG] [net.neoforged.neoforge.common.CommonHooks/WP]: Gathered mod list to write to world save world
[05Sep2026 07:02:24.592] [Server thread/DEBUG] [net.neoforged.neoforge.common.CommonHooks/WP]: Gathered mod list to write to world save world
[05Sep2026 07:07:24.592] [Server thread/DEBUG] [net.neoforged.neoforge.common.CommonHooks/WP]: Gathered mod list to write to world save world
[05Sep2026 07:12:24.592] [Server thread/DEBUG] [net.neoforged.neoforge.common.CommonHooks/WP]: Gathered mod list to write to world save world
[05Sep2026 07:17:24.592] [Server thread/DEBUG] [net.neoforged.neoforge.common.CommonHooks/WP]: Gathered mod list to write to world save world
[05Sep2026 07:22:24.592] [Server thread/DEBUG] [net.neoforged.neoforge.common.CommonHooks/WP]: Gathered mod list to write to world save world
[05Sep2026 07:27:24.592] [Server thread/DEBUG] [net.neoforged.neoforge.common.CommonHooks/WP]: Gathered mod list to write to world save world
[05Sep2026 07:32:24.592] [Server thread/DEBUG] [net.neoforged.neoforge.common.CommonHooks/WP]: Gathered mod list to write to world save world
[05Sep2026 07:37:24.593] [Server thread/DEBUG] [net.neoforged.neoforge.common.CommonHooks/WP]: Gathered mod list to write to world save world
[05Sep2026 07:42:24.594] [Server thread/DEBUG] [net.neoforged.neoforge.common.CommonHooks/WP]: Gathered mod list to write to world save world
[05Sep2026 07:47:24.593] [Server thread/DEBUG] [net.neoforged.neoforge.common.CommonHooks/WP]: Gathered mod list to write to world save world
[05Sep2026 07:52:24.592] [Server thread/DEBUG] [net.neoforged.neoforge.common.CommonHooks/WP]: Gathered mod list to write to world save world
[05Sep2026 07:57:24.593] [Server thread/DEBUG] [net.neoforged.neoforge.common.CommonHooks/WP]: Gathered mod list to write to world save world
[05Sep2026 08:02:24.593] [Server thread/DEBUG] [net.neoforged.neoforge.common.CommonHooks/WP]: Gathered mod list to write to world save world
[05Sep2026 08:07:24.593] [Server thread/DEBUG] [net.neoforged.neoforge.common.CommonHooks/WP]: Gathered mod list to write to world save world
[05Sep2026 08:12:24.592] [Server thread/DEBUG] [net.neoforged.neoforge.common.CommonHooks/WP]: Gathered mod list to write to world save world
[05Sep2026 08:17:24.593] [Server thread/DEBUG] [net.neoforged.neoforge.common.CommonHooks/WP]: Gathered mod list to write to world save world
[05Sep2026 08:22:24.592] [Server thread/DEBUG] [net.neoforged.neoforge.common.CommonHooks/WP]: Gathered mod list to write to world save world
[05Sep2026 08:27:24.593] [Server thread/DEBUG] [net.neoforged.neoforge.common.CommonHooks/WP]: Gathered mod list to write to world save world
[05Sep2026 08:32:24.593] [Server thread/DEBUG] [net.neoforged.neoforge.common.CommonHooks/WP]: Gathered mod list to write to world save world
[05Sep2026 08:37:24.592] [Server thread/DEBUG] [net.neoforged.neoforge.common.CommonHooks/WP]: Gathered mod list to write to world save world
[05Sep2026 08:42:24.593] [Server thread/DEBUG] [net.neoforged.neoforge.common.CommonHooks/WP]: Gathered mod list to write to world save world
[05Sep2026 08:47:24.593] [Server thread/DEBUG] [net.neoforged.neoforge.common.CommonHooks/WP]: Gathered mod list to write to world save world
[05Sep2026 08:52:24.592] [Server thread/DEBUG] [net.neoforged.neoforge.common.CommonHooks/WP]: Gathered mod list to write to world save world
[05Sep2026 08:57:24.593] [Server thread/DEBUG] [net.neoforged.neoforge.common.CommonHooks/WP]: Gathered mod list to write to world save world
[05Sep2026 09:02:24.593] [Server thread/DEBUG] [net.neoforged.neoforge.common.CommonHooks/WP]: Gathered mod list to write to world save world
[05Sep2026 09:07:24.593] [Server thread/DEBUG] [net.neoforged.neoforge.common.CommonHooks/WP]: Gathered mod list to write to world save world
[05Sep2026 09:12:24.592] [Server thread/DEBUG] [net.neoforged.neoforge.common.CommonHooks/WP]: Gathered mod list to write to world save world
[05Sep2026 09:17:24.593] [Server thread/DEBUG] [net.neoforged.neoforge.common.CommonHooks/WP]: Gathered mod list to write to world save world
[05Sep2026 09:22:24.593] [Server thread/DEBUG] [net.neoforged.neoforge.common.CommonHooks/WP]: Gathered mod list to write to world save world
[05Sep2026 09:27:24.592] [Server thread/DEBUG] [net.neoforged.neoforge.common.CommonHooks/WP]: Gathered mod list to write to world save world
[05Sep2026 09:32:24.592] [Server thread/DEBUG] [net.neoforged.neoforge.common.CommonHooks/WP]: Gathered mod list to write to world save world
[05Sep2026 09:37:24.594] [Server thread/DEBUG] [net.neoforged.neoforge.common.CommonHooks/WP]: Gathered mod list to write to world save world
[05Sep2026 09:42:24.593] [Server thread/DEBUG] [net.neoforged.neoforge.common.CommonHooks/WP]: Gathered mod list to write to world save world
[05Sep2026 09:47:24.592] [Server thread/DEBUG] [net.neoforged.neoforge.common.CommonHooks/WP]: Gathered mod list to write to world save world
[05Sep2026 09:52:24.592] [Server thread/DEBUG] [net.neoforged.neoforge.common.CommonHooks/WP]: Gathered mod list to write to world save world
[05Sep2026 09:57:24.592] [Server thread/DEBUG] [net.neoforged.neoforge.common.CommonHooks/WP]: Gathered mod list to write to world save world
[05Sep2026 10:02:24.592] [Server thread/DEBUG] [net.neoforged.neoforge.common.CommonHooks/WP]: Gathered mod list to write to world save world
[05Sep2026 10:07:24.593] [Server thread/DEBUG] [net.neoforged.neoforge.common.CommonHooks/WP]: Gathered mod list to write to world save world
[05Sep2026 10:12:24.593] [Server thread/DEBUG] [net.neoforged.neoforge.common.CommonHooks/WP]: Gathered mod list to write to world save world
[05Sep2026 10:17:24.592] [Server thread/DEBUG] [net.neoforged.neoforge.common.CommonHooks/WP]: Gathered mod list to write to world save world
[05Sep2026 10:22:24.592] [Server thread/DEBUG] [net.neoforged.neoforge.common.CommonHooks/WP]: Gathered mod list to write to world save world
[05Sep2026 10:27:24.592] [Server thread/DEBUG] [net.neoforged.neoforge.common.CommonHooks/WP]: Gathered mod list to write to world save world
[05Sep2026 10:32:24.589] [Server thread/DEBUG] [net.neoforged.neoforge.common.CommonHooks/WP]: Gathered mod list to write to world save world
[05Sep2026 10:37:24.592] [Server thread/DEBUG] [net.neoforged.neoforge.common.CommonHooks/WP]: Gathered mod list to write to world save world
[05Sep2026 10:42:24.592] [Server thread/DEBUG] [net.neoforged.neoforge.common.CommonHooks/WP]: Gathered mod list to write to world save world
[05Sep2026 10:47:24.593] [Server thread/DEBUG] [net.neoforged.neoforge.common.CommonHooks/WP]: Gathered mod list to write to world save world
[05Sep2026 10:52:24.592] [Server thread/DEBUG] [net.neoforged.neoforge.common.CommonHooks/WP]: Gathered mod list to write to world save world
[05Sep2026 10:57:24.592] [Server thread/DEBUG] [net.neoforged.neoforge.common.CommonHooks/WP]: Gathered mod list to write to world save world
[05Sep2026 11:02:24.592] [Server thread/DEBUG] [net.neoforged.neoforge.common.CommonHooks/WP]: Gathered mod list to write to world save world
[05Sep2026 11:07:24.592] [Server thread/DEBUG] [net.neoforged.neoforge.common.CommonHooks/WP]: Gathered mod list to write to world save world
[05Sep2026 11:12:24.592] [Server thread/DEBUG] [net.neoforged.neoforge.common.CommonHooks/WP]: Gathered mod list to write to world save world
[05Sep2026 11:17:24.592] [Server thread/DEBUG] [net.neoforged.neoforge.common.CommonHooks/WP]: Gathered mod list to write to world save world
[05Sep2026 11:22:24.588] [Server thread/DEBUG] [net.neoforged.neoforge.common.CommonHooks/WP]: Gathered mod list to write to world save world
[05Sep2026 11:27:24.594] [Server thread/DEBUG] [net.neoforged.neoforge.common.CommonHooks/WP]: Gathered mod list to write to world save world
[05Sep2026 11:32:24.592] [Server thread/DEBUG] [net.neoforged.neoforge.common.CommonHooks/WP]: Gathered mod list to write to world save world
[05Sep2026 11:37:24.593] [Server thread/DEBUG] [net.neoforged.neoforge.common.CommonHooks/WP]: Gathered mod list to write to world save world
[05Sep2026 11:42:24.593] [Server thread/DEBUG] [net.neoforged.neoforge.common.CommonHooks/WP]: Gathered mod list to write to world save world
[05Sep2026 11:47:24.592] [Server thread/DEBUG] [net.neoforged.neoforge.common.CommonHooks/WP]: Gathered mod list to write to world save world
[05Sep2026 11:52:24.593] [Server thread/DEBUG] [net.neoforged.neoforge.common.CommonHooks/WP]: Gathered mod list to write to world save world
[05Sep2026 11:57:24.592] [Server thread/DEBUG] [net.neoforged.neoforge.common.CommonHooks/WP]: Gathered mod list to write to world save world
[05Sep2026 12:02:24.592] [Server thread/DEBUG] [net.neoforged.neoforge.common.CommonHooks/WP]: Gathered mod list to write to world save world
[05Sep2026 12:07:24.593] [Server thread/DEBUG] [net.neoforged.neoforge.common.CommonHooks/WP]: Gathered mod list to write to world save world
[05Sep2026 12:12:24.592] [Server thread/DEBUG] [net.neoforged.neoforge.common.CommonHooks/WP]: Gathered mod list to write to world save world
[05Sep2026 12:17:24.592] [Server thread/DEBUG] [net.neoforged.neoforge.common.CommonHooks/WP]: Gathered mod list to write to world save world
[05Sep2026 12:22:24.592] [Server thread/DEBUG] [net.neoforged.neoforge.common.CommonHooks/WP]: Gathered mod list to write to world save world
[05Sep2026 12:27:24.592] [Server thread/DEBUG] [net.neoforged.neoforge.common.CommonHooks/WP]: Gathered mod list to write to world save world
[05Sep2026 12:32:24.592] [Server thread/DEBUG] [net.neoforged.neoforge.common.CommonHooks/WP]: Gathered mod list to write to world save world
[05Sep2026 12:37:24.592] [Server thread/DEBUG] [net.neoforged.neoforge.common.CommonHooks/WP]: Gathered mod list to write to world save world
[05Sep2026 12:42:24.592] [Server thread/DEBUG] [net.neoforged.neoforge.common.CommonHooks/WP]: Gathered mod list to write to world save world
[05Sep2026 12:47:24.592] [Server thread/DEBUG] [net.neoforged.neoforge.common.CommonHooks/WP]: Gathered mod list to write to world save world
[05Sep2026 12:52:24.593] [Server thread/DEBUG] [net.neoforged.neoforge.common.CommonHooks/WP]: Gathered mod list to write to world save world
[05Sep2026 12:57:24.592] [Server thread/DEBUG] [net.neoforged.neoforge.common.CommonHooks/WP]: Gathered mod list to write to world save world
[05Sep2026 13:02:24.592] [Server thread/DEBUG] [net.neoforged.neoforge.common.CommonHooks/WP]: Gathered mod list to write to world save world
[05Sep2026 13:07:24.592] [Server thread/DEBUG] [net.neoforged.neoforge.common.CommonHooks/WP]: Gathered mod list to write to world save world
[05Sep2026 13:12:24.592] [Server thread/DEBUG] [net.neoforged.neoforge.common.CommonHooks/WP]: Gathered mod list to write to world save world
[05Sep2026 13:17:24.592] [Server thread/DEBUG] [net.neoforged.neoforge.common.CommonHooks/WP]: Gathered mod list to write to world save world
[05Sep2026 13:22:24.592] [Server thread/DEBUG] [net.neoforged.neoforge.common.CommonHooks/WP]: Gathered mod list to write to world save world
[05Sep2026 13:27:24.592] [Server thread/DEBUG] [net.neoforged.neoforge.common.CommonHooks/WP]: Gathered mod list to write to world save world
[05Sep2026 13:32:24.592] [Server thread/DEBUG] [net.neoforged.neoforge.common.CommonHooks/WP]: Gathered mod list to write to world save world
[05Sep2026 13:37:24.592] [Server thread/DEBUG] [net.neoforged.neoforge.common.CommonHooks/WP]: Gathered mod list to write to world save world
[05Sep2026 13:42:24.592] [Server thread/DEBUG] [net.neoforged.neoforge.common.CommonHooks/WP]: Gathered mod list to write to world save world
[05Sep2026 13:47:24.592] [Server thread/DEBUG] [net.neoforged.neoforge.common.CommonHooks/WP]: Gathered mod list to write to world save world
[05Sep2026 13:52:24.593] [Server thread/DEBUG] [net.neoforged.neoforge.common.CommonHooks/WP]: Gathered mod list to write to world save world
[05Sep2026 13:57:24.592] [Server thread/DEBUG] [net.neoforged.neoforge.common.CommonHooks/WP]: Gathered mod list to write to world save world
[05Sep2026 14:02:24.592] [Server thread/DEBUG] [net.neoforged.neoforge.common.CommonHooks/WP]: Gathered mod list to write to world save world
[05Sep2026 14:07:24.592] [Server thread/DEBUG] [net.neoforged.neoforge.common.CommonHooks/WP]: Gathered mod list to write to world save world
[05Sep2026 14:12:24.592] [Server thread/DEBUG] [net.neoforged.neoforge.common.CommonHooks/WP]: Gathered mod list to write to world save world
[05Sep2026 14:17:24.592] [Server thread/DEBUG] [net.neoforged.neoforge.common.CommonHooks/WP]: Gathered mod list to write to world save world
[05Sep2026 14:22:24.592] [Server thread/DEBUG] [net.neoforged.neoforge.common.CommonHooks/WP]: Gathered mod list to write to world save world
[05Sep2026 14:27:24.592] [Server thread/DEBUG] [net.neoforged.neoforge.common.CommonHooks/WP]: Gathered mod list to write to world save world
[05Sep2026 14:32:24.592] [Server thread/DEBUG] [net.neoforged.neoforge.common.CommonHooks/WP]: Gathered mod list to write to world save world
[05Sep2026 14:37:24.592] [Server thread/DEBUG] [net.neoforged.neoforge.common.CommonHooks/WP]: Gathered mod list to write to world save world
[05Sep2026 14:42:24.593] [Server thread/DEBUG] [net.neoforged.neoforge.common.CommonHooks/WP]: Gathered mod list to write to world save world
[05Sep2026 14:47:24.592] [Server thread/DEBUG] [net.neoforged.neoforge.common.CommonHooks/WP]: Gathered mod list to write to world save world
[05Sep2026 14:52:24.592] [Server thread/DEBUG] [net.neoforged.neoforge.common.CommonHooks/WP]: Gathered mod list to write to world save world
[05Sep2026 14:57:24.592] [Server thread/DEBUG] [net.neoforged.neoforge.common.CommonHooks/WP]: Gathered mod list to write to world save world
[05Sep2026 15:02:24.592] [Server thread/DEBUG] [net.neoforged.neoforge.common.CommonHooks/WP]: Gathered mod list to write to world save world
[05Sep2026 15:07:24.600] [Server thread/DEBUG] [net.neoforged.neoforge.common.CommonHooks/WP]: Gathered mod list to write to world save world
[05Sep2026 15:12:24.593] [Server thread/DEBUG] [net.neoforged.neoforge.common.CommonHooks/WP]: Gathered mod list to write to world save world
[05Sep2026 15:17:24.592] [Server thread/DEBUG] [net.neoforged.neoforge.common.CommonHooks/WP]: Gathered mod list to write to world save world
[05Sep2026 15:22:24.592] [Server thread/DEBUG] [net.neoforged.neoforge.common.CommonHooks/WP]: Gathered mod list to write to world save world
[05Sep2026 15:27:24.592] [Server thread/DEBUG] [net.neoforged.neoforge.common.CommonHooks/WP]: Gathered mod list to write to world save world
[05Sep2026 15:32:24.592] [Server thread/DEBUG] [net.neoforged.neoforge.common.CommonHooks/WP]: Gathered mod list to write to world save world
[05Sep2026 15:37:24.592] [Server thread/DEBUG] [net.neoforged.neoforge.common.CommonHooks/WP]: Gathered mod list to write to world save world
[05Sep2026 15:42:24.592] [Server thread/DEBUG] [net.neoforged.neoforge.common.CommonHooks/WP]: Gathered mod list to write to world save world
[05Sep2026 15:47:24.592] [Server thread/DEBUG] [net.neoforged.neoforge.common.CommonHooks/WP]: Gathered mod list to write to world save world
[05Sep2026 15:52:24.588] [Server thread/DEBUG] [net.neoforged.neoforge.common.CommonHooks/WP]: Gathered mod list to write to world save world
[05Sep2026 15:57:24.592] [Server thread/DEBUG] [net.neoforged.neoforge.common.CommonHooks/WP]: Gathered mod list to write to world save world
[05Sep2026 16:02:24.592] [Server thread/DEBUG] [net.neoforged.neoforge.common.CommonHooks/WP]: Gathered mod list to write to world save world
[05Sep2026 16:07:24.593] [Server thread/DEBUG] [net.neoforged.neoforge.common.CommonHooks/WP]: Gathered mod list to write to world save world
[05Sep2026 16:12:24.593] [Server thread/DEBUG] [net.neoforged.neoforge.common.CommonHooks/WP]: Gathered mod list to write to world save world
[05Sep2026 16:17:24.592] [Server thread/DEBUG] [net.neoforged.neoforge.common.CommonHooks/WP]: Gathered mod list to write to world save world
[05Sep2026 16:22:24.592] [Server thread/DEBUG] [net.neoforged.neoforge.common.CommonHooks/WP]: Gathered mod list to write to world save world
[05Sep2026 16:27:24.592] [Server thread/DEBUG] [net.neoforged.neoforge.common.CommonHooks/WP]: Gathered mod list to write to world save world
[05Sep2026 16:32:24.592] [Server thread/DEBUG] [net.neoforged.neoforge.common.CommonHooks/WP]: Gathered mod list to write to world save world
[05Sep2026 16:37:24.593] [Server thread/DEBUG] [net.neoforged.neoforge.common.CommonHooks/WP]: Gathered mod list to write to world save world
[05Sep2026 16:42:24.592] [Server thread/DEBUG] [net.neoforged.neoforge.common.CommonHooks/WP]: Gathered mod list to write to world save world
[05Sep2026 16:47:24.593] [Server thread/DEBUG] [net.neoforged.neoforge.common.CommonHooks/WP]: Gathered mod list to write to world save world
[05Sep2026 16:52:24.592] [Server thread/DEBUG] [net.neoforged.neoforge.common.CommonHooks/WP]: Gathered mod list to write to world save world
[05Sep2026 16:57:24.590] [Server thread/DEBUG] [net.neoforged.neoforge.common.CommonHooks/WP]: Gathered mod list to write to world save world
[05Sep2026 17:02:24.592] [Server thread/DEBUG] [net.neoforged.neoforge.common.CommonHooks/WP]: Gathered mod list to write to world save world
[05Sep2026 17:07:24.592] [Server thread/DEBUG] [net.neoforged.neoforge.common.CommonHooks/WP]: Gathered mod list to write to world save world
[05Sep2026 17:12:24.592] [Server thread/DEBUG] [net.neoforged.neoforge.common.CommonHooks/WP]: Gathered mod list to write to world save world
[05Sep2026 17:17:24.592] [Server thread/DEBUG] [net.neoforged.neoforge.common.CommonHooks/WP]: Gathered mod list to write to world save world
[05Sep2026 17:22:24.592] [Server thread/DEBUG] [net.neoforged.neoforge.common.CommonHooks/WP]: Gathered mod list to write to world save world
[05Sep2026 17:27:24.592] [Server thread/DEBUG] [net.neoforged.neoforge.common.CommonHooks/WP]: Gathered mod list to write to world save world
[05Sep2026 17:32:24.592] [Server thread/DEBUG] [net.neoforged.neoforge.common.CommonHooks/WP]: Gathered mod list to write to world save world
[05Sep2026 17:37:24.592] [Server thread/DEBUG] [net.neoforged.neoforge.common.CommonHooks/WP]: Gathered mod list to write to world save world
[05Sep2026 17:42:24.592] [Server thread/DEBUG] [net.neoforged.neoforge.common.CommonHooks/WP]: Gathered mod list to write to world save world
